id_persona,edad,genero,ciudad_residencia,estrato_socioeconomico,frecuencia_visita,promedio_gasto_comida,ocio,consume_licor,preferencias_alimenticias,membresia_premium,telefono_contacto,correo_electronico,tipo_de_pago_mas_usado,ingresos_mensuales,nombre_completo
3456521319,61.0,Masculino,Chicago,Medio,2,23.02,Sí,Sí,Vegetariano,No,(394)853-1965,no completo,Efectivo,2838,Richard Adams
2916502228,44.0,Femenino,Chicago,Bajo,3,5.07,No,Sí,Mariscos,No,no completo,no completo,App,1365,Leah Cooper
5736368501,54.0,Femenino,Chicago,Alto,5,34.35,No,Sí,Carnes,Sí,no completo,no completo,Tarjeta,7133,Jennifer Richardson
9718391309,70.0,Femenino,Chicago,Bajo,1,6.59,No,Sí,Vegetariano,No,5093254270,no completo,Tarjeta,1205,Alyssa Bryant
9148064715,79.0,Masculino,Chicago,Muy Alto,8,78.02,No,Sí,Pescado,Sí,no completo,no completo,App,17625,Michael Cochran
5716275350,28.0,Masculino,Chicago,Medio,4,18.37,Sí,No,Pescado,Sí,no completo,fgross@example.com,Efectivo,2756,John Simon
4584891910,23.0,Masculino,Chicago,Alto,6,48.25,Sí,Sí,Mariscos,Sí,no completo,randywalter@example.com,Efectivo,6976,Michael Martinez
1118282957,77.0,Femenino,Chicago,Medio,4,28.57,No,Sí,Vegano,No,+1-668-365-9279,catherinegutierrez@example.com,Tarjeta,1788,Kelly Travis
8069035955,42.0,Femenino,Chicago,Medio,2,8.5,Sí,Sí,Vegetariano,No,321.820.3581x39795,no completo,Tarjeta,3145,Holly Hunter
8333313045,44.0,Masculino,Chicago,Medio,5,22.42,No,Sí,Mariscos,Sí,(638)260-2687x1758,jeremy18@example.net,Efectivo,2062,Gary Nguyen
2709051194,29.0,Femenino,Chicago,Alto,5,35.18,No,Sí,Carnes,Sí,no completo,no completo,Efectivo,6883,Alyssa Young
8140779790,37.0,Femenino,Chicago,Alto,6,18.74,No,Sí,Mariscos,Sí,+1-865-302-8601x1837,no completo,App,8326,Lindsay Davis
7695630064,59.0,Femenino,Chicago,Alto,3,45.97,No,Sí,Vegetariano,No,no completo,meredith32@example.com,Tarjeta,4735,Julie Davis
9337145038,38.0,Masculino,Chicago,Muy Alto,9,6.13,Sí,No,Otro,Sí,651-849-4007,williamfreeman@example.net,Efectivo,14154,Robert Mayer
2178884276,51.0,Masculino,Chicago,Muy Alto,9,60.07,No,No,Vegetariano,Sí,no completo,no completo,Efectivo,10987,Matthew Mcdaniel
8843726220,43.0,Masculino,Chicago,Medio,3,21.44,Sí,Sí,Carnes,No,no completo,chadjones@example.net,Efectivo,1690,Colin Johnson
6815177620,74.0,Masculino,Chicago,Alto,4,41.98,Sí,No,Mariscos,Sí,389-412-4152,bauerkristy@example.net,Efectivo,7923,Richard Lewis
6882074066,62.0,Masculino,Chicago,Alto,6,49.14,Sí,Sí,Carnes,Sí,no completo,tylerbaker@example.com,Efectivo,8394,Bobby Whitney
9619600836,34.0,Masculino,Chicago,Alto,5,25.29,No,Sí,Vegetariano,Sí,(670)681-1759x661,no completo,Tarjeta,8982,Timothy Brown
1997045743,46.0,Masculino,Chicago,Bajo,1,6.61,Sí,Sí,Pescado,No,no completo,stevenhale@example.com,Efectivo,1125,Robert Baker
6637880115,32.0,Masculino,Chicago,Medio,5,8.39,Sí,Sí,Mariscos,No,no completo,no completo,App,2523,Dennis Craig
9539923943,61.0,Femenino,Chicago,Bajo,3,9.11,No,No,Carnes,No,no completo,rileyrick@example.org,Efectivo,1512,Denise Garcia
7351061792,46.0,Masculino,Chicago,Muy Alto,10,88.36,No,Sí,Vegetariano,Sí,no completo,elizabeth62@example.net,Efectivo,14709,Allen Johnson
1476910050,37.0,Femenino,Chicago,Bajo,1,7.8,Sí,Sí,Pescado,No,no completo,josephmurillo@example.org,Efectivo,1004,Kimberly Meyers
9499888048,19.0,Masculino,Chicago,Alto,5,55.34,No,Sí,Carnes,Sí,no completo,no completo,App,6604,Lucas Smith
7529817193,63.0,Masculino,Chicago,Bajo,2,6.48,No,Sí,Carnes,No,no completo,drakepamela@example.net,App,973,Timothy Silva
9086147474,75.0,Femenino,Chicago,Muy Alto,9,17.03,No,No,Mariscos,Sí,no completo,no completo,Efectivo,14678,Shannon Colon
7083157218,39.0,Masculino,Chicago,Alto,6,20.82,Sí,No,Mariscos,Sí,no completo,no completo,App,3596,Russell Blake
2548678342,45.0,Masculino,Chicago,Medio,4,27.7,No,Sí,Carnes,No,300.743.3590,no completo,Tarjeta,3015,Russell Sherman
9954587710,63.0,Masculino,Chicago,Alto,4,30.78,Sí,Sí,Vegetariano,Sí,(894)414-6735x9283,karen74@example.net,Efectivo,6006,Matthew Martinez
1198168828,44.0,Masculino,Chicago,Muy Alto,3,11.45,Sí,No,Vegano,Sí,no completo,robertmarquez@example.com,Efectivo,17490,Tommy Stevens
5242015210,31.0,Femenino,Chicago,Muy Alto,7,97.43,No,No,Vegano,Sí,no completo,harrisadam@example.org,Tarjeta,10431,Diane Bailey
3137394980,69.0,Femenino,Chicago,Muy Alto,7,60.14,No,Sí,Vegetariano,Sí,601.799.5261,no completo,Efectivo,9631,Morgan Morales
3618896499,42.0,Femenino,Chicago,Medio,2,22.76,Sí,No,Carnes,No,no completo,lowebrendan@example.com,Tarjeta,2933,Karen Smith
2149470354,18.0,Femenino,Chicago,Alto,5,5.25,Sí,Sí,Otro,Sí,no completo,wileykristine@example.net,Tarjeta,6849,Kathleen Reed
2165559317,29.0,Femenino,Chicago,Muy Alto,8,40.26,Sí,Sí,Vegano,Sí,no completo,jay63@example.com,App,17944,Rachel Mccoy
1840383636,72.0,Masculino,Chicago,Muy Alto,6,49.23,No,No,Carnes,Sí,965-671-4178,no completo,App,17979,Jason Thompson
8137702525,25.0,Femenino,Chicago,Muy Alto,9,48.58,Sí,Sí,Pescado,Sí,no completo,gardnermichael@example.net,App,9535,Jennifer Harris
4025007797,33.0,Masculino,Chicago,Alto,6,52.25,Sí,Sí,Vegetariano,Sí,no completo,kanderson@example.com,Efectivo,4466,Lucas Garner
8351137276,43.0,Femenino,Chicago,Medio,2,23.22,Sí,Sí,Vegano,No,no completo,no completo,Efectivo,1973,Laura Anderson
5703979945,66.0,Masculino,Chicago,Alto,5,30.26,Sí,Sí,Pescado,Sí,(821)422-5624x437,no completo,App,6940,Thomas Green
1893328647,35.0,Femenino,Chicago,Bajo,2,7.59,Sí,Sí,Vegetariano,No,+1-810-271-7878x96753,hillkimberly@example.com,App,1229,Gloria Obrien
5802745844,62.0,Femenino,Chicago,Medio,3,13.44,No,Sí,Pescado,No,(278)561-6584x130,frankrussell@example.com,App,1688,Alison Curtis
4993943753,78.0,Femenino,Chicago,Medio,2,29.74,No,No,Vegano,Sí,no completo,johnsonsamantha@example.org,Efectivo,3124,Lisa Cummings
9084491684,34.0,Femenino,Chicago,Alto,5,57.22,No,No,Mariscos,Sí,001-575-650-7481x444,robert92@example.com,Tarjeta,5011,Carrie Wise
5087280062,56.0,Femenino,Chicago,Medio,5,26.8,No,Sí,Vegano,No,no completo,no completo,App,2423,Julia Chaney
7842251654,45.0,Femenino,Chicago,Medio,2,25.61,No,No,Carnes,No,(445)831-1571,dennis71@example.net,Criptomoneda,2739,Jennifer Green
5454664260,40.0,Masculino,Chicago,Alto,4,23.28,No,Sí,Carnes,Sí,(640)501-7550,no completo,Efectivo,5493,Tyler Mcmahon
9706868875,69.0,Femenino,Chicago,Medio,3,7.16,No,Sí,Carnes,No,no completo,lisa75@example.org,Efectivo,2256,Kayla Romero
6603749922,27.0,Masculino,Chicago,Muy Alto,5,31.73,No,Sí,Carnes,Sí,2934974980,rickgonzales@example.com,App,13441,Donald Bailey
1368605032,73.0,Femenino,Chicago,Muy Alto,7,90.43,No,Sí,Carnes,Sí,625.607.6233x2750,no completo,Criptomoneda,12948,Nicole Wiley
3034447658,63.0,Femenino,Chicago,Bajo,1,9.88,No,No,Carnes,No,no completo,no completo,Tarjeta,877,Kristen Gonzales
1936506194,30.0,Femenino,Chicago,Alto,5,10.77,Sí,Sí,Vegetariano,Sí,243-936-0620x37602,griffinterry@example.com,Tarjeta,8671,Samantha Williams
9585583837,44.0,Femenino,Chicago,Medio,4,29.46,No,Sí,Carnes,No,959.865.0002x1979,no completo,Tarjeta,3138,Melissa Ortiz
9740017641,68.0,Femenino,Chicago,Alto,4,37.62,Sí,Sí,Carnes,Sí,(680)926-1422,no completo,Tarjeta,8732,Christine Horne
4810009104,29.0,Femenino,Chicago,Medio,4,16.72,No,Sí,Carnes,No,+1-805-588-8419x362,no completo,Tarjeta,2991,Jessica Owens
5067400473,22.0,Masculino,Chicago,Bajo,1,9.19,Sí,Sí,Mariscos,No,no completo,no completo,Efectivo,948,Bobby Cox
5816527326,80.0,Femenino,Chicago,Alto,5,41.92,No,No,Vegetariano,Sí,279-870-4998x8312,no completo,Tarjeta,5136,Dana Erickson
2924460897,75.0,Femenino,Chicago,Alto,6,26.28,Sí,Sí,Vegano,Sí,345.212.9938x78843,no completo,Efectivo,7878,Joanne Whitaker
4367382040,34.0,Femenino,Chicago,Medio,2,18.88,Sí,No,Vegetariano,No,538-965-1767,no completo,App,2054,Jennifer Lee
9261957016,44.0,Femenino,Chicago,Bajo,3,9.94,No,No,Vegano,No,no completo,zamorasarah@example.com,Tarjeta,962,Tina Lynch
4254589788,61.0,Femenino,Chicago,Bajo,2,5.47,Sí,Sí,Carnes,No,(787)831-1135x492,ahill@example.com,App,1522,Zoe Wilson
5722918703,28.0,Femenino,Chicago,Medio,5,11.29,Sí,Sí,Otro,No,no completo,no completo,Tarjeta,2188,April Holmes
9058972810,62.0,Femenino,Chicago,Alto,4,53.81,No,Sí,Carnes,No,(277)911-5275,tanyacoleman@example.org,Tarjeta,5516,Amanda Brown
2315202804,44.0,Femenino,Chicago,Medio,2,10.73,Sí,Sí,Carnes,No,+1-359-770-0732x12712,no completo,Tarjeta,1743,Lisa Powell
7091250529,62.0,Femenino,Chicago,Alto,4,38.08,No,No,Pescado,Sí,no completo,qclay@example.net,Tarjeta,8472,Jennifer Fisher
6668354702,18.0,Masculino,Chicago,Alto,6,50.5,No,Sí,Vegetariano,Sí,+1-644-247-1869x41390,no completo,Efectivo,4042,Joseph Lang
7234842696,80.0,Femenino,Chicago,Medio,2,13.17,No,Sí,Otro,Sí,212-266-6206x8566,no completo,Tarjeta,2526,Andrea Jones
3249673376,79.0,Masculino,Chicago,Muy Alto,6,17.13,No,No,Vegano,Sí,(446)541-3728x112,no completo,Tarjeta,12891,Jason Gordon
3324051554,29.0,Masculino,Chicago,Alto,6,54.05,No,Sí,Otro,No,+1-755-948-5997x526,no completo,Tarjeta,4806,Michael Campbell
9934940008,38.0,Masculino,Chicago,Alto,4,7.75,Sí,Sí,Otro,Sí,400-237-4921,gmcfarland@example.com,Efectivo,4318,Anthony Moran
2929513766,62.0,Masculino,Chicago,Bajo,3,7.58,Sí,Sí,Carnes,No,no completo,no completo,App,1369,Juan Peters
4321766358,33.0,Femenino,Chicago,Bajo,1,5.9,No,Sí,Vegetariano,No,(474)715-4642,no completo,Tarjeta,1190,Vanessa Smith
8981576848,37.0,Masculino,Chicago,Medio,2,25.3,Sí,No,Carnes,No,611-748-6297x832,no completo,App,2175,Taylor Hamilton
5006254928,28.0,Masculino,Chicago,Muy Alto,9,99.88,No,Sí,Otro,Sí,+1-667-816-4843x5145,petermorris@example.org,Tarjeta,9774,Travis Barry
2275419402,21.0,Femenino,Chicago,Medio,5,13.76,No,Sí,Vegetariano,No,no completo,krista80@example.org,App,2935,Jennifer Rivera
4810352911,79.0,Femenino,Chicago,Medio,4,7.37,Sí,Sí,Mariscos,No,+1-815-639-3622x3393,rberry@example.net,Efectivo,2352,Jessica Ward
6524621697,61.0,Masculino,Chicago,Medio,3,21.35,Sí,No,Carnes,No,no completo,no completo,Tarjeta,3323,Jesse Stafford
1607078287,26.0,Masculino,Chicago,Medio,4,20.4,No,No,Vegano,Sí,407-401-2008x40758,no completo,Efectivo,1776,Kevin Walker
9753722094,77.0,Masculino,Chicago,Alto,5,36.52,Sí,Sí,Pescado,No,+1-985-273-4698x67589,no completo,Efectivo,4043,Thomas Preston
3486692500,61.0,Femenino,Chicago,Bajo,2,9.13,No,No,Mariscos,No,(757)857-6811x200,no completo,App,1287,Alicia Yates
8398862537,35.0,Masculino,Chicago,Medio,4,17.4,No,No,Vegano,No,no completo,michaelvaldez@example.org,Criptomoneda,3219,Christopher Hansen
2889192199,46.0,Masculino,Chicago,Alto,4,10.13,No,No,Carnes,Sí,no completo,no completo,Efectivo,6127,Gerald Garcia
4033164905,19.0,Femenino,Chicago,Muy Alto,10,50.71,Sí,No,Carnes,Sí,858.675.2193x26944,coreymartinez@example.org,Tarjeta,17047,Sonya Taylor
7540301973,53.0,Femenino,Chicago,Medio,4,17.37,No,Sí,Vegetariano,No,no completo,no completo,Efectivo,2095,Connie Jackson
9922452002,41.0,Masculino,Chicago,Medio,3,8.83,Sí,No,Otro,No,001-363-743-9768x25238,no completo,App,2357,Tyler Aguirre
5617569424,40.0,Femenino,Chicago,Medio,2,17.9,Sí,Sí,Carnes,No,no completo,no completo,App,2236,Charlene Molina
7725506600,45.0,Masculino,Chicago,Bajo,3,8.08,Sí,Sí,Vegetariano,No,no completo,no completo,Tarjeta,1244,Daniel Powell
9118141883,33.0,Masculino,Chicago,Alto,6,53.09,Sí,Sí,Vegetariano,Sí,996.741.4412,no completo,Tarjeta,8239,Adam Ellis
8934694323,26.0,Femenino,Chicago,Medio,3,22.89,Sí,Sí,Otro,No,(535)228-8280x82314,no completo,Efectivo,3026,Patricia Andrews
8709849092,51.0,Femenino,Chicago,Medio,5,22.15,Sí,No,Otro,No,no completo,glassdavid@example.org,Efectivo,2241,Teresa Hunt
8298372610,46.0,Femenino,Chicago,Alto,5,52.54,No,Sí,Carnes,No,828-982-6310,nathanielcooley@example.org,Tarjeta,5958,Katherine Navarro
4020889880,29.0,Masculino,Chicago,Muy Alto,6,100.06,Sí,Sí,Carnes,Sí,+1-445-368-8932,cmiller@example.net,App,16452,Charles Gallegos
1137223267,52.0,Femenino,Chicago,Bajo,1,9.94,No,No,Vegano,No,994-703-3497,no completo,Tarjeta,1040,Heather Pierce
7059591606,33.0,Masculino,Chicago,Medio,4,21.93,No,Sí,Carnes,No,no completo,no completo,Tarjeta,2688,Michael Moon
2474442265,33.0,Femenino,Chicago,Alto,4,44.99,No,No,Carnes,Sí,(627)969-0474,no completo,Tarjeta,5728,Barbara Johnson
2556411683,22.0,Femenino,Chicago,Muy Alto,5,15.59,No,Sí,Vegetariano,Sí,+1-818-203-3613x63750,brian35@example.org,App,9281,Jennifer Marsh
9356854399,25.0,Masculino,Chicago,Alto,4,36.94,Sí,Sí,Vegetariano,No,738-874-4373x053,sherrygutierrez@example.org,App,3828,Noah Mcneil
4310818259,78.0,Femenino,Chicago,Alto,6,53.95,Sí,Sí,Carnes,No,614-431-4013x9887,no completo,App,4892,Tammy Scott
2087219393,73.0,Masculino,Chicago,Bajo,3,9.3,No,No,Mariscos,No,+1-288-442-3594,no completo,Tarjeta,1525,Juan Perez
8820673474,58.0,Femenino,Chicago,Muy Alto,7,103.04,No,Sí,Vegetariano,Sí,no completo,idouglas@example.org,Tarjeta,13225,Mary Rosales
7374584386,36.0,Femenino,Chicago,Bajo,2,6.95,No,No,Carnes,No,302.632.5869x98008,no completo,App,1216,Deborah Lyons
1568185470,78.0,Femenino,Chicago,Muy Alto,7,60.35,Sí,No,Otro,Sí,+1-499-520-5103x41594,no completo,Tarjeta,17864,Sandra Compton
9116448726,80.0,Femenino,Chicago,Medio,5,22.71,No,No,Carnes,No,no completo,douglas69@example.org,Tarjeta,2626,Stacey Day
9680308246,70.0,Femenino,Chicago,Muy Alto,5,90.13,Sí,Sí,Pescado,Sí,(725)261-5636x88646,katherine69@example.com,Tarjeta,16368,Pamela Perry
1736086849,64.0,Femenino,Chicago,Alto,6,5.61,Sí,Sí,Carnes,Sí,no completo,no completo,Tarjeta,7786,Amanda Rosales
1780316263,50.0,Masculino,Chicago,Bajo,1,6.18,No,Sí,Carnes,No,no completo,no completo,Tarjeta,871,Bruce Reyes
7625866719,49.0,Masculino,Chicago,Alto,4,58.7,Sí,Sí,Otro,Sí,(794)619-0454x906,jfox@example.net,Tarjeta,3621,Eric Rios
4042413312,23.0,Femenino,Chicago,Alto,5,31.55,Sí,Sí,Carnes,Sí,no completo,no completo,Tarjeta,7929,Ruth Kim
2229872876,20.0,Masculino,Chicago,Bajo,3,5.16,No,Sí,Pescado,No,+1-351-713-9122x276,kimberly51@example.org,Efectivo,1348,Michael Spears
8442697839,71.0,Femenino,Chicago,Muy Alto,7,47.43,Sí,Sí,Vegano,Sí,no completo,no completo,Efectivo,17466,Tracey Rose
6770970113,47.0,Masculino,Chicago,Medio,3,14.54,Sí,Sí,Vegetariano,No,+1-808-978-4178,christinashannon@example.com,Efectivo,2696,Kenneth Rojas
9620935604,77.0,Masculino,Chicago,Alto,4,32.73,No,No,Vegano,No,001-433-513-8634,heather24@example.net,App,6572,John Lara
6405351998,20.0,Femenino,Chicago,Medio,5,27.64,No,Sí,Carnes,No,817-662-8510x301,stevensonanthony@example.net,App,2064,Nicole Sandoval
7471466260,58.0,Femenino,Chicago,Medio,5,14.24,No,Sí,Vegetariano,No,no completo,daisynguyen@example.com,App,1776,Eileen Rodriguez
7857947709,35.0,Femenino,Chicago,Bajo,2,6.15,No,Sí,Pescado,No,256-663-0906x6958,jennifer36@example.net,Tarjeta,1530,Jennifer Wood
3293444559,67.0,Masculino,Chicago,Bajo,3,8.47,No,Sí,Carnes,No,+1-260-257-9481x57581,no completo,App,1261,Arthur Green
8503368512,54.0,Femenino,Chicago,Alto,4,9.02,Sí,Sí,Pescado,No,no completo,mccoyjeffrey@example.org,Efectivo,7979,Briana Howard
4281901324,18.0,Femenino,Chicago,Medio,2,9.79,Sí,Sí,Mariscos,No,no completo,no completo,Efectivo,2135,Stacy Jimenez
7465834732,40.0,Masculino,Chicago,Alto,6,37.09,No,Sí,Otro,Sí,no completo,ssmith@example.net,Efectivo,7208,Frank Parker
8871979518,44.0,Femenino,Chicago,Medio,3,9.93,No,Sí,Carnes,No,no completo,franklindavid@example.net,Tarjeta,2130,Brittney Kelly
7444898579,48.0,Masculino,Chicago,Medio,4,5.39,Sí,No,Carnes,No,no completo,no completo,Efectivo,2480,Nathaniel Garcia
1892445882,59.0,Masculino,Chicago,Bajo,2,6.23,No,No,Vegetariano,No,+1-850-669-6720,tparker@example.com,App,1406,Michael Walker
3019049580,37.0,Femenino,Chicago,Alto,5,54.05,Sí,Sí,Vegetariano,Sí,no completo,no completo,Efectivo,7946,Bianca Johnson
7982725037,79.0,Masculino,Chicago,Bajo,2,9.05,No,No,Pescado,No,618-850-7113x8351,michaelcuevas@example.com,Efectivo,958,Joshua Herrera
9049737799,66.0,Masculino,Chicago,Medio,3,29.12,Sí,No,Carnes,No,no completo,no completo,Efectivo,3381,Brandon Higgins
1981971938,20.0,Masculino,Chicago,Medio,4,24.5,Sí,Sí,Otro,No,no completo,no completo,Tarjeta,2531,Corey Garcia
5649905416,43.0,Femenino,Chicago,Alto,3,33.71,Sí,Sí,Carnes,Sí,no completo,brownamy@example.com,App,6631,Jenna Green
4163547418,43.0,Femenino,Chicago,Bajo,2,5.33,Sí,No,Carnes,No,no completo,melissa10@example.com,Tarjeta,824,Danielle Paul
6183086934,70.0,Masculino,Chicago,Medio,5,28.53,No,Sí,Carnes,No,no completo,brownpamela@example.org,Tarjeta,2582,Jeremy Parrish
9511322359,26.0,Masculino,Chicago,Medio,5,22.52,No,Sí,Mariscos,No,+1-550-774-7621x98938,alexanderlong@example.com,Tarjeta,2247,Antonio Jones
8064882799,55.0,Masculino,Chicago,Medio,4,16.13,No,Sí,Carnes,No,no completo,no completo,App,3414,Ryan Sullivan
4242296823,64.0,Femenino,Chicago,Bajo,3,6.49,Sí,Sí,Carnes,No,no completo,no completo,App,1077,Lori Mcgee
9467959811,49.0,Masculino,Chicago,Alto,4,18.27,No,Sí,Carnes,No,no completo,no completo,App,5816,Scott Washington
2382129132,64.0,Masculino,Chicago,Medio,5,22.44,No,Sí,Pescado,No,+1-426-917-5154x1882,browncarlos@example.org,Efectivo,2928,Paul Miller
8314922743,19.0,Femenino,Chicago,Alto,5,19.73,Sí,Sí,Otro,Sí,001-536-946-5761x05272,lance35@example.com,App,6109,Karen Blanchard
3960592003,35.0,Femenino,Chicago,Bajo,3,6.28,Sí,Sí,Vegano,No,no completo,hvasquez@example.net,Tarjeta,1074,Victoria Krause
4623960580,32.0,Femenino,Chicago,Bajo,1,7.46,Sí,Sí,Mariscos,No,+1-878-469-0361x843,petersoneric@example.net,Tarjeta,1521,Jennifer Jones
8893852340,66.0,Femenino,Chicago,Muy Alto,8,103.28,Sí,Sí,Carnes,Sí,(566)329-0913x74128,zcooper@example.com,Tarjeta,17355,Cindy Rasmussen
3994452858,46.0,Femenino,Chicago,Muy Alto,5,13.86,No,Sí,Vegetariano,Sí,no completo,no completo,App,12505,Lori Long
3021644254,25.0,Masculino,Chicago,Bajo,1,7.64,No,Sí,Pescado,No,no completo,eduardorose@example.net,App,1196,Jimmy Figueroa
3081076755,80.0,Masculino,Chicago,Bajo,1,5.07,No,Sí,Vegetariano,No,001-845-373-4854x13236,no completo,Efectivo,1373,Andrew Stanley
7996528252,38.0,Femenino,Chicago,Bajo,1,8.68,Sí,Sí,Carnes,No,no completo,jeffrey53@example.org,App,1099,Angela Kelly
4558594751,21.0,Masculino,Chicago,Alto,4,32.53,Sí,Sí,Pescado,No,no completo,no completo,App,7478,Allen Craig
4259973452,33.0,Masculino,Chicago,Medio,5,21.78,No,Sí,Vegetariano,Sí,no completo,andrea30@example.com,Efectivo,2940,Jacob Pratt
9923542410,29.0,Femenino,Chicago,Medio,2,6.69,No,Sí,Carnes,No,9307657128,no completo,Efectivo,1807,Marie Ayala
2252055106,67.0,Femenino,Chicago,Alto,4,17.28,Sí,Sí,Otro,Sí,5907933186,no completo,Efectivo,3927,Sharon Bennett
2702311064,64.0,Masculino,Chicago,Alto,6,35.4,No,Sí,Carnes,No,no completo,no completo,Efectivo,3684,Walter Garrett
1395255255,64.0,Masculino,Chicago,Medio,3,11.36,No,Sí,Carnes,No,971.886.9868x3017,no completo,App,2475,Steve Bartlett
9830946410,50.0,Femenino,Chicago,Medio,2,10.79,Sí,Sí,Carnes,No,+1-398-420-5413x7282,smiller@example.org,Efectivo,1736,Lori Oliver
2300989802,68.0,Masculino,Chicago,Bajo,1,7.97,No,Sí,Carnes,Sí,no completo,no completo,Efectivo,923,James Knapp
9603011340,23.0,Femenino,Chicago,Medio,4,6.13,No,Sí,Vegano,No,no completo,benjamin14@example.net,App,3236,Nancy Jensen
1362218752,40.0,Femenino,Chicago,Muy Alto,10,46.1,No,Sí,Otro,Sí,2062921539,no completo,Tarjeta,16893,Wendy Saunders
8180101072,50.0,Femenino,Chicago,Medio,5,29.6,No,Sí,Vegano,No,(752)656-7678x790,no completo,App,1727,Linda Davis
9475155674,21.0,Femenino,Chicago,Bajo,2,7.64,Sí,Sí,Vegano,No,no completo,no completo,App,1266,Sandra Parrish
8778927211,56.0,Masculino,Chicago,Alto,6,55.99,No,No,Carnes,No,(572)541-9878,jasonhenderson@example.com,Efectivo,7646,Marc Lara
2249540402,23.0,Femenino,Chicago,Muy Alto,10,71.05,Sí,Sí,Vegetariano,Sí,592.211.8082,no completo,Efectivo,11408,Judy Jackson
2240467770,56.0,Femenino,Chicago,Muy Alto,5,23.34,No,No,Carnes,Sí,349-708-7699,wramirez@example.org,Tarjeta,10571,Elizabeth Gordon
8453582359,35.0,Femenino,Chicago,Medio,2,10.3,No,No,Carnes,No,no completo,sullivankimberly@example.net,Efectivo,2567,Jennifer Estrada
9261825255,29.0,Femenino,Chicago,Medio,5,25.55,Sí,Sí,Vegetariano,Sí,no completo,rhill@example.org,Efectivo,2806,Angela Stewart
4660052761,66.0,Masculino,Chicago,Alto,4,57.19,No,No,Carnes,Sí,no completo,no completo,App,4258,Noah White
4364114312,47.0,Masculino,Chicago,Medio,2,21.6,Sí,Sí,Carnes,No,+1-426-890-5947x1373,no completo,Efectivo,2002,Matthew Gonzalez
3886874711,52.0,Masculino,Chicago,Muy Alto,3,22.46,Sí,Sí,Vegetariano,Sí,no completo,no completo,App,16766,Andrew Gonzalez
7003761377,39.0,Femenino,Chicago,Medio,3,16.94,No,Sí,Mariscos,Sí,271-999-6130x6957,no completo,App,3247,Mary Romero
9562519605,33.0,Femenino,Chicago,Bajo,1,8.8,Sí,Sí,Mariscos,No,+1-522-628-2102x152,no completo,Efectivo,1549,Beth Roy
9538582379,39.0,Masculino,Chicago,Alto,5,21.23,No,No,Vegetariano,Sí,917.979.1850x641,davidrobinson@example.org,Efectivo,7562,Steven Wilson
7367666321,67.0,Femenino,Chicago,Muy Alto,10,49.38,Sí,Sí,Mariscos,Sí,no completo,qrowe@example.net,Tarjeta,11710,Charlene Williams
2409591198,26.0,Femenino,Chicago,Muy Alto,9,62.34,No,Sí,Vegano,Sí,+1-628-775-0453x282,no completo,App,15142,Lauren Spencer
5577256608,44.0,Masculino,Chicago,Medio,4,12.57,No,No,Vegetariano,No,001-828-798-9365x195,no completo,App,3474,Jared Martinez
5306977868,49.0,Masculino,Chicago,Medio,3,6.56,Sí,No,Otro,Sí,759-958-1297,no completo,Tarjeta,3485,Christopher Williams
3210629192,26.0,Femenino,Chicago,Alto,5,28.24,No,Sí,Vegano,Sí,(986)263-7021x698,no completo,Efectivo,3855,Jennifer Ford
1647008550,43.0,Femenino,Chicago,Medio,4,22.39,No,Sí,Pescado,No,no completo,westcourtney@example.net,Efectivo,3231,Melanie Ruiz
6115319619,43.0,Femenino,Chicago,Alto,5,55.16,No,Sí,Carnes,Sí,no completo,no completo,Tarjeta,5301,Emily Higgins
3291925657,35.0,Masculino,Chicago,Muy Alto,9,82.62,Sí,Sí,Carnes,Sí,no completo,jessicamartin@example.com,App,15586,Jeffrey Boyd
2626793469,75.0,Masculino,Chicago,Medio,2,12.54,Sí,Sí,Carnes,No,(846)763-9073x875,no completo,Efectivo,2634,Richard Travis
1034206213,63.0,Femenino,Chicago,Alto,4,37.54,No,Sí,Otro,Sí,726.356.8372x004,no completo,Efectivo,4413,Erin Harrison
5304529841,64.0,Masculino,Chicago,Medio,4,15.35,No,Sí,Otro,No,502.453.0072,no completo,Criptomoneda,2703,Antonio Morgan
5095053279,27.0,Femenino,Chicago,Alto,6,53.68,Sí,Sí,Carnes,No,(208)617-5970x1190,no completo,App,8338,Amanda Miller
8385427839,40.0,Femenino,Chicago,Medio,2,5.46,Sí,Sí,Vegetariano,No,931.632.8515x529,no completo,Tarjeta,1747,Maria Savage
3973225507,77.0,Masculino,Chicago,Medio,4,26.08,Sí,Sí,Carnes,No,(591)477-5086,zbryant@example.net,Tarjeta,1774,Robert Lopez
6926062765,43.0,Masculino,Chicago,Medio,3,28.16,No,Sí,Mariscos,No,2787638124,no completo,Efectivo,3339,Sean Arnold
7245511471,62.0,Masculino,Chicago,Alto,5,57.63,Sí,Sí,Pescado,Sí,no completo,no completo,Tarjeta,3956,Eduardo Tyler
2412235258,46.0,Masculino,Chicago,Medio,4,18.3,Sí,No,Pescado,No,(840)303-8160x6032,jonlee@example.com,Efectivo,3011,Ryan Peck
7872609079,74.0,Masculino,Chicago,Medio,5,18.82,No,Sí,Vegetariano,Sí,no completo,whitelinda@example.net,Efectivo,3045,Tony Butler
9518221601,42.0,Masculino,Chicago,Alto,4,6.21,No,No,Carnes,No,835.516.1234x61192,no completo,App,8036,William Strong
1674555072,20.0,Masculino,Chicago,Bajo,3,5.99,Sí,Sí,Carnes,No,001-488-999-2120x308,no completo,Tarjeta,1151,George Ruiz
1208775906,34.0,Femenino,Chicago,Alto,4,6.33,No,Sí,Vegano,Sí,(921)684-3230,no completo,Tarjeta,7761,Debra Alvarado
1993540220,19.0,Femenino,Chicago,Medio,5,23.24,Sí,Sí,Carnes,No,568.647.6259x96723,no completo,Tarjeta,2413,Kayla Davis
4881814057,49.0,Masculino,Chicago,Medio,3,26.83,Sí,Sí,Mariscos,No,610.920.3786x4118,thomas79@example.net,Efectivo,3390,Joseph Powell
3946512731,34.0,Masculino,Chicago,Medio,2,22.27,Sí,No,Vegano,No,no completo,no completo,Efectivo,1608,Sean Walker
4598016224,28.0,Masculino,Chicago,Bajo,3,6.87,No,Sí,Pescado,No,no completo,brittneystanton@example.net,Efectivo,1119,Michael Gregory
1778755680,40.0,Femenino,Chicago,Alto,6,21.97,No,No,Carnes,No,+1-709-447-2155x632,michelle88@example.com,Efectivo,8847,Tiffany Anderson
2889751592,71.0,Femenino,Chicago,Bajo,2,7.12,Sí,Sí,Carnes,No,(598)786-0000x046,jenniferdillon@example.org,App,1416,Amy Barnes
8804121811,30.0,Masculino,Chicago,Medio,3,13.74,Sí,Sí,Vegetariano,Sí,no completo,no completo,Tarjeta,1825,David Bailey
9597820720,73.0,Femenino,Chicago,Muy Alto,6,50.23,No,No,Carnes,Sí,no completo,nichole31@example.net,Tarjeta,14921,Susan Underwood
8563454214,76.0,Masculino,Chicago,Alto,5,36.05,Sí,No,Pescado,No,218.719.6247x665,no completo,Tarjeta,8260,Timothy King
6660968981,24.0,Masculino,Chicago,Muy Alto,8,7.98,No,Sí,Carnes,Sí,901-286-4357x161,no completo,Criptomoneda,15697,Thomas Brown
6286710243,26.0,Femenino,Chicago,Alto,5,39.25,No,Sí,Otro,Sí,442.738.2389,qpeterson@example.com,Efectivo,4297,Samantha Love
1205082311,55.0,Femenino,Chicago,Medio,4,23.37,Sí,No,Otro,No,(464)399-2898,no completo,App,3021,Heather Schneider
8553175739,30.0,Femenino,Chicago,Medio,2,18.54,No,Sí,Vegetariano,No,no completo,mollysparks@example.org,Tarjeta,1990,Regina Baldwin
5722062474,43.0,Masculino,Chicago,Alto,5,51.65,Sí,No,Carnes,Sí,no completo,parkerandrew@example.com,Efectivo,6045,Steven Allen
5483308751,33.0,Masculino,Chicago,Muy Alto,5,70.88,Sí,Sí,Carnes,Sí,no completo,linda35@example.com,Efectivo,11915,Stephen Santos
7984446909,45.0,Femenino,Chicago,Alto,4,50.79,No,Sí,Otro,Sí,no completo,rcurtis@example.org,Tarjeta,3911,Emma Coleman
8623270417,78.0,Femenino,Chicago,Medio,4,17.15,Sí,Sí,Otro,No,001-428-814-6565,katherinemurray@example.net,Efectivo,3173,Brittany Gonzalez
8963737643,64.0,Femenino,Chicago,Bajo,1,6.53,Sí,Sí,Mariscos,No,001-233-780-6652x567,stephanie43@example.com,App,1052,Heidi Morgan
6474033646,47.0,Femenino,Chicago,Medio,3,11.27,Sí,No,Carnes,No,+1-684-436-2017x111,no completo,Efectivo,3230,Miranda Rowe
6863332693,65.0,Femenino,Chicago,Alto,6,48.58,Sí,Sí,Vegetariano,Sí,842.543.5048x14853,no completo,Tarjeta,4974,Mallory Ramirez
6253032575,32.0,Femenino,Chicago,Medio,4,9.71,Sí,Sí,Carnes,No,325.277.3063x8556,hughescrystal@example.org,Tarjeta,2514,Kimberly Atkinson
2871241920,76.0,Femenino,Chicago,Bajo,3,8.26,No,No,Carnes,No,no completo,julie76@example.org,Tarjeta,1048,Mary Berry
8521672629,34.0,Masculino,Chicago,Alto,5,23.62,Sí,Sí,Otro,Sí,+1-579-216-1710x276,no completo,Tarjeta,6732,John Cross
3864715453,42.0,Masculino,Chicago,Medio,4,19.69,Sí,Sí,Vegetariano,No,5982414548,amberbrown@example.com,App,1736,Michael Miller
2321373053,52.0,Masculino,Chicago,Medio,3,12.6,No,Sí,Pescado,No,921-584-0766,no completo,Efectivo,1771,Eric Lee
3274611172,58.0,Femenino,Chicago,Alto,6,38.03,No,Sí,Carnes,Sí,no completo,no completo,Tarjeta,5273,Stacy Benton
9629869335,59.0,Femenino,Chicago,Alto,5,27.35,Sí,Sí,Carnes,Sí,no completo,shelbybeck@example.com,Tarjeta,7542,Dawn Nichols
5042815942,20.0,Masculino,Chicago,Bajo,3,5.31,Sí,Sí,Vegetariano,No,2546316704,no completo,Tarjeta,1502,Ryan Graham
6374644126,67.0,Masculino,Chicago,Medio,2,24.56,No,Sí,Mariscos,No,001-509-786-3316x65937,davisrachel@example.net,Efectivo,3184,Adam Davis
3439750224,56.0,Masculino,Chicago,Muy Alto,5,29.29,Sí,Sí,Vegetariano,No,587-630-1924x41892,edwinkidd@example.com,Efectivo,12081,Gregory Davies
8157719876,73.0,Masculino,Chicago,Bajo,2,8.19,Sí,Sí,Carnes,No,no completo,no completo,Tarjeta,1216,Ray Roth
8354773713,78.0,Femenino,Chicago,Alto,4,32.08,Sí,Sí,Carnes,Sí,706.290.8713x1972,lorrainesmith@example.org,App,7561,Sylvia Schwartz
4891728297,79.0,Femenino,Chicago,Alto,4,7.9,Sí,No,Vegetariano,No,510-403-1699x621,no completo,Criptomoneda,5419,Deanna Anderson
7896639483,70.0,Masculino,Chicago,Alto,4,19.33,Sí,Sí,Vegetariano,Sí,770-946-5717x3771,no completo,Efectivo,7414,James Meyers
5465848219,50.0,Masculino,Chicago,Bajo,3,5.16,Sí,No,Carnes,No,no completo,no completo,Tarjeta,1338,Derek Singh
4035117757,55.0,Femenino,Chicago,Bajo,3,5.85,No,Sí,Otro,No,+1-692-596-8123x57052,jacquelinethompson@example.org,Efectivo,1498,Jennifer Williams
4934197713,20.0,Masculino,Chicago,Medio,2,20.69,Sí,Sí,Vegano,No,+1-462-307-6694,qjohnson@example.org,Tarjeta,2559,Richard French
9981364488,24.0,Femenino,Chicago,Medio,3,11.23,No,Sí,Vegetariano,No,(388)662-0437x8815,moyeramber@example.net,Efectivo,2781,Tiffany Goodwin
3072949431,27.0,Masculino,Chicago,Medio,4,15.68,No,Sí,Vegano,No,no completo,no completo,Tarjeta,2832,Ryan Johns
6783560662,72.0,Masculino,Chicago,Alto,4,40.21,No,No,Carnes,No,no completo,no completo,Efectivo,5267,Brett Richardson
1629246754,59.0,Femenino,Chicago,Alto,6,23.48,No,No,Mariscos,No,no completo,eatonangela@example.net,Efectivo,7694,Danielle Hodges
6305189721,76.0,Masculino,Chicago,Bajo,1,7.48,No,No,Vegetariano,No,no completo,no completo,Tarjeta,1064,Matthew Turner
6937061784,72.0,Femenino,Chicago,Bajo,3,7.0,No,No,Carnes,No,no completo,rrivera@example.org,App,1259,Diana Martinez
2729321333,69.0,Femenino,Chicago,Medio,2,21.48,Sí,No,Carnes,No,991-611-2919,ronnienelson@example.org,Tarjeta,2858,Jodi Taylor
8151068566,66.0,Masculino,Chicago,Bajo,2,,No,Sí,Carnes,No,717.984.5875x862,no completo,Efectivo,1026,Jerry Watkins
8542826729,24.0,Femenino,Chicago,Bajo,1,5.87,Sí,Sí,Carnes,No,001-860-564-1668x1357,no completo,Efectivo,1476,Michelle Hickman
9369987994,50.0,Femenino,Chicago,Alto,5,24.13,Sí,Sí,Carnes,Sí,no completo,no completo,Efectivo,7343,Cindy Morgan
5495502901,27.0,Femenino,Chicago,Medio,3,28.28,No,Sí,Pescado,No,207-991-0877,matthew34@example.com,Tarjeta,1768,Jill Rodgers
7638253076,53.0,Masculino,Chicago,Medio,5,10.46,No,No,Vegetariano,No,800.393.0633,no completo,Tarjeta,2076,Richard Wade
2902502763,24.0,Masculino,Chicago,Alto,4,57.88,Sí,Sí,Carnes,Sí,no completo,cmcclain@example.com,Tarjeta,5024,Nicholas Blair
3171722069,53.0,Femenino,Chicago,Bajo,2,7.06,No,Sí,Vegano,No,no completo,no completo,App,962,Margaret Torres
2558287806,31.0,Masculino,Chicago,Medio,4,26.65,No,Sí,Otro,No,(526)839-6385x6905,no completo,Tarjeta,1719,Joseph Garcia
1036212487,40.0,Femenino,Chicago,Medio,3,16.4,Sí,Sí,Vegetariano,Sí,428-690-0567x418,no completo,App,3390,Kylie Ruiz
1807753719,40.0,Femenino,Chicago,Alto,5,44.76,Sí,No,Vegano,Sí,001-596-568-2927x307,no completo,App,5874,Kristin Floyd
2464137110,80.0,Masculino,Chicago,Medio,3,10.1,No,No,Pescado,No,no completo,charlesfox@example.com,App,3311,Kristopher Pham
3906865197,26.0,Femenino,Chicago,Alto,6,39.47,No,Sí,Otro,Sí,no completo,no completo,Tarjeta,7042,Linda Wheeler
8134243381,68.0,Masculino,Chicago,Muy Alto,10,42.87,No,Sí,Mariscos,Sí,no completo,phillip77@example.net,Efectivo,9387,Mark Andrews
7073973467,80.0,Masculino,Chicago,Muy Alto,9,102.75,Sí,No,Carnes,Sí,no completo,no completo,Tarjeta,9552,Andrew Snyder
6166847778,27.0,Masculino,Chicago,Medio,2,7.2,Sí,Sí,Pescado,No,(272)249-2598x764,qberry@example.com,Tarjeta,2810,Brian Tyler
8766339535,21.0,Masculino,Chicago,Medio,4,20.31,No,Sí,Vegetariano,No,804-778-2773x45734,no completo,Tarjeta,2584,Manuel Tran
5500116748,33.0,Femenino,Chicago,Muy Alto,8,66.81,Sí,No,Vegetariano,Sí,no completo,shenry@example.com,Efectivo,10512,Robin Baker
7989810861,25.0,Masculino,Chicago,Muy Alto,9,99.88,Sí,Sí,Carnes,Sí,(639)266-0860x489,no completo,App,10657,Jeffery Payne
5991616188,30.0,Femenino,Chicago,Medio,2,21.22,Sí,Sí,Carnes,No,(589)345-6189x1349,no completo,Efectivo,1999,Margaret Mcclain
4898440913,64.0,Masculino,Chicago,Alto,3,45.41,Sí,Sí,Carnes,No,268.925.4132x146,no completo,Efectivo,7464,Dustin Best
3773570124,31.0,Femenino,Chicago,Medio,5,20.73,No,Sí,Carnes,Sí,no completo,no completo,Efectivo,2645,Casey Hunter
5065017813,40.0,Masculino,Chicago,Medio,2,19.64,Sí,No,Vegano,No,2383504486,no completo,App,2717,Aaron Collins
7076339937,46.0,Masculino,Chicago,Medio,5,22.3,Sí,Sí,Pescado,No,(838)347-3659x276,rangeljames@example.net,Tarjeta,1630,James Koch
2256103929,71.0,Femenino,Chicago,Alto,5,32.44,No,Sí,Carnes,Sí,286-350-4870x87284,no completo,App,6683,Denise Soto
6329388257,61.0,Masculino,Chicago,Medio,3,13.98,No,Sí,Carnes,No,742-834-8983x76389,no completo,Efectivo,2340,Miguel Hubbard
3291300350,24.0,Masculino,Chicago,Alto,6,22.87,No,Sí,Vegetariano,Sí,660-202-5300x958,no completo,App,4596,Nathaniel Swanson
5897158445,22.0,Masculino,Chicago,Muy Alto,10,69.57,Sí,Sí,Carnes,Sí,no completo,no completo,Tarjeta,16146,James Dunn
8151557476,67.0,Femenino,Chicago,Bajo,2,8.63,No,Sí,Otro,No,203.944.1844x043,michael40@example.com,Tarjeta,1240,Maureen Flores
3640949789,33.0,Femenino,Chicago,Muy Alto,9,12.81,Sí,Sí,Mariscos,Sí,no completo,no completo,Tarjeta,16105,Nichole Vega
6095331206,54.0,Femenino,Chicago,Alto,4,16.89,Sí,Sí,Carnes,No,381-385-0120x83892,rmckee@example.com,App,5198,Sheryl Bradford
9839935220,32.0,Femenino,Chicago,Alto,5,24.59,No,No,Otro,Sí,no completo,rparker@example.net,App,8303,Christina Garrison
7367149900,18.0,Femenino,Chicago,Bajo,2,9.49,No,Sí,Vegetariano,No,no completo,no completo,Efectivo,1235,Melissa Joyce
3721975060,78.0,Masculino,Chicago,Bajo,3,5.82,Sí,Sí,Vegetariano,No,(927)935-5879,sharonrobertson@example.net,Tarjeta,1222,Chris Jenkins
8355554562,52.0,Femenino,Chicago,Muy Alto,10,95.35,No,Sí,Carnes,No,no completo,hgomez@example.net,Tarjeta,15118,Andrea Reeves
8799522966,55.0,Femenino,Chicago,Medio,2,20.43,No,No,Otro,No,772-543-3491x10045,no completo,Tarjeta,2985,Susan Rojas
2632531424,61.0,Masculino,Chicago,Alto,4,41.71,Sí,Sí,Carnes,Sí,no completo,brett19@example.com,Efectivo,6016,Spencer Smith
5953676315,48.0,Femenino,Chicago,Alto,6,19.39,Sí,No,Vegano,Sí,no completo,lauren84@example.com,Efectivo,5100,Jamie Jordan
4384375283,28.0,Femenino,Chicago,Alto,6,48.35,No,Sí,Pescado,Sí,no completo,no completo,Tarjeta,5589,Kristi Foley
3620220878,26.0,Femenino,Chicago,Alto,6,42.44,Sí,Sí,Mariscos,Sí,+1-692-596-8123x57052,mistyrobles@example.com,Efectivo,4768,Jennifer Williams
3652998107,80.0,Masculino,Chicago,Medio,3,24.53,Sí,Sí,Pescado,No,no completo,hayesdavid@example.org,Tarjeta,3470,Nicholas Robertson
9789256117,49.0,Femenino,Chicago,Medio,3,22.22,Sí,Sí,Mariscos,No,394-295-5682,ilynch@example.net,Efectivo,2650,Stacey Johnson
2213140390,52.0,Femenino,Chicago,Muy Alto,9,50.71,Sí,Sí,Mariscos,Sí,753.559.6623x5467,no completo,Efectivo,12398,Faith Roberts
2051194393,49.0,Masculino,Chicago,Alto,5,38.52,No,No,Carnes,Sí,no completo,no completo,Tarjeta,5371,Christopher Schultz
3619328497,21.0,Masculino,Chicago,Muy Alto,10,86.12,Sí,Sí,Carnes,Sí,(848)339-9120,no completo,Efectivo,12886,Cody Hickman
6213476583,58.0,Femenino,Chicago,Medio,2,29.09,No,Sí,Mariscos,Sí,no completo,wrightmichael@example.net,Efectivo,3077,Erin Owens
8177932148,67.0,Masculino,Chicago,Alto,4,7.19,Sí,No,Vegano,Sí,no completo,eugenecole@example.com,App,6008,Jacob Farrell
8782799001,27.0,Masculino,Chicago,Alto,6,30.89,Sí,Sí,Carnes,No,+1-303-554-6128x05439,ericfuller@example.com,Efectivo,6769,Richard Johnson
2234929990,69.0,Masculino,Chicago,Alto,5,7.3,Sí,No,Vegetariano,No,001-886-518-8918,katie12@example.com,App,7599,Aaron Cross
4463500791,50.0,Masculino,Chicago,Medio,5,24.65,No,Sí,Carnes,No,865-603-2077x2615,erikarodriguez@example.com,Tarjeta,2183,Jared Moran
3332335039,50.0,Masculino,Chicago,Medio,2,13.4,Sí,Sí,Vegetariano,No,9464572118,jamie59@example.com,App,1877,Cory Reyes
7809247958,72.0,Masculino,Chicago,Muy Alto,10,87.69,No,Sí,Mariscos,Sí,no completo,richard38@example.net,App,14335,Michael Lopez
7792391252,29.0,Femenino,Chicago,Alto,4,9.61,No,Sí,Carnes,Sí,no completo,no completo,App,7662,Amanda Moore
7913174714,46.0,Femenino,Chicago,Alto,4,58.18,No,Sí,Vegano,No,836-644-5923,ibarber@example.com,App,6079,Beth Powell
7115094199,63.0,Femenino,Chicago,Alto,4,48.19,No,No,Carnes,No,(355)595-6923,mcclurekaitlyn@example.com,App,7382,Sarah Reyes
9172188378,72.0,Femenino,Chicago,Bajo,1,7.84,Sí,No,Vegano,No,754.930.7141x7471,no completo,Efectivo,1211,Susan Krause
9224718806,49.0,Femenino,Chicago,Bajo,1,,No,No,Pescado,No,no completo,mortonlinda@example.com,Tarjeta,978,Paula Spears
6605727343,66.0,Femenino,Chicago,Medio,4,23.41,Sí,Sí,Carnes,No,no completo,gwilliams@example.com,Efectivo,1948,Amanda Ayala
6580815214,79.0,Femenino,Chicago,Bajo,3,7.01,No,No,Vegano,No,914-707-3191,opaul@example.org,App,1318,Sabrina Castillo
9736235869,53.0,Femenino,Chicago,Bajo,1,8.46,No,Sí,Carnes,No,no completo,no completo,App,1408,Dana Taylor
2064348736,28.0,Femenino,Chicago,Bajo,1,9.57,Sí,Sí,Mariscos,No,no completo,qmurphy@example.com,Tarjeta,1333,Jamie Luna
8420277232,70.0,Masculino,Chicago,Muy Alto,6,55.81,Sí,Sí,Carnes,Sí,no completo,robertquinn@example.org,Tarjeta,12195,Joshua Livingston
5279857565,33.0,Masculino,Chicago,Alto,4,45.18,Sí,No,Carnes,Sí,no completo,no completo,Efectivo,8945,Javier Shannon
7085248253,49.0,Femenino,Chicago,Muy Alto,5,93.58,Sí,No,Vegetariano,Sí,no completo,robert54@example.org,App,16851,Jennifer Ramos
6410007309,50.0,Masculino,Chicago,Alto,6,8.58,Sí,No,Vegano,Sí,677.578.7313x50357,no completo,App,8022,Todd Lee
8547465921,55.0,Masculino,Chicago,Muy Alto,8,65.11,No,Sí,Pescado,Sí,888.863.0407x419,craiggriffith@example.org,App,10308,John Ortiz
6448508300,30.0,Masculino,Chicago,Medio,5,29.97,No,Sí,Vegetariano,No,+1-734-730-6903,eadams@example.com,Efectivo,2219,Terry Williams
9459422017,28.0,Masculino,Chicago,Alto,6,5.37,No,Sí,Pescado,No,+1-866-829-2319x122,wgomez@example.org,Efectivo,5198,Cory Pena
3687000830,65.0,Masculino,Chicago,Medio,5,26.16,No,No,Vegetariano,No,779-498-7346x89391,no completo,Tarjeta,1655,Keith Edwards
7750763475,35.0,Femenino,Chicago,Bajo,1,7.08,No,No,Carnes,No,no completo,no completo,App,1116,Tabitha Powell
5621536018,76.0,Femenino,Chicago,Alto,5,50.76,No,Sí,Vegetariano,Sí,no completo,cherylsharp@example.org,Efectivo,4886,Cheryl Lloyd
7969660467,41.0,Femenino,Chicago,Alto,6,23.32,No,Sí,Pescado,Sí,no completo,marshalljerry@example.com,Efectivo,6448,Mary Reyes
9824406356,56.0,Femenino,Chicago,Medio,5,29.14,Sí,Sí,Mariscos,No,001-794-635-6951x3947,josephhughes@example.com,Efectivo,3093,Rachel Kennedy
7237130742,79.0,Masculino,Chicago,Muy Alto,6,82.82,No,Sí,Carnes,Sí,no completo,no completo,Tarjeta,9060,Sean Davis
1041960043,46.0,Masculino,Chicago,Alto,5,14.81,No,No,Vegano,Sí,no completo,no completo,Efectivo,6798,Trevor Morgan
1420696156,55.0,Femenino,Chicago,Bajo,3,5.09,Sí,No,Vegano,No,no completo,natashahardin@example.com,Efectivo,1291,Angela Palmer
6526943085,51.0,Masculino,Chicago,Alto,4,38.83,Sí,Sí,Pescado,Sí,no completo,lynchdanielle@example.com,App,7913,Gregg Ritter
7062514906,50.0,Femenino,Chicago,Bajo,2,5.47,No,No,Mariscos,No,no completo,no completo,App,896,Stephanie Thomas
8190602705,71.0,Femenino,Chicago,Alto,6,45.24,Sí,No,Otro,Sí,no completo,no completo,Tarjeta,5985,Danielle Davis
5913698582,30.0,Femenino,Chicago,Medio,5,17.43,Sí,Sí,Carnes,No,no completo,haleywilliams@example.com,Tarjeta,3346,Mary Madden
7028389807,59.0,Femenino,Chicago,Medio,2,19.72,Sí,No,Pescado,No,no completo,yatesanthony@example.org,App,2222,Ana Thomas
5044141808,37.0,Femenino,Chicago,Alto,6,55.69,Sí,No,Carnes,Sí,617.661.3798x867,samantha73@example.com,App,5908,Jessica Jackson
1228615871,34.0,Masculino,Chicago,Alto,5,13.96,Sí,Sí,Carnes,Sí,no completo,frederickkristin@example.net,Tarjeta,5688,Oscar Wright
4102693976,68.0,Masculino,Chicago,Alto,6,28.45,No,No,Pescado,Sí,no completo,no completo,Tarjeta,7726,Danny Gilbert
9792623509,22.0,Masculino,Chicago,Muy Alto,3,22.91,No,Sí,Mariscos,No,(666)630-3172x1162,carlmoss@example.net,Tarjeta,14117,Austin Johns
5440855649,38.0,Masculino,Chicago,Bajo,1,8.99,Sí,No,Mariscos,No,001-224-276-9389x502,no completo,Efectivo,899,James Fritz
2945857110,45.0,Masculino,Chicago,Medio,4,22.88,Sí,No,Vegetariano,No,(594)220-4763,no completo,App,1914,Bryce Ramirez
4792261745,76.0,Femenino,Chicago,Bajo,3,7.15,Sí,No,Carnes,No,no completo,no completo,Efectivo,1029,Deborah Huff
6060784316,78.0,Femenino,Chicago,Medio,3,27.14,Sí,No,Vegetariano,No,no completo,sarah32@example.org,Efectivo,2248,Amanda Hurley
6433453122,26.0,Femenino,Chicago,Bajo,2,8.62,No,Sí,Vegano,No,no completo,no completo,Efectivo,954,Anna Spence
8532520509,53.0,Femenino,Chicago,Alto,5,17.57,No,Sí,Vegetariano,No,no completo,no completo,Efectivo,7136,Tiffany Curry
8545986937,59.0,Masculino,Chicago,Medio,4,9.04,Sí,Sí,Pescado,No,7533767041,rossrebecca@example.net,Tarjeta,2808,Charles Brown
9955017329,59.0,Femenino,Chicago,Alto,6,8.12,No,Sí,Carnes,Sí,no completo,no completo,Tarjeta,4856,Sheila Richardson
8534964249,59.0,Masculino,Chicago,Medio,5,25.05,Sí,Sí,Carnes,No,001-226-912-6404,no completo,Efectivo,3291,Corey Sanchez
1895694103,47.0,Femenino,Chicago,Muy Alto,7,39.03,Sí,Sí,Carnes,Sí,no completo,no completo,Efectivo,12736,Lori Brooks
5722154355,74.0,Masculino,Chicago,Bajo,3,5.79,No,No,Vegano,No,no completo,rhurst@example.org,Tarjeta,1162,Robert Henderson
5532828602,36.0,Femenino,Chicago,Bajo,3,8.53,No,Sí,Vegetariano,No,no completo,no completo,Criptomoneda,950,Stephanie Juarez
9321902955,45.0,Femenino,Chicago,Medio,5,27.44,Sí,No,Vegetariano,Sí,(557)420-0712x0813,daniel25@example.com,Tarjeta,1668,Abigail Davis
6333283561,74.0,Masculino,Chicago,Medio,5,18.77,Sí,No,Pescado,No,no completo,xwallace@example.net,Tarjeta,2488,Cody Franklin
1423296554,56.0,Femenino,Chicago,Medio,4,16.04,Sí,Sí,Carnes,Sí,no completo,no completo,App,1786,Kendra Lutz
3333160319,48.0,Femenino,Chicago,Medio,3,18.77,Sí,Sí,Carnes,Sí,no completo,gutierrezkimberly@example.com,App,2222,Heather Navarro
8571100146,73.0,Femenino,Chicago,Alto,5,52.81,Sí,Sí,Otro,Sí,(626)365-2826,donnamoore@example.org,Tarjeta,7538,Claudia Mullins
6602298084,60.0,Femenino,Chicago,Medio,3,10.7,Sí,Sí,Carnes,No,no completo,mpearson@example.com,App,2987,Samantha Sullivan
8349469337,38.0,Masculino,Chicago,Muy Alto,10,89.46,Sí,Sí,Vegetariano,Sí,912-627-4731,rossdale@example.org,Tarjeta,17760,Jonathan Joyce
8653024839,72.0,Femenino,Chicago,Bajo,1,6.7,Sí,Sí,Pescado,No,no completo,no completo,Efectivo,1134,Valerie Hogan
6750965191,38.0,Masculino,Chicago,Medio,2,13.49,Sí,No,Carnes,No,620-542-5634,no completo,Efectivo,2343,Kevin Murray
9128820465,75.0,Masculino,Chicago,Alto,3,43.58,No,Sí,Mariscos,Sí,no completo,allendouglas@example.com,App,4519,Tyler Morales
6841611158,57.0,Masculino,Chicago,Alto,4,32.54,No,No,Mariscos,No,no completo,no completo,App,3873,Bradley Reynolds
6351923934,20.0,Masculino,Chicago,Medio,3,23.31,No,Sí,Carnes,No,874-536-9468x054,no completo,Tarjeta,2147,Andrew Lee
8934927891,34.0,Femenino,Chicago,Alto,6,30.28,No,Sí,Vegetariano,Sí,no completo,stephanie37@example.net,Tarjeta,4863,Caitlin Pacheco
6016200419,41.0,Femenino,Chicago,Medio,3,14.59,No,No,Carnes,No,(756)562-8852,thompsonchristopher@example.com,App,2630,Wendy Grimes
1352594753,68.0,Masculino,Chicago,Alto,6,29.9,Sí,Sí,Vegetariano,Sí,816.999.4391x856,no completo,Tarjeta,6584,James Thomas
3115340169,66.0,Masculino,Chicago,Bajo,3,7.03,No,No,Carnes,No,287-454-0657,kellypeters@example.org,Tarjeta,1531,Jon Martinez
8333210351,33.0,Femenino,Chicago,Muy Alto,6,36.69,No,Sí,Vegetariano,Sí,no completo,velezjames@example.org,Efectivo,17709,Christina Griffith
9867333036,22.0,Masculino,Chicago,Muy Alto,5,10.84,Sí,Sí,Otro,Sí,(503)837-7747x467,no completo,Tarjeta,10677,James Kline
6340387387,65.0,Masculino,Chicago,Alto,6,51.04,No,Sí,Mariscos,No,no completo,no completo,App,3687,Nicholas Montoya
7312212321,49.0,Masculino,Chicago,Muy Alto,7,33.58,No,No,Mariscos,Sí,no completo,no completo,Tarjeta,13273,Mitchell Jensen
7198190085,20.0,Femenino,Chicago,Medio,4,24.47,No,Sí,Otro,No,826.767.1625x626,gdorsey@example.com,App,2607,Julia Campbell
4478719374,74.0,Femenino,Chicago,Medio,3,28.08,No,No,Mariscos,Sí,857-726-5213,no completo,Efectivo,2368,Wendy Mccall
1523808688,58.0,Femenino,Chicago,Medio,3,9.68,Sí,Sí,Vegetariano,No,(843)867-5800,no completo,Efectivo,1771,Ashley Martin
2967947250,22.0,Femenino,Chicago,Bajo,2,6.02,No,Sí,Carnes,No,538.341.7502x278,no completo,Tarjeta,960,Morgan Morrison
3545406888,62.0,Femenino,Chicago,Medio,3,23.17,Sí,Sí,Vegano,No,8243263632,no completo,Efectivo,2112,Kathleen Vazquez
2304253610,19.0,Femenino,Chicago,Medio,3,11.33,No,Sí,Vegetariano,No,no completo,wongashley@example.net,App,2859,Jill Cunningham
6374703625,42.0,Masculino,Chicago,Alto,4,17.31,No,No,Carnes,Sí,+1-833-307-2731x25696,no completo,Tarjeta,6616,David Martin
6786043791,23.0,Masculino,Chicago,Bajo,2,7.5,No,Sí,Vegano,No,no completo,no completo,Efectivo,1202,Paul Stout
4890891246,21.0,Femenino,Chicago,Medio,2,23.49,Sí,Sí,Vegano,No,391-464-6312,dianawalker@example.net,App,2801,Tracy Mccarthy
3147963295,58.0,Femenino,Chicago,Medio,5,11.26,Sí,No,Mariscos,No,no completo,no completo,App,2522,Jodi George
5368645970,26.0,Femenino,Chicago,Bajo,1,9.48,No,Sí,Vegetariano,No,(202)218-1299x57858,fisherann@example.com,Efectivo,1174,Lisa Vaughan
7065030776,72.0,Masculino,Chicago,Medio,4,15.53,Sí,No,Vegetariano,Sí,4502731441,johnsonjennifer@example.com,App,2998,Christopher Scott
7996030750,72.0,Femenino,Chicago,Medio,5,24.65,Sí,Sí,Vegetariano,No,no completo,cory33@example.org,App,2209,Susan Baker
7917872081,35.0,Femenino,Chicago,Alto,5,36.19,No,Sí,Carnes,Sí,236-565-2041x0268,margaretreid@example.com,Efectivo,8064,Michelle Gomez
7634421476,29.0,Masculino,Chicago,Bajo,1,8.76,No,Sí,Carnes,No,no completo,travissmith@example.net,App,1049,Francis Herman
6924716023,38.0,Masculino,Chicago,Medio,5,17.69,Sí,Sí,Carnes,Sí,no completo,ckirby@example.net,Efectivo,2130,Dwayne Adams
1315686781,23.0,Femenino,Chicago,Alto,6,46.97,Sí,Sí,Vegetariano,Sí,no completo,kevinjohnson@example.org,Efectivo,6720,Jessica Johnson
4859106140,31.0,Femenino,Chicago,Medio,2,9.58,Sí,No,Vegano,No,no completo,no completo,Tarjeta,3449,Megan Martin
6363261350,75.0,Masculino,Chicago,Medio,2,28.54,No,Sí,Carnes,No,312-656-3747x6266,adkinsvictor@example.net,Efectivo,1940,Robert Ryan
5713714758,74.0,Masculino,Chicago,Muy Alto,10,66.59,Sí,Sí,Mariscos,Sí,no completo,no completo,Tarjeta,15088,Richard Thomas
9285531461,71.0,Masculino,Chicago,Bajo,3,7.64,No,No,Carnes,No,3989114900,no completo,Tarjeta,1162,Nicholas Gonzales
5772615781,24.0,Femenino,Chicago,Muy Alto,10,36.0,No,Sí,Pescado,Sí,525.533.9719x022,melissaramirez@example.com,Tarjeta,15774,Jessica Brown
4327751608,32.0,Femenino,Chicago,Alto,6,30.97,Sí,Sí,Mariscos,Sí,no completo,staceydouglas@example.org,App,3683,Jo Harris
8646882118,27.0,Masculino,Chicago,Alto,6,20.61,No,Sí,Carnes,No,513.662.3329x1946,domingueztara@example.org,Tarjeta,7863,John Brown
4721351171,39.0,Femenino,Chicago,Bajo,2,9.07,No,No,Carnes,No,no completo,no completo,Efectivo,1146,Nancy Mack
2020679111,61.0,Femenino,Chicago,Medio,2,6.63,Sí,No,Pescado,No,(266)563-7243x805,xgutierrez@example.net,App,2581,Sara Dixon
7845071320,61.0,Masculino,Chicago,Muy Alto,7,68.84,Sí,Sí,Vegetariano,No,no completo,no completo,Tarjeta,13219,Ryan Larsen
1158929824,63.0,Masculino,Chicago,Medio,2,29.5,Sí,Sí,Carnes,No,no completo,no completo,Tarjeta,2293,David Pearson
7504017397,74.0,Femenino,Chicago,Muy Alto,7,42.35,No,Sí,Carnes,Sí,+1-286-958-3968x271,preeves@example.net,Efectivo,15082,Patricia Harrington
4201075995,48.0,Masculino,Chicago,Muy Alto,5,38.75,Sí,No,Carnes,Sí,no completo,no completo,Tarjeta,11652,Ian Watson
4245846308,61.0,Masculino,Chicago,Medio,4,25.2,Sí,Sí,Carnes,Sí,(219)271-7182x313,no completo,Efectivo,2575,Michael Freeman
6278832139,60.0,Femenino,Chicago,Muy Alto,7,40.8,Sí,No,Carnes,Sí,no completo,iruiz@example.org,Efectivo,11010,Katrina Salazar
5106442139,66.0,Masculino,Chicago,Bajo,3,7.89,No,Sí,Carnes,No,215.950.9023,veronica04@example.net,App,981,Ronald Payne
4586599377,47.0,Femenino,Chicago,Medio,3,23.54,No,Sí,Carnes,No,001-236-235-4704,no completo,Efectivo,3008,Dana Lopez
4251813322,54.0,Femenino,Chicago,Medio,4,12.21,No,No,Carnes,Sí,(887)472-9188x44376,no completo,Efectivo,1943,Tina Sharp
9614048844,75.0,Masculino,Chicago,Bajo,2,7.96,No,No,Carnes,No,no completo,nhernandez@example.net,App,939,Bryan Evans
9264884678,69.0,Femenino,Chicago,Bajo,3,7.6,No,Sí,Carnes,No,no completo,arodriguez@example.net,Efectivo,1466,Amanda Whitney
8151668116,67.0,Femenino,Chicago,Medio,4,24.27,Sí,Sí,Vegetariano,Sí,001-696-371-4527x32619,no completo,App,2300,Kaylee Park
9673312714,80.0,Masculino,Chicago,Alto,6,57.79,No,Sí,Carnes,Sí,552-570-6243x3653,nunezpatricia@example.org,Efectivo,3833,Reginald Odonnell
2994056084,35.0,Femenino,Chicago,Alto,6,,Sí,No,Vegetariano,No,no completo,no completo,Tarjeta,4317,Maria Collins
8855538725,67.0,Femenino,Chicago,Bajo,3,6.79,Sí,Sí,Carnes,No,no completo,charlesgonzalez@example.com,Criptomoneda,1366,Judy Ruiz
9071271723,22.0,Masculino,Chicago,Muy Alto,5,41.89,No,No,Vegetariano,Sí,001-833-820-4287x039,jesusross@example.org,Efectivo,17626,Jacob Richardson
1393667326,23.0,Masculino,Chicago,Alto,4,14.58,Sí,Sí,Carnes,No,no completo,no completo,Efectivo,5948,Billy Henry
1651163226,54.0,Femenino,Chicago,Medio,3,18.27,No,No,Pescado,Sí,no completo,rgriffin@example.net,Efectivo,2949,Sierra Watts
1092735983,58.0,Femenino,Chicago,Muy Alto,5,5.83,No,No,Mariscos,Sí,+1-493-711-0264x31795,hectortate@example.net,Efectivo,17638,Tracy Golden
6745597442,26.0,Femenino,Chicago,Alto,5,37.53,Sí,Sí,Carnes,Sí,001-247-823-2388x77693,carlhernandez@example.com,Tarjeta,4679,Angela Bass
7397875236,18.0,Masculino,Chicago,Medio,2,9.32,No,Sí,Mariscos,Sí,no completo,no completo,Tarjeta,3497,Robert Delgado
4525430750,65.0,Femenino,Chicago,Medio,2,6.94,Sí,Sí,Carnes,No,979.618.5846,no completo,App,2429,Mackenzie Bowman
2945574776,80.0,Masculino,Chicago,Alto,5,31.92,Sí,Sí,Carnes,No,925.507.5320x81593,no completo,App,8448,Douglas Gutierrez
2071701052,63.0,Masculino,Chicago,Bajo,1,5.26,No,Sí,Mariscos,No,(332)545-4541,krista54@example.org,Efectivo,880,Jeremy Morales
6048096802,72.0,Masculino,Chicago,Bajo,2,6.86,No,No,Otro,No,(757)293-7218x7735,no completo,Efectivo,1143,Jeffrey Carr
1588097152,75.0,Masculino,Chicago,Medio,3,28.76,Sí,No,Otro,No,238.936.1281x32748,juliasmith@example.com,Efectivo,1824,Troy Mendoza
4742681842,47.0,Masculino,Chicago,Medio,4,16.53,Sí,No,Carnes,No,no completo,no completo,App,2861,Scott Francis
3066356631,58.0,Femenino,Chicago,Medio,3,5.23,No,No,Pescado,No,+1-386-657-3179x985,no completo,App,2651,Kristin Hughes
2058367805,79.0,Femenino,Chicago,Bajo,1,6.85,Sí,No,Vegetariano,No,no completo,hilldavid@example.org,App,1354,Colleen Fuentes
8127735101,24.0,Femenino,Chicago,Alto,4,42.94,No,Sí,Otro,No,no completo,debbie36@example.net,Tarjeta,4623,Jamie Turner
5869046804,68.0,Masculino,Chicago,Bajo,1,9.64,Sí,Sí,Pescado,No,6654279612,no completo,App,1485,Thomas Brown
2213412237,60.0,Femenino,Chicago,Muy Alto,5,23.2,No,Sí,Pescado,Sí,no completo,no completo,Efectivo,10349,Tammy Hammond
6197708712,31.0,Masculino,Chicago,Medio,4,16.3,Sí,Sí,Carnes,No,no completo,pauljohnson@example.com,Tarjeta,3090,Edward Butler
2001141593,29.0,Masculino,Chicago,Medio,2,7.25,No,Sí,Carnes,Sí,+1-805-627-0008x67643,no completo,Efectivo,3244,Sean Rodriguez
9095263528,55.0,Masculino,Chicago,Bajo,3,6.47,Sí,Sí,Vegano,No,+1-943-220-6894,melissa58@example.net,Efectivo,1163,William Ford
2277950614,59.0,Masculino,Chicago,Medio,5,21.39,No,No,Pescado,No,001-613-348-2767x699,earcher@example.org,Efectivo,3348,Todd Watkins
8833889083,46.0,Masculino,Chicago,Medio,4,12.9,No,Sí,Vegano,No,no completo,no completo,Tarjeta,3071,Christopher Cobb
5927571882,68.0,Masculino,Chicago,Bajo,1,8.4,Sí,No,Otro,No,280-881-1668,no completo,Tarjeta,1083,Paul Chambers
7796433898,42.0,Masculino,Chicago,Medio,3,29.12,No,Sí,Mariscos,No,no completo,morrispatrick@example.net,Efectivo,1748,Caleb Marquez
2203423402,21.0,Femenino,Chicago,Muy Alto,6,72.53,No,Sí,Vegetariano,Sí,no completo,hmitchell@example.org,Efectivo,9368,Nicole Christian
3607959128,22.0,Masculino,Chicago,Bajo,3,7.71,No,Sí,Mariscos,No,(340)883-5630x145,no completo,Criptomoneda,1033,Derek Dixon
9006793532,47.0,Femenino,Chicago,Alto,4,6.74,Sí,Sí,Carnes,No,+1-399-606-2514x5930,jonathanjones@example.net,Efectivo,4196,Katherine Johnson
4687903383,47.0,Femenino,Chicago,Bajo,2,8.52,Sí,Sí,Pescado,No,no completo,no completo,Tarjeta,1394,Phyllis Thomas
3738996728,39.0,Masculino,Chicago,Alto,6,35.05,Sí,No,Vegano,Sí,+1-681-966-5981,vasquezveronica@example.org,App,3748,Jacob Howard
4556736597,40.0,Femenino,Chicago,Alto,6,26.01,Sí,Sí,Vegano,Sí,222.757.4236x758,nicole04@example.net,App,8255,Rebecca Burnett
1172684301,44.0,Masculino,Chicago,Bajo,3,9.86,No,No,Carnes,No,no completo,xhoward@example.net,App,974,Kevin Long
2853165178,30.0,Masculino,Chicago,Muy Alto,3,88.99,Sí,Sí,Mariscos,Sí,no completo,moniquesingleton@example.org,App,14170,Michael Cook
1070988942,53.0,Femenino,Chicago,Medio,2,8.98,No,Sí,Otro,No,509-638-0126x6018,brian32@example.com,App,3426,Diane Curtis
5492818960,19.0,Femenino,Chicago,Medio,2,12.99,Sí,Sí,Otro,No,no completo,gbrown@example.com,Tarjeta,1677,Bonnie Cole
9163812104,61.0,Masculino,Chicago,Muy Alto,8,35.59,Sí,Sí,Mariscos,Sí,930.687.8091,no completo,App,9232,John Mitchell
7648837045,51.0,Femenino,Chicago,Alto,4,17.3,No,No,Carnes,Sí,no completo,edwardserin@example.net,Efectivo,8713,Kellie Lee
1006168190,49.0,Masculino,Chicago,Alto,6,57.26,Sí,No,Mariscos,Sí,318-680-5058x389,no completo,Efectivo,7577,Dustin Yoder
3753821527,36.0,Masculino,Chicago,Bajo,1,9.22,Sí,Sí,Vegano,No,413-261-6726x877,no completo,App,970,Mark Roberts
7748240117,45.0,Masculino,Chicago,Alto,5,39.57,Sí,No,Otro,No,476.837.7306x03617,no completo,Efectivo,6390,John Mercer
6830144919,49.0,Femenino,Chicago,Alto,3,21.04,Sí,No,Mariscos,Sí,981.246.5897x3750,no completo,Tarjeta,6391,Leah Jimenez
4411482830,40.0,Masculino,Chicago,Alto,5,33.08,No,No,Carnes,Sí,+1-788-713-5285x9076,no completo,Tarjeta,4161,Daniel Erickson
8088031498,73.0,Masculino,Chicago,Bajo,3,9.39,No,No,Vegetariano,No,707-810-7264,no completo,App,808,Chad Brown
4334155196,62.0,Masculino,Chicago,Alto,4,58.07,Sí,No,Otro,Sí,+1-923-963-0627,amyhart@example.org,Tarjeta,8920,Kirk Harrell
4876833928,42.0,Masculino,Chicago,Alto,5,6.71,Sí,Sí,Carnes,No,001-546-894-8711x2567,no completo,Tarjeta,6253,Jeffrey Jensen
4842234134,65.0,Masculino,Chicago,Medio,5,12.63,No,Sí,Carnes,No,no completo,no completo,Efectivo,3234,Vincent Harding
5808289503,30.0,Masculino,Chicago,Bajo,3,9.59,Sí,Sí,Carnes,No,(611)632-3042,no completo,Tarjeta,813,Kevin Welch
9328492778,64.0,Masculino,Chicago,Medio,3,23.35,No,Sí,Pescado,No,232.748.2721,donovandouglas@example.com,Tarjeta,2342,James Johnson
3594156388,42.0,Masculino,Chicago,Bajo,2,8.64,Sí,No,Vegetariano,No,no completo,crystalcooper@example.net,Tarjeta,1191,Brandon Figueroa
2649479425,43.0,Masculino,Chicago,Medio,5,9.35,No,Sí,Vegetariano,No,no completo,no completo,Criptomoneda,2508,Ethan Pruitt
6467052616,49.0,Femenino,Chicago,Medio,5,28.1,Sí,Sí,Vegano,Sí,(502)527-1975x609,lwest@example.net,App,2602,Elizabeth Mills
7780959817,76.0,Masculino,Chicago,Medio,4,18.68,No,Sí,Pescado,No,(949)613-3161x4538,hhickman@example.com,Tarjeta,3160,Jonathan Preston
4175917932,79.0,Femenino,Chicago,Medio,4,27.94,No,No,Otro,No,001-314-850-6161x5072,mayrobert@example.org,App,3381,Tara Lawson
9135679214,66.0,Femenino,Chicago,Medio,5,9.37,No,No,Carnes,No,739.797.0351,vjensen@example.org,Tarjeta,2417,Deborah Hernandez
3715795548,60.0,Masculino,Chicago,Alto,6,15.51,Sí,No,Vegano,No,no completo,smithgina@example.com,Tarjeta,4190,Russell Mason
6091273294,24.0,Femenino,Chicago,Bajo,3,9.26,Sí,Sí,Vegetariano,No,467-650-2209,awilliams@example.org,Efectivo,1445,Christine Moore
1078230898,64.0,Femenino,Chicago,Medio,5,6.99,Sí,No,Carnes,No,no completo,carriebowers@example.net,Tarjeta,2515,Ashley Garcia
3840412106,26.0,Femenino,Chicago,Muy Alto,7,69.21,No,Sí,Carnes,Sí,no completo,no completo,Efectivo,16070,Martha Cochran
3306867876,27.0,Femenino,Chicago,Medio,3,6.08,Sí,Sí,Carnes,No,709.447.9342x05177,no completo,Tarjeta,3185,Courtney Peterson
8540990094,75.0,Masculino,Chicago,Alto,6,36.86,No,Sí,Vegetariano,Sí,no completo,no completo,Efectivo,4535,Chad Davis
2353725181,56.0,Femenino,Chicago,Alto,4,57.95,Sí,Sí,Vegetariano,No,367.584.1231x561,joshuaferguson@example.com,Tarjeta,4076,Patricia Brown
4131867260,29.0,Femenino,Chicago,Medio,2,28.23,Sí,Sí,Vegetariano,No,933-909-1906,no completo,App,1999,Karen Browning
2983672651,69.0,Femenino,Chicago,Alto,4,52.7,No,Sí,Carnes,Sí,no completo,no completo,App,4582,Hannah Alvarado
1662976399,37.0,Femenino,Chicago,Muy Alto,8,35.86,Sí,No,Carnes,Sí,no completo,hebertjoanna@example.net,Efectivo,15214,Tina Meza
7475684019,47.0,Masculino,Chicago,Alto,6,9.03,Sí,No,Otro,Sí,(380)772-0090,no completo,Tarjeta,7238,Jesse Stephens
6441633259,29.0,Femenino,Chicago,Medio,4,14.68,Sí,Sí,Vegetariano,No,no completo,no completo,Efectivo,2294,Kelly Porter
6864443882,48.0,Masculino,Chicago,Medio,4,26.1,Sí,No,Vegetariano,Sí,9597085641,no completo,Efectivo,2170,Joe Davis
8450973709,77.0,Masculino,Chicago,Alto,4,13.3,Sí,No,Carnes,No,8336271766,no completo,App,5577,Andres Burke
6124341827,45.0,Masculino,Chicago,Medio,5,22.71,No,No,Vegetariano,No,408.628.1646x665,no completo,Efectivo,2347,Michael Martin
7816166316,62.0,Femenino,Chicago,Bajo,1,7.01,Sí,Sí,Mariscos,No,no completo,no completo,App,1506,Kimberly Smith
9296492310,56.0,Masculino,Chicago,Medio,4,20.79,Sí,No,Carnes,No,941.597.1024x51991,no completo,Tarjeta,3413,Matthew Bradford
4585541728,36.0,Masculino,Chicago,Medio,4,15.64,Sí,Sí,Vegetariano,No,no completo,jessicaadkins@example.com,Tarjeta,2344,Steven Adkins
9732473171,51.0,Femenino,Chicago,Alto,5,32.61,Sí,Sí,Carnes,Sí,(247)867-1005x1198,no completo,App,5113,Andrea Williams
8942331330,20.0,Femenino,Chicago,Medio,2,10.72,No,Sí,Carnes,No,+1-973-252-0006x333,colonbobby@example.com,App,1663,Angela Liu
3344758807,50.0,Masculino,Chicago,Muy Alto,8,22.11,No,Sí,Vegano,Sí,245.599.6194,pfigueroa@example.org,App,17905,Vincent Hernandez
9294666194,21.0,Femenino,Chicago,Alto,6,52.37,Sí,No,Mariscos,No,888.496.0852x232,josehayden@example.org,Tarjeta,6108,Loretta Smith
3303090267,38.0,Femenino,Chicago,Medio,3,27.05,Sí,Sí,Carnes,No,001-678-421-4127,jasmine71@example.com,Efectivo,3267,Sheryl Cook
3941085140,76.0,Femenino,Chicago,Alto,6,40.31,Sí,Sí,Mariscos,Sí,001-247-842-8810,bethmcintosh@example.net,Efectivo,4312,Tanya Jackson
5359582487,23.0,Femenino,Chicago,Muy Alto,9,90.22,No,Sí,Carnes,Sí,(547)841-2754,connie26@example.net,Efectivo,17830,Lauren King
4503187911,64.0,Femenino,Chicago,Alto,4,42.31,Sí,Sí,Carnes,Sí,(842)323-4174x39711,no completo,Efectivo,5558,Michelle Sanchez
4566318669,22.0,Masculino,Chicago,Bajo,2,9.79,Sí,Sí,Carnes,No,434-839-8388x534,no completo,App,1553,Allen Wolf
1697125957,39.0,Femenino,Chicago,Medio,4,22.26,No,Sí,Vegetariano,No,no completo,no completo,Efectivo,1890,Connie Reynolds
3039713271,52.0,Femenino,Chicago,Medio,2,18.49,Sí,Sí,Pescado,Sí,839-563-3177,no completo,App,2851,Mary Foster
7881778087,51.0,Masculino,Chicago,Medio,2,6.93,Sí,Sí,Pescado,No,no completo,charles54@example.org,Tarjeta,2019,Brandon Patel
4833373615,34.0,Femenino,Chicago,Muy Alto,7,29.38,Sí,Sí,Vegetariano,Sí,001-681-241-6764x50786,dvasquez@example.com,Tarjeta,11269,Katherine Becker
3550908958,42.0,Masculino,Chicago,Alto,6,17.13,Sí,Sí,Vegetariano,Sí,no completo,no completo,Efectivo,4443,Oscar Martinez
4187988846,71.0,Masculino,Chicago,Muy Alto,9,98.81,Sí,No,Carnes,Sí,no completo,fostermelissa@example.org,Tarjeta,13510,Bradley Walker
9041759939,71.0,Femenino,Chicago,Bajo,3,7.82,No,No,Carnes,No,no completo,jsingh@example.net,Efectivo,1073,Tonya Joseph
7273725488,54.0,Masculino,Chicago,Alto,6,38.88,No,No,Mariscos,Sí,no completo,no completo,Efectivo,4672,Jacob Case
6089063141,55.0,Masculino,Chicago,Bajo,1,8.77,No,No,Vegetariano,No,no completo,charleschan@example.net,App,948,Alexander Hopkins
6578666394,64.0,Femenino,Chicago,Muy Alto,9,33.64,No,Sí,Carnes,Sí,+1-400-573-5900x7401,yreyes@example.com,Tarjeta,12530,Brittany Peterson
1294590834,24.0,Femenino,Chicago,Medio,3,7.48,No,Sí,Vegetariano,No,+1-311-287-9619x20850,no completo,Tarjeta,3352,Lisa Cook
8941609261,32.0,Masculino,Chicago,Bajo,2,6.2,Sí,Sí,Carnes,No,no completo,no completo,Efectivo,1587,Henry Moore
5313915933,47.0,Masculino,Chicago,Medio,4,21.92,No,Sí,Carnes,Sí,+1-516-911-0948,no completo,Efectivo,2728,Christopher Anderson
7218193207,59.0,Femenino,Chicago,Alto,6,15.44,No,Sí,Vegetariano,Sí,841-207-5092x068,no completo,App,5032,Lori Taylor
7508349372,21.0,Femenino,Chicago,Alto,6,39.52,No,Sí,Carnes,Sí,001-900-636-6802,no completo,Efectivo,6243,Kathleen Thomas
3035761595,77.0,Femenino,Chicago,Medio,4,22.94,Sí,No,Mariscos,No,no completo,no completo,Criptomoneda,3287,Roberta Valdez
1725746234,43.0,Masculino,Chicago,Medio,3,11.59,No,No,Otro,No,no completo,woodnicole@example.org,Efectivo,3236,Adrian Deleon
2761637648,67.0,Masculino,Chicago,Medio,4,22.72,No,No,Carnes,No,703.313.9816x7343,no completo,Tarjeta,1700,Jose Flowers
7967363739,49.0,Femenino,Chicago,Muy Alto,5,21.31,No,No,Pescado,Sí,001-726-882-9337x24065,no completo,Efectivo,17713,Linda Randolph
4125758723,66.0,Femenino,Chicago,Alto,5,5.36,Sí,Sí,Otro,No,no completo,no completo,Tarjeta,6875,Andrea Neal
8281641403,73.0,Masculino,Chicago,Medio,3,10.19,Sí,Sí,Carnes,No,no completo,marciagriffin@example.com,Efectivo,3264,Jacob Daniel
8925856505,44.0,Femenino,Chicago,Alto,6,,Sí,Sí,Otro,Sí,no completo,no completo,Efectivo,7089,Ashley Torres
1306602396,77.0,Femenino,Chicago,Muy Alto,6,30.53,No,Sí,Carnes,Sí,2754624275,tiffany87@example.org,Tarjeta,15284,April Edwards
9625522564,40.0,Femenino,Chicago,Bajo,3,8.15,No,Sí,Otro,No,no completo,no completo,Tarjeta,1586,Breanna Harrison
4647797507,70.0,Femenino,Chicago,Medio,2,15.34,No,Sí,Carnes,No,no completo,allisonhernandez@example.com,App,2997,Anne Peterson
7524368542,19.0,Femenino,Chicago,Bajo,1,7.95,Sí,Sí,Vegetariano,No,no completo,no completo,Tarjeta,1358,Samantha Perez
3147487660,39.0,Masculino,Chicago,Bajo,2,6.33,No,Sí,Pescado,No,no completo,michaelsutton@example.com,Efectivo,1478,Todd Martinez
2352018428,73.0,Femenino,Chicago,Medio,2,15.64,Sí,Sí,Pescado,No,no completo,jbryan@example.com,Efectivo,2250,Elizabeth Lopez
9911329062,50.0,Masculino,Chicago,Medio,4,9.86,Sí,Sí,Otro,No,(528)506-4204,icalhoun@example.org,App,2878,Leonard Boyle
7633803213,50.0,Femenino,Chicago,Medio,5,28.9,No,Sí,Vegetariano,No,no completo,james14@example.org,Efectivo,2022,Sarah Walker
4521880435,79.0,Masculino,Chicago,Bajo,3,7.94,Sí,Sí,Carnes,No,506.882.5753,no completo,Tarjeta,1416,Matthew Mayer
2076341629,27.0,Masculino,Chicago,Bajo,1,5.85,Sí,Sí,Carnes,No,no completo,no completo,Tarjeta,1337,Dustin Lewis
5988052808,26.0,Masculino,Chicago,Alto,3,20.44,No,Sí,Carnes,Sí,no completo,deannacline@example.org,Efectivo,6270,Edward Johnston
7752591527,52.0,Femenino,Chicago,Medio,2,17.41,Sí,No,Mariscos,No,no completo,medinajames@example.net,Efectivo,2982,Julie Luna
2846977028,65.0,Femenino,Chicago,Medio,4,13.37,No,Sí,Otro,No,(492)664-0614,no completo,Tarjeta,2627,Rachel Shaffer
7403065218,28.0,Femenino,Chicago,Alto,6,47.78,No,No,Pescado,Sí,no completo,no completo,Tarjeta,8849,Karen Wilson
2622262713,64.0,Masculino,Chicago,Medio,2,29.82,Sí,Sí,Carnes,No,no completo,no completo,App,2212,Dustin Smith
2573108158,44.0,Masculino,Chicago,Alto,5,33.65,No,Sí,Carnes,Sí,806.266.6320x66595,no completo,Tarjeta,5248,Danny Lewis
4666491795,43.0,Femenino,Chicago,Alto,6,45.88,Sí,Sí,Carnes,No,no completo,ysmith@example.org,App,3567,Kimberly Eaton
3602494716,75.0,Femenino,Chicago,Medio,4,22.96,Sí,Sí,Otro,Sí,+1-380-501-4476x2238,no completo,Tarjeta,2570,Melissa Brown
7666869046,50.0,Femenino,Chicago,Muy Alto,8,50.15,No,Sí,Vegetariano,Sí,2169487615,no completo,App,12561,Elizabeth Byrd
2880070874,27.0,Femenino,Chicago,Medio,4,7.75,Sí,Sí,Vegetariano,No,no completo,no completo,Efectivo,2597,Brenda Galloway
4724110138,29.0,Femenino,Chicago,Bajo,1,7.56,Sí,Sí,Vegetariano,No,756-418-0215x83904,no completo,Efectivo,982,Barbara Morales
1826700966,18.0,Masculino,Chicago,Muy Alto,3,67.26,Sí,Sí,Vegetariano,Sí,(844)987-4111,vkelly@example.com,Efectivo,9938,Michael Bennett
6051515351,39.0,Femenino,Chicago,Bajo,2,5.41,Sí,Sí,Carnes,No,922.865.7760,kim73@example.org,App,1499,Lindsay Greene
7150363994,63.0,Femenino,Chicago,Alto,6,29.67,No,Sí,Carnes,Sí,no completo,no completo,Tarjeta,5066,Gloria Henry
8534977387,55.0,Masculino,Chicago,Medio,2,20.03,Sí,No,Carnes,No,no completo,jimmy40@example.org,App,2092,Juan Marks
7747423487,23.0,Masculino,Chicago,Bajo,3,6.98,No,Sí,Vegetariano,No,(374)700-2023x49448,gregory09@example.org,App,1521,Christopher Davis
2411844389,24.0,Masculino,Chicago,Bajo,1,7.65,Sí,Sí,Carnes,No,no completo,no completo,App,1545,Luke Goodman
9084427417,51.0,Masculino,Chicago,Bajo,2,7.43,No,No,Vegano,No,332-660-0342x9286,bethbrewer@example.com,Tarjeta,1544,Christopher Valentine
2017041448,35.0,Masculino,Chicago,Bajo,3,6.23,Sí,No,Carnes,No,no completo,wjones@example.net,Efectivo,1171,Michael Thompson
4726992894,26.0,Masculino,Chicago,Medio,3,23.49,Sí,Sí,Vegetariano,No,001-927-630-2945,blakeriggs@example.com,App,2183,Ryan Chandler
9260707155,63.0,Femenino,Chicago,Alto,4,51.48,Sí,Sí,Carnes,Sí,no completo,no completo,App,4494,Claudia Medina
1862274520,53.0,Femenino,Chicago,Bajo,1,6.51,Sí,Sí,Carnes,No,no completo,msnyder@example.net,Tarjeta,1180,Susan Clarke
5951375416,22.0,Masculino,Chicago,Alto,5,24.78,Sí,Sí,Vegano,Sí,no completo,nicholsonbreanna@example.com,Tarjeta,7663,Sean Weaver
5519607470,66.0,Femenino,Chicago,Muy Alto,6,48.94,Sí,No,Otro,Sí,439-795-5265,no completo,App,15772,Linda Swanson
4034047118,51.0,Masculino,Chicago,Bajo,2,6.04,No,Sí,Vegetariano,No,no completo,no completo,Tarjeta,1470,Christopher Moore
7688723108,22.0,Femenino,Chicago,Bajo,3,6.17,Sí,Sí,Otro,No,435.549.2715,robertgarcia@example.org,App,1248,Kimberly Mayo
7914144480,31.0,Femenino,Chicago,Medio,4,25.73,No,No,Carnes,No,001-940-848-2261x550,mcdowellkaitlin@example.net,Efectivo,2799,Suzanne Wright
4497217225,70.0,Masculino,Chicago,Alto,5,6.86,Sí,Sí,Vegetariano,No,848-362-7012x680,jeremyphelps@example.net,Efectivo,8121,Matthew Williams
5309172294,26.0,Masculino,Chicago,Alto,6,23.03,Sí,Sí,Carnes,No,405-991-2581x0706,no completo,App,7894,Steven Johnson
9394233625,27.0,Masculino,Chicago,Medio,2,9.35,Sí,Sí,Vegano,No,no completo,dunnshelia@example.com,Efectivo,2577,Randy Randolph
1864541803,67.0,Femenino,Chicago,Muy Alto,8,57.58,No,No,Carnes,Sí,no completo,no completo,Tarjeta,11004,Brenda Ruiz
6458618273,23.0,Masculino,Chicago,Alto,5,6.36,Sí,No,Vegano,Sí,7214088148,no completo,App,5775,Mark Lang
2711913377,27.0,Masculino,Chicago,Medio,4,28.79,Sí,Sí,Vegano,No,001-313-582-6715x3552,khubbard@example.com,App,2041,Stephen Weaver
6649827836,79.0,Femenino,Chicago,Medio,4,5.9,No,No,Otro,No,968.862.1403x8091,jocelyngreer@example.com,App,1785,Katherine Fisher
7805745017,53.0,Femenino,Chicago,Alto,6,29.79,No,Sí,Vegetariano,Sí,992.204.9314,douglas57@example.net,Efectivo,5861,Andrea Brooks
2696818623,25.0,Masculino,Chicago,Alto,5,12.04,No,Sí,Vegetariano,Sí,no completo,no completo,App,4274,Charles Russell
7830239139,18.0,Masculino,Chicago,Medio,4,18.7,Sí,Sí,Carnes,No,no completo,robert14@example.com,Efectivo,3173,Edwin Davenport
7437253943,56.0,Masculino,Chicago,Medio,2,29.68,Sí,No,Carnes,No,no completo,varellano@example.com,App,2109,Adam Herring
5753253590,66.0,Masculino,Chicago,Medio,2,15.11,No,Sí,Vegetariano,Sí,628.853.4244x55127,mclaughlinchristina@example.com,Efectivo,2904,Ronald Cannon
2381661997,76.0,Femenino,Chicago,Medio,2,29.91,Sí,No,Carnes,No,no completo,yjohnson@example.org,Efectivo,2614,Stephanie Schmidt
8563007469,30.0,Femenino,Chicago,Muy Alto,10,100.29,Sí,Sí,Otro,Sí,899-285-1912x1821,no completo,App,13128,Linda Myers
1532820121,45.0,Masculino,Chicago,Alto,5,45.61,Sí,Sí,Vegetariano,Sí,no completo,no completo,App,7299,Travis Park
8353126871,80.0,Femenino,Chicago,Alto,6,14.26,Sí,Sí,Carnes,Sí,001-571-626-4301x503,danielrobinson@example.net,Efectivo,8565,Heather Wilson
7107060632,58.0,Masculino,Chicago,Medio,3,29.08,No,Sí,Vegano,No,001-577-984-4464x691,vincentchandler@example.com,Tarjeta,1715,Scott Simmons
2570641687,67.0,Masculino,Chicago,Medio,2,14.85,No,No,Mariscos,No,001-693-711-7665,no completo,Criptomoneda,2802,Rodney Gonzales
2280403099,35.0,Masculino,Chicago,Medio,3,13.38,Sí,Sí,Vegetariano,No,no completo,gabriellebruce@example.com,Tarjeta,3079,Eric Logan
8987178288,43.0,Masculino,Chicago,Medio,5,16.25,No,Sí,Vegano,No,no completo,kevinponce@example.org,Efectivo,3139,David Johnson
7473919076,40.0,Masculino,Chicago,Medio,4,15.19,Sí,Sí,Carnes,No,no completo,jrobinson@example.org,App,3170,Bill Kelly
2149984890,30.0,Masculino,Chicago,Bajo,1,5.63,Sí,Sí,Carnes,No,447-248-8796x140,no completo,App,1386,Nicholas Carter
2175945569,51.0,Masculino,Chicago,Bajo,2,7.88,Sí,No,Carnes,No,597-595-9405x1230,jill51@example.org,Tarjeta,1168,Ryan Edwards
6005088174,37.0,Masculino,Chicago,Medio,3,7.63,Sí,Sí,Carnes,Sí,no completo,no completo,Tarjeta,1971,Keith Lane
5322769469,59.0,Femenino,Chicago,Medio,3,24.86,Sí,Sí,Vegano,No,no completo,no completo,Efectivo,1940,Megan Burnett
6880804196,73.0,Femenino,Chicago,Bajo,2,7.88,No,Sí,Carnes,No,663.508.5107x980,hillmichaela@example.net,Tarjeta,916,Holly Sawyer
5801174046,41.0,Masculino,Chicago,Bajo,3,5.69,Sí,Sí,Vegetariano,No,no completo,gravesbradley@example.net,Tarjeta,1239,Jeffery Morales
7177851367,42.0,Masculino,Chicago,Muy Alto,5,58.8,No,No,Otro,No,+1-788-719-8088x451,no completo,Efectivo,16704,Scott Griffin
7996944190,31.0,Femenino,Chicago,Muy Alto,10,72.72,No,No,Carnes,Sí,5374221820,katherinecoffey@example.net,Efectivo,9967,Katherine Zhang
7203864779,42.0,Femenino,Chicago,Bajo,2,8.24,Sí,Sí,Vegetariano,No,no completo,zrogers@example.org,App,1165,Lynn Carter
6562434335,74.0,Masculino,Chicago,Medio,4,24.98,Sí,No,Carnes,No,978.999.5522x56180,no completo,Tarjeta,2151,Peter Torres
8924068862,58.0,Femenino,Chicago,Bajo,2,6.54,No,No,Carnes,No,(862)388-7141x8626,unichols@example.com,Tarjeta,1413,Shannon Gonzalez
1741070243,25.0,Femenino,Chicago,Medio,3,25.77,Sí,Sí,Carnes,Sí,001-478-396-5887,no completo,Tarjeta,2413,Jessica Estes
6505706239,44.0,Masculino,Chicago,Medio,2,16.09,Sí,No,Carnes,No,no completo,no completo,Efectivo,3051,Mark Edwards
2838366072,52.0,Masculino,Chicago,Medio,5,6.75,No,No,Mariscos,No,775.276.9214x6604,no completo,Efectivo,2084,Daniel Doyle
9942155842,22.0,Masculino,Chicago,Muy Alto,10,46.51,No,Sí,Mariscos,Sí,no completo,collinsjessica@example.net,App,13362,David Graham
9710461781,69.0,Masculino,Chicago,Bajo,3,8.02,Sí,No,Carnes,No,(795)280-2139,no completo,Efectivo,1189,Gilbert Smith
6213356588,69.0,Femenino,Chicago,Bajo,1,9.27,Sí,No,Carnes,No,366-646-6791x3801,kanesandra@example.net,Efectivo,1162,Jamie Smith
3442667754,75.0,Masculino,Chicago,Medio,3,28.54,No,No,Mariscos,No,800.600.1807,markadkins@example.net,Efectivo,1903,Frank Delgado
5247754307,55.0,Masculino,Chicago,Medio,2,14.83,Sí,Sí,Carnes,No,no completo,no completo,Tarjeta,3158,Steve Willis
4515617641,50.0,Femenino,Chicago,Medio,5,19.09,No,Sí,Carnes,No,no completo,zacharyhansen@example.org,App,2559,Alexandra Harris
2371174693,34.0,Masculino,Chicago,Medio,3,21.55,Sí,Sí,Vegano,No,(824)753-2444x190,rbailey@example.org,Efectivo,2433,Caleb Doyle
9818680148,36.0,Femenino,Chicago,Bajo,2,5.93,Sí,No,Mariscos,No,no completo,no completo,Tarjeta,1291,Nicole Jenkins
9959316663,34.0,Masculino,Chicago,Medio,3,28.63,Sí,No,Vegetariano,No,no completo,no completo,Efectivo,2629,Daniel Bender
6711086931,45.0,Masculino,Chicago,Bajo,3,9.78,No,Sí,Carnes,No,704.507.9638,jacobclark@example.org,Tarjeta,1543,Jacob Marks
4137245394,31.0,Masculino,Chicago,Alto,6,32.61,No,Sí,Carnes,Sí,(271)640-1731x073,no completo,Efectivo,5671,Thomas Lawson
1703362952,44.0,Masculino,Chicago,Bajo,2,6.82,No,No,Otro,No,no completo,no completo,App,1563,Matthew Prince
7547648273,42.0,Femenino,Chicago,Bajo,2,7.2,Sí,Sí,Vegetariano,No,no completo,no completo,Efectivo,1353,Kara Mann
5586862564,37.0,Masculino,Chicago,Bajo,3,9.05,No,Sí,Vegetariano,No,001-942-442-2588,samuelstewart@example.org,Tarjeta,1545,Anthony Phillips
3268891859,62.0,Femenino,Chicago,Alto,6,40.06,No,Sí,Carnes,Sí,7604943632,austinelizabeth@example.net,App,6276,Shawna Hernandez
2311597141,61.0,Femenino,Chicago,Alto,4,38.58,No,Sí,Mariscos,Sí,no completo,glandry@example.net,Efectivo,8996,Allison Smith
7127584892,39.0,Femenino,Chicago,Alto,3,59.22,Sí,Sí,Vegetariano,No,9873978229,no completo,Efectivo,3936,Lori Caldwell
6659676478,76.0,Masculino,Chicago,Muy Alto,5,31.67,No,Sí,Pescado,Sí,855-818-0295,no completo,Efectivo,15281,William Turner
9063095518,19.0,Femenino,Chicago,Bajo,1,7.32,No,Sí,Carnes,No,869-906-8548,no completo,Tarjeta,1100,Kathleen Smith
4852198387,36.0,Masculino,Chicago,Alto,3,7.7,No,Sí,Otro,Sí,no completo,no completo,Tarjeta,6552,Garrett Nguyen
6679319196,57.0,Masculino,Chicago,Medio,4,19.34,No,Sí,Carnes,No,no completo,seancobb@example.net,App,3013,Johnny Mcconnell
8325043570,29.0,Femenino,Chicago,Muy Alto,5,58.11,Sí,Sí,Mariscos,Sí,637-403-9202,martinezdaniel@example.com,App,15246,Molly Wolfe
4345526911,75.0,Femenino,Chicago,Medio,3,5.11,Sí,No,Carnes,No,001-376-253-4473x639,jason49@example.com,Efectivo,3423,Kelsey Snyder
6520997534,29.0,Masculino,Chicago,Alto,6,47.29,No,Sí,Vegano,Sí,437.599.5089,no completo,App,8158,Andrew Kaufman
4050161122,42.0,Masculino,Chicago,Muy Alto,6,57.6,Sí,No,Carnes,Sí,997.736.5823,tracy07@example.com,Efectivo,13120,Patrick Conner
4915529276,74.0,Femenino,Chicago,Muy Alto,10,82.71,No,Sí,Carnes,Sí,no completo,no completo,App,14730,Christine Vazquez
8554790282,29.0,Masculino,Chicago,Alto,6,22.96,No,Sí,Pescado,Sí,no completo,no completo,App,7154,Craig Hayes
2900706092,63.0,Masculino,Chicago,Medio,2,12.65,No,No,Carnes,No,no completo,hintonrichard@example.com,Efectivo,3328,Martin Ochoa
7194467511,45.0,Femenino,Chicago,Alto,3,50.32,Sí,No,Otro,Sí,no completo,no completo,App,7033,Glenda Whitaker
7599991412,63.0,Masculino,Chicago,Medio,3,10.47,Sí,Sí,Otro,No,001-806-713-8363,no completo,Efectivo,3300,Victor Mayer
8854469576,74.0,Femenino,Chicago,Alto,4,30.81,No,No,Vegetariano,No,507.521.1622x8788,stephenbenton@example.org,App,7927,Lisa Gonzales
4437690152,34.0,Masculino,Chicago,Alto,6,46.74,No,Sí,Carnes,No,001-216-733-5018x83605,no completo,App,8415,Philip Jenkins
8968364599,59.0,Femenino,Chicago,Medio,3,13.11,No,Sí,Vegetariano,No,no completo,fbradley@example.net,Tarjeta,2582,Anna Rivera
3953969835,78.0,Femenino,Chicago,Medio,4,23.67,No,Sí,Mariscos,No,no completo,jhill@example.com,Efectivo,2027,Evelyn Meyer
2973888646,25.0,Femenino,Chicago,Bajo,3,5.16,No,Sí,Carnes,No,615.639.7929,jameshall@example.net,Efectivo,1146,Debbie Velez
9826843917,60.0,Masculino,Chicago,Medio,2,10.61,No,Sí,Carnes,No,(661)748-1637x113,no completo,Tarjeta,3293,Brian Johnson
4403845222,51.0,Femenino,Chicago,Alto,5,16.03,Sí,Sí,Vegetariano,Sí,465.770.5356x325,jonesshawn@example.com,Efectivo,8610,Alexandra Martinez
6056680794,70.0,Masculino,Chicago,Medio,4,27.32,Sí,Sí,Vegetariano,No,759-958-1297,no completo,App,3262,Christopher Williams
1141961397,75.0,Femenino,Chicago,Medio,2,5.09,Sí,No,Mariscos,Sí,no completo,no completo,App,2630,Laurie Montgomery
4803492387,55.0,Femenino,Chicago,Alto,6,17.99,No,Sí,Otro,Sí,no completo,zmitchell@example.com,Efectivo,5278,Molly Barry
9353296008,33.0,Femenino,Chicago,Bajo,1,9.48,Sí,Sí,Mariscos,No,001-612-904-8976x875,no completo,App,913,Jordan Kelley
5622363754,26.0,Femenino,Chicago,Medio,4,19.56,Sí,Sí,Carnes,No,+1-677-661-0026x04976,no completo,App,2673,Danielle Hayes
8570481902,22.0,Masculino,Chicago,Muy Alto,6,85.1,Sí,No,Vegetariano,Sí,no completo,rodriguezjames@example.net,App,10565,Christopher Schwartz
6953249679,45.0,Femenino,Chicago,Alto,5,15.87,No,No,Carnes,No,no completo,abbottshane@example.net,App,8375,Janice Gutierrez
5956042044,44.0,Masculino,Chicago,Medio,2,28.92,No,No,Carnes,No,no completo,no completo,Efectivo,3433,Ryan Brennan
4215558262,45.0,Masculino,Chicago,Bajo,1,6.58,No,Sí,Vegetariano,No,+1-999-417-0062x82197,no completo,Efectivo,1383,Jason Johnston
9804677062,18.0,Masculino,Chicago,Alto,6,42.69,No,Sí,Carnes,Sí,5607855340,bcrawford@example.com,Efectivo,8836,Darrell Zamora
3636467652,48.0,Femenino,Chicago,Alto,6,54.65,No,No,Vegano,Sí,no completo,no completo,Tarjeta,6531,Beth Pittman
2653814748,21.0,Femenino,Chicago,Muy Alto,7,63.15,No,Sí,Vegano,Sí,no completo,kelseyrobles@example.com,Tarjeta,13868,Taylor Robertson
6711131533,51.0,Masculino,Chicago,Bajo,1,6.86,No,Sí,Pescado,No,no completo,annjohnson@example.com,Efectivo,1457,Derek Ferguson
6794378741,69.0,Masculino,Chicago,Bajo,2,6.35,No,Sí,Vegano,No,no completo,no completo,Efectivo,902,Randy Mitchell
9332541401,67.0,Femenino,Chicago,Medio,5,13.1,Sí,No,Vegetariano,Sí,309.412.8487x8775,no completo,Efectivo,2491,Tina Davis
1741134891,40.0,Masculino,Chicago,Medio,2,11.92,Sí,Sí,Carnes,No,no completo,no completo,Tarjeta,3348,John Moore
5651009809,71.0,Femenino,Chicago,Medio,4,22.11,Sí,No,Carnes,No,no completo,no completo,Efectivo,2424,Roberta Lewis
4173917498,50.0,Masculino,Chicago,Medio,4,6.86,No,No,Carnes,No,no completo,no completo,Tarjeta,2553,Richard Jones
5522758283,52.0,Femenino,Chicago,Bajo,2,9.56,Sí,No,Vegetariano,No,no completo,no completo,Tarjeta,1278,Mary Odom
9847828776,41.0,Femenino,Chicago,Alto,4,24.42,No,Sí,Vegano,Sí,859-726-1760x51132,jennifer12@example.com,Tarjeta,6658,Cynthia Williams
1681203727,69.0,Femenino,Chicago,Medio,4,13.98,Sí,Sí,Carnes,No,no completo,kenneth38@example.org,Tarjeta,2177,Kaitlyn Griffin
8865390946,77.0,Femenino,Chicago,Alto,5,41.56,Sí,Sí,Carnes,No,no completo,no completo,Efectivo,8528,Melody Johnson
5752844974,46.0,Masculino,Chicago,Bajo,3,8.85,No,Sí,Carnes,No,958-757-0225,holmesedward@example.org,Efectivo,911,William Roberts
2951867520,76.0,Masculino,Chicago,Medio,2,8.69,Sí,Sí,Mariscos,No,001-274-214-0621x1265,no completo,Tarjeta,3488,Kyle Henry
9816338601,58.0,Masculino,Chicago,Muy Alto,10,92.09,No,Sí,Carnes,Sí,4796369524,no completo,Efectivo,13611,Taylor Walters
8174049147,57.0,Masculino,Chicago,Medio,2,17.58,Sí,Sí,Otro,Sí,481-283-5267x800,no completo,Efectivo,2404,Frank Contreras
8666074487,75.0,Masculino,Chicago,Medio,5,7.22,No,No,Pescado,No,no completo,jacobbailey@example.org,App,1718,Andrew Leach
9161875363,46.0,Masculino,Chicago,Alto,5,58.65,No,Sí,Vegetariano,Sí,547-978-7710,erika69@example.net,Efectivo,4264,Stanley Stevenson
4956961965,43.0,Femenino,Chicago,Alto,4,32.33,Sí,No,Pescado,Sí,+1-842-452-1454x13948,joel10@example.com,Efectivo,4155,Julie Wade
1097634221,76.0,Masculino,Chicago,Muy Alto,6,22.37,No,Sí,Vegano,Sí,no completo,no completo,Efectivo,10396,Reginald Shea
5021369227,64.0,Femenino,Chicago,Medio,2,20.15,Sí,No,Otro,No,no completo,ramseyjerry@example.net,Tarjeta,1861,Kathy Smith
3575311720,28.0,Masculino,Chicago,Bajo,1,9.55,No,Sí,Carnes,No,no completo,tamara33@example.org,App,1326,Micheal Mayer
9128109021,32.0,Masculino,Chicago,Bajo,2,8.37,No,Sí,Mariscos,No,+1-906-586-2459x284,halljoshua@example.net,Efectivo,833,James Hill
6799865208,69.0,Masculino,Chicago,Bajo,2,6.21,Sí,Sí,Vegano,No,561-748-5586x69291,no completo,App,1081,William Johnson
2289118584,78.0,Femenino,Chicago,Alto,4,28.74,Sí,No,Pescado,No,no completo,no completo,Tarjeta,5564,Sandra Howard
9821375891,65.0,Femenino,Chicago,Medio,3,14.35,Sí,Sí,Carnes,No,no completo,toddstephen@example.net,Tarjeta,1823,Tanya Colon
9515971497,46.0,Masculino,Chicago,Alto,5,59.13,Sí,No,Pescado,Sí,(476)261-8056x35769,no completo,Tarjeta,5293,Joseph Chambers
6229490913,54.0,Masculino,Chicago,Medio,3,12.56,Sí,No,Mariscos,No,no completo,nguyendominic@example.net,Efectivo,2525,Anthony Arias
3102895903,74.0,Femenino,Chicago,Medio,5,19.06,No,Sí,Vegano,No,no completo,no completo,Efectivo,2195,Robin Graham
4794276323,19.0,Masculino,Chicago,Bajo,3,8.46,Sí,Sí,Carnes,No,796-801-5935x76943,burgessanthony@example.org,App,840,Shawn Lopez
5644563242,59.0,Femenino,Chicago,Bajo,3,7.16,Sí,Sí,Mariscos,No,+1-623-840-3332x4275,no completo,Efectivo,833,Lisa Sherman
3107112281,69.0,Masculino,Chicago,Muy Alto,5,66.11,No,Sí,Carnes,Sí,452.228.2586,no completo,Efectivo,16398,Jacob Wilkins
5697267144,79.0,Masculino,Chicago,Alto,4,38.48,No,Sí,Mariscos,Sí,(328)571-7029x9397,no completo,Efectivo,3573,Jacob Alexander
5670983945,57.0,Masculino,Chicago,Medio,2,21.49,Sí,Sí,Pescado,Sí,no completo,barbara31@example.com,Tarjeta,2335,Zachary Robinson
6867874047,79.0,Masculino,Chicago,Medio,3,29.89,Sí,No,Carnes,No,no completo,swilson@example.net,Tarjeta,2984,Nicholas Lopez
9226616337,20.0,Femenino,Chicago,Muy Alto,5,91.38,Sí,No,Vegano,No,no completo,peter31@example.net,App,11107,Vanessa Cruz
7122731002,74.0,Masculino,Chicago,Bajo,3,8.98,Sí,Sí,Vegano,Sí,no completo,no completo,Tarjeta,1244,Ronald Dawson
9957813353,35.0,Masculino,Chicago,Alto,4,18.06,Sí,Sí,Otro,Sí,942.432.8815,no completo,Tarjeta,8518,Matthew Pittman
9514444316,75.0,Femenino,Chicago,Medio,3,17.7,No,No,Otro,No,778.748.6095x44497,no completo,Efectivo,2415,Paula Hartman
1872163903,34.0,Femenino,Chicago,Alto,3,18.52,No,No,Otro,Sí,no completo,no completo,Tarjeta,6416,Shannon Fitzgerald
6991878065,21.0,Masculino,Chicago,Alto,6,28.79,Sí,Sí,Vegetariano,Sí,(280)248-0510x6633,kara36@example.com,Efectivo,7950,David Garcia
9161013180,57.0,Masculino,Chicago,Alto,5,52.63,Sí,No,Vegetariano,Sí,no completo,no completo,Efectivo,6566,Devon Ruiz
3316796568,31.0,Masculino,Chicago,Muy Alto,10,51.75,No,No,Mariscos,Sí,no completo,no completo,Tarjeta,15268,Jacob Kennedy
1645908204,26.0,Femenino,Chicago,Muy Alto,7,75.79,Sí,No,Carnes,Sí,no completo,no completo,App,14566,Melissa Holder
7032124964,77.0,Femenino,Chicago,Medio,4,16.92,No,No,Mariscos,No,no completo,shawn44@example.net,Efectivo,2358,Zoe Martin
7251396934,69.0,Masculino,Chicago,Medio,2,23.72,No,No,Vegano,No,no completo,no completo,Efectivo,2811,Justin Oconnor
5037798344,18.0,Masculino,Chicago,Medio,3,17.4,Sí,Sí,Vegetariano,No,no completo,lori53@example.net,Efectivo,1935,Joseph Carter
3532855799,76.0,Masculino,Chicago,Medio,3,25.36,No,Sí,Vegetariano,No,001-695-791-8408x5270,no completo,Tarjeta,2361,Phillip Johnson
4743266234,37.0,Masculino,Chicago,Alto,4,19.66,Sí,No,Pescado,Sí,204.675.8389,ihenderson@example.com,Tarjeta,6890,John Kramer
9271015771,48.0,Masculino,Chicago,Alto,4,32.21,No,No,Mariscos,Sí,no completo,no completo,App,6131,David Simmons
3118677094,45.0,Femenino,Chicago,Medio,4,18.07,No,No,Mariscos,No,8132583630,no completo,App,2650,Tracey Young
8802891209,66.0,Femenino,Chicago,Medio,4,18.19,No,Sí,Vegetariano,No,no completo,tlee@example.net,Efectivo,2152,Brenda Harris
3744890160,22.0,Masculino,Chicago,Medio,3,13.84,Sí,Sí,Otro,No,637-204-0842x6780,no completo,Efectivo,1614,William Wong
6124042570,61.0,Masculino,Chicago,Alto,5,7.4,No,Sí,Vegetariano,Sí,681-349-1359x3456,no completo,Criptomoneda,3564,Louis Mays
6112563096,26.0,Femenino,Chicago,Medio,2,25.05,No,Sí,Carnes,No,235.998.7643,no completo,App,3300,Catherine Lewis
5963057354,64.0,Femenino,Chicago,Medio,5,23.93,Sí,Sí,Vegetariano,No,no completo,no completo,Efectivo,2518,Emma Smith
2363635846,74.0,Masculino,Chicago,Medio,4,13.88,Sí,No,Carnes,Sí,no completo,michael93@example.net,App,2011,Edwin Callahan
6220665395,61.0,Masculino,Chicago,Bajo,3,9.63,Sí,No,Vegano,No,no completo,no completo,Efectivo,1162,David King
6461291541,68.0,Femenino,Chicago,Medio,5,27.54,No,Sí,Vegano,No,001-923-789-4287,smithdustin@example.org,Efectivo,3382,Victoria Mcdonald
5221589520,58.0,Masculino,Chicago,Alto,6,30.25,No,No,Pescado,Sí,671-585-4643,janice20@example.com,Efectivo,8137,Marvin Harris
2495966316,23.0,Masculino,Chicago,Bajo,2,9.08,Sí,Sí,Mariscos,No,773.844.8563,kimberlyrichardson@example.org,App,1275,John Clark
3441044403,62.0,Masculino,Chicago,Alto,4,58.47,Sí,Sí,Vegetariano,Sí,no completo,no completo,App,6953,Carlos Thornton
4217519234,46.0,Masculino,Chicago,Muy Alto,7,81.86,No,No,Vegetariano,Sí,no completo,no completo,Efectivo,15251,Christopher Bentley
3454017128,57.0,Femenino,Chicago,Bajo,3,9.32,Sí,Sí,Mariscos,No,no completo,donaldpearson@example.com,App,1195,Emily Barnes
6201230463,33.0,Femenino,Chicago,Alto,4,20.74,Sí,Sí,Carnes,No,no completo,no completo,Tarjeta,5048,Haley Evans
4340584292,21.0,Femenino,Chicago,Bajo,2,7.91,No,Sí,Carnes,No,no completo,no completo,App,1533,Amanda Gonzalez
6098907586,66.0,Masculino,Chicago,Alto,4,7.64,No,No,Carnes,Sí,no completo,lawrencetonya@example.org,Tarjeta,4406,Jose Welch
3058982440,46.0,Masculino,Chicago,Bajo,3,7.58,Sí,Sí,Otro,No,no completo,smithgregory@example.com,Tarjeta,1351,Austin Andrews
5803280863,37.0,Femenino,Chicago,Alto,3,24.31,Sí,Sí,Mariscos,Sí,no completo,no completo,Efectivo,7862,Erica Jones
9292791081,72.0,Femenino,Chicago,Muy Alto,5,74.16,No,Sí,Carnes,Sí,558-236-2046,zcordova@example.org,Efectivo,10902,Taylor Thompson
1759751348,30.0,Femenino,Chicago,Medio,5,28.77,Sí,Sí,Mariscos,No,772-543-3491x10045,no completo,Tarjeta,2018,Susan Rojas
5370396525,25.0,Femenino,Chicago,Alto,5,39.1,No,Sí,Carnes,Sí,no completo,misty29@example.org,Tarjeta,7899,Maria Powell
2699989899,70.0,Femenino,Chicago,Alto,4,23.24,Sí,Sí,Mariscos,Sí,no completo,no completo,Efectivo,5335,Melissa Riggs
8958848294,42.0,Femenino,Chicago,Bajo,3,7.35,Sí,Sí,Vegetariano,No,+1-916-619-0173,janice82@example.org,Efectivo,1295,Kristen Schultz
3269449477,26.0,Masculino,Chicago,Muy Alto,6,24.74,No,Sí,Otro,Sí,no completo,krystallong@example.org,Efectivo,17097,Donald Pope
6845287382,37.0,Femenino,Chicago,Alto,6,14.93,No,Sí,Otro,Sí,544-696-2804x7170,carlahall@example.net,Tarjeta,4436,Heather Conley
2294609093,52.0,Masculino,Chicago,Medio,4,21.79,No,Sí,Otro,No,no completo,no completo,Efectivo,2842,Jared Brady
4064538638,23.0,Femenino,Chicago,Bajo,1,8.06,Sí,Sí,Pescado,No,no completo,no completo,Tarjeta,1340,Maria Jackson
8894905381,76.0,Masculino,Chicago,Alto,4,57.04,Sí,Sí,Mariscos,Sí,687.623.3841x735,tricia72@example.org,Tarjeta,5783,Nicholas Mcdaniel
9973421080,21.0,Femenino,Chicago,Medio,2,14.53,Sí,Sí,Mariscos,No,001-273-687-2237x4028,no completo,Tarjeta,2011,Michele Reynolds
4575143282,41.0,Masculino,Chicago,Alto,5,24.85,No,No,Otro,Sí,no completo,no completo,Efectivo,8424,Ruben Hammond
9662899915,29.0,Masculino,Chicago,Alto,5,10.68,No,Sí,Pescado,Sí,no completo,patriciamoore@example.org,App,6075,Nathan Kent
9081088931,29.0,Femenino,Chicago,Muy Alto,9,57.84,No,Sí,Vegetariano,Sí,no completo,no completo,Tarjeta,10637,Victoria Ball
9693129072,30.0,Femenino,Chicago,Medio,4,26.31,Sí,Sí,Otro,Sí,no completo,cheryl06@example.com,Tarjeta,2199,Kimberly Anderson
3145404476,76.0,Femenino,Chicago,Medio,3,8.66,No,No,Pescado,No,+1-622-358-7768x58601,elizabeth02@example.net,App,3404,Sherri Burgess
1371723252,54.0,Femenino,Chicago,Alto,5,21.9,No,No,Vegano,Sí,(533)789-9995x9538,no completo,Tarjeta,3657,April Cuevas
4914026577,69.0,Femenino,Chicago,Bajo,1,7.58,No,Sí,Vegetariano,No,548.463.6724x035,gregoryblevins@example.org,App,1546,Melinda Patrick
8224997846,70.0,Femenino,Chicago,Alto,4,41.81,Sí,Sí,Carnes,Sí,no completo,no completo,Tarjeta,6218,Kimberly Norman
4400769113,40.0,Masculino,Chicago,Medio,4,25.55,Sí,Sí,Vegano,Sí,441-300-7124,no completo,Tarjeta,2942,Michael Johnston
1719014205,18.0,Masculino,Chicago,Alto,6,40.4,Sí,Sí,Carnes,No,957-799-3807x071,no completo,Tarjeta,8413,Michael Noble
6191190470,28.0,Masculino,Chicago,Alto,6,7.59,Sí,Sí,Carnes,Sí,(782)360-7169x2074,karenguerrero@example.com,Efectivo,4015,Jeff Gutierrez
6728563635,31.0,Masculino,Chicago,Medio,4,5.32,No,Sí,Carnes,Sí,001-345-894-0609,no completo,Tarjeta,3438,Zachary Hawkins
6229143145,73.0,Femenino,Chicago,Alto,5,16.18,No,No,Vegetariano,Sí,no completo,garciajennifer@example.com,Tarjeta,8490,Mary Andrade
4203265035,35.0,Masculino,Chicago,Muy Alto,5,92.3,No,No,Pescado,Sí,682.342.3523,rangelkimberly@example.net,Efectivo,16666,Andrew King
6693193950,50.0,Masculino,Chicago,Muy Alto,7,19.34,Sí,No,Vegetariano,Sí,001-727-501-0125,no completo,Efectivo,11556,Robert Mason
5002091992,24.0,Masculino,Chicago,Medio,2,8.74,No,Sí,Vegetariano,Sí,no completo,wilkinsmegan@example.org,Tarjeta,2775,Jesus Durham
4032256613,47.0,Femenino,Chicago,Bajo,1,8.79,Sí,Sí,Pescado,No,+1-321-480-2153x4725,no completo,Efectivo,1304,Kellie Morgan
8803194596,27.0,Masculino,Chicago,Muy Alto,6,38.25,No,Sí,Carnes,Sí,265.249.6327x9351,lmiles@example.com,Tarjeta,11313,Austin Gomez
1178326062,22.0,Masculino,Chicago,Muy Alto,6,62.71,No,Sí,Carnes,Sí,9463124481,ocosta@example.net,Efectivo,13657,Robert Zuniga
9033177572,21.0,Femenino,Chicago,Medio,5,8.23,No,Sí,Otro,No,936.365.5942x995,no completo,Tarjeta,2632,Cathy Brock
3078217768,46.0,Femenino,Chicago,Medio,4,21.53,Sí,Sí,Carnes,No,no completo,no completo,App,2116,Morgan Taylor
6062598979,74.0,Masculino,Chicago,Bajo,3,8.17,Sí,Sí,Mariscos,No,no completo,no completo,Efectivo,1300,Thomas Chen
7756458719,38.0,Masculino,Chicago,Muy Alto,3,30.8,Sí,Sí,Carnes,Sí,no completo,allenlorraine@example.org,App,14204,Jason Contreras
4881154133,21.0,Masculino,Chicago,Bajo,3,7.5,Sí,Sí,Carnes,No,no completo,bbell@example.org,Efectivo,1557,Robert Evans
3460888434,38.0,Masculino,Chicago,Bajo,1,7.01,No,No,Carnes,No,no completo,no completo,Tarjeta,1099,Johnny Shaw
7532284065,66.0,Masculino,Chicago,Medio,4,26.35,No,Sí,Carnes,No,588.735.4058x790,adamsbrian@example.com,Tarjeta,1668,Ian Decker
8116368366,23.0,Femenino,Chicago,Medio,2,14.0,Sí,No,Otro,Sí,7705910938,tinamiller@example.com,App,3135,Lori Wells
8833399096,36.0,Femenino,Chicago,Medio,3,11.58,No,No,Carnes,No,+1-874-983-9644x824,villegasbarbara@example.org,App,2882,Samantha Hernandez
3682175937,39.0,Femenino,Chicago,Medio,3,7.71,Sí,Sí,Vegetariano,No,no completo,no completo,App,3032,Kelsey Chan
3056148393,73.0,Femenino,Chicago,Medio,3,14.57,Sí,Sí,Carnes,No,no completo,april34@example.net,Criptomoneda,3491,Jessica Gonzales
7089646496,27.0,Masculino,Chicago,Medio,5,13.7,Sí,Sí,Mariscos,No,+1-951-715-4439x448,no completo,Efectivo,3394,James Wilson
1306540283,23.0,Femenino,Chicago,Medio,4,27.76,Sí,Sí,Carnes,Sí,no completo,no completo,Efectivo,2201,Rachel Butler
9598391762,22.0,Masculino,Chicago,Muy Alto,10,81.69,Sí,Sí,Otro,Sí,243-410-2303,no completo,App,16755,Michael Davis
9251215764,48.0,Femenino,Chicago,Medio,5,23.9,Sí,Sí,Carnes,No,972.488.3227,no completo,App,2874,Jenna Atkins
1946653887,60.0,Femenino,Chicago,Alto,6,48.02,No,Sí,Carnes,Sí,001-337-557-1603x12363,julie94@example.net,App,7293,Debbie Wilson
5074085050,26.0,Masculino,Chicago,Muy Alto,7,92.9,No,Sí,Mariscos,Sí,3405853976,no completo,App,16684,Michael White
7496691038,21.0,Femenino,Chicago,Alto,4,25.6,No,Sí,Carnes,Sí,394-214-8838,no completo,Efectivo,8187,Amanda Nelson
2087433127,40.0,Masculino,Chicago,Alto,6,33.92,Sí,Sí,Mariscos,Sí,no completo,no completo,App,3536,Casey Mann
7768918933,54.0,Masculino,Chicago,Bajo,1,8.05,No,Sí,Mariscos,No,781-232-0764x8974,rodrigueztimothy@example.org,App,1136,Kevin Smith
2760127183,68.0,Masculino,Chicago,Alto,4,22.4,Sí,Sí,Vegetariano,Sí,(534)705-0957x61065,no completo,Efectivo,6949,James Ford
7556046460,36.0,Femenino,Chicago,Bajo,1,8.66,No,Sí,Vegetariano,No,no completo,zlittle@example.net,App,1240,Kathleen Vang
1210104660,62.0,Femenino,Chicago,Alto,5,29.22,No,Sí,Otro,Sí,+1-883-775-5206x843,no completo,Efectivo,6065,Cheryl Harrington
4373674167,47.0,Masculino,Chicago,Bajo,3,6.86,Sí,Sí,Carnes,No,(500)479-5008x4266,davidsmith@example.org,Tarjeta,1394,Jose Robertson
5438177295,32.0,Femenino,Chicago,Alto,4,58.28,Sí,Sí,Vegano,No,686.301.4742x3862,clarkanita@example.org,Efectivo,4704,Amanda Jackson
2338534633,33.0,Femenino,Chicago,Medio,3,14.07,No,Sí,Pescado,No,214.999.7658x1213,no completo,Efectivo,3370,Mary Johnson
3850189047,40.0,Femenino,Chicago,Muy Alto,10,56.85,Sí,No,Pescado,Sí,no completo,mdavies@example.com,Tarjeta,13031,Kathryn Short
9010806382,37.0,Masculino,Chicago,Alto,5,50.75,No,No,Vegetariano,Sí,no completo,trichardson@example.com,Tarjeta,5080,Michael Shields
7912371493,77.0,Masculino,Chicago,Alto,4,5.89,Sí,No,Carnes,Sí,no completo,holmesernest@example.com,Efectivo,4556,Aaron Schroeder
6867146460,54.0,Masculino,Chicago,Alto,5,28.84,Sí,No,Vegano,Sí,no completo,cramirez@example.net,App,8517,Cameron Wright
6293789829,29.0,Masculino,Chicago,Muy Alto,6,60.07,Sí,Sí,Carnes,Sí,+1-668-372-5355,carolynperez@example.com,Efectivo,16307,Mark Richards
5262252525,58.0,Masculino,Chicago,Bajo,3,7.68,Sí,Sí,Vegetariano,No,no completo,diane94@example.org,Efectivo,1376,Colton Montoya
4663167710,24.0,Femenino,Chicago,Alto,4,27.66,Sí,Sí,Carnes,Sí,no completo,kaylathomas@example.org,Efectivo,4165,Christina Ball
9344351248,61.0,Masculino,Chicago,Medio,3,24.95,No,Sí,Mariscos,Sí,no completo,michaelevans@example.org,Efectivo,3086,Travis Lee
3231531200,45.0,Femenino,Chicago,Muy Alto,6,99.83,Sí,Sí,Carnes,Sí,(929)866-7384,no completo,Efectivo,14007,Kaitlin Lozano
7958672456,76.0,Masculino,Chicago,Bajo,2,5.61,No,Sí,Vegetariano,No,001-254-588-3970x2712,zwilliams@example.org,Tarjeta,1491,Chad Spence
7041433982,24.0,Femenino,Chicago,Bajo,1,8.57,No,Sí,Carnes,No,+1-890-589-7682x4273,erikobrien@example.net,App,1136,Ashley Dixon
1582709185,57.0,Masculino,Chicago,Bajo,2,9.04,Sí,No,Vegano,No,001-220-911-8316x6169,no completo,Efectivo,1142,Isaac Bond
1509006662,79.0,Femenino,Chicago,Medio,4,22.42,Sí,Sí,Carnes,No,no completo,vincent72@example.net,Efectivo,3288,Amanda Maxwell
5115068398,32.0,Masculino,Chicago,Bajo,1,6.92,No,No,Otro,No,no completo,ydunn@example.net,Criptomoneda,1200,Brent Winters
2283917499,32.0,Femenino,Chicago,Muy Alto,10,14.27,Sí,No,Vegetariano,Sí,+1-336-612-2921x72354,christophermartin@example.org,Efectivo,10695,Jennifer Howe
4547789215,40.0,Femenino,Chicago,Alto,6,53.56,No,No,Vegano,No,4928243300,no completo,Efectivo,8243,Linda Cross
4883466415,70.0,Femenino,Chicago,Alto,5,37.7,No,Sí,Otro,No,4149069686,angel21@example.net,Efectivo,7206,Amanda Conrad
2070025912,22.0,Femenino,Chicago,Medio,3,7.19,No,Sí,Carnes,Sí,923-543-1837x0344,ewoods@example.com,App,1955,Gabriela Hoover
5537659145,68.0,Femenino,Chicago,Medio,4,22.29,No,Sí,Vegetariano,No,(384)576-6665x544,marshmolly@example.net,Tarjeta,2487,Sandra Oneal
1293864877,56.0,Femenino,Chicago,Medio,3,12.41,No,No,Vegetariano,No,no completo,no completo,Tarjeta,2269,Amy Lee
8026411428,73.0,Masculino,Chicago,Medio,2,9.31,No,Sí,Pescado,Sí,no completo,stevenjones@example.net,Efectivo,1816,Ruben Gill
4848961403,53.0,Femenino,Chicago,Alto,6,16.33,Sí,No,Otro,Sí,no completo,josephstanton@example.org,Efectivo,7189,Evelyn Cohen
9388140708,53.0,Masculino,Chicago,Medio,5,28.63,Sí,Sí,Vegetariano,No,+1-391-916-4260x625,no completo,Efectivo,1776,Anthony Allen
1610693353,41.0,Masculino,Chicago,Alto,4,22.97,No,No,Vegetariano,Sí,no completo,no completo,Tarjeta,4322,Derrick Smith
4343361778,67.0,Masculino,Chicago,Medio,3,12.82,Sí,No,Carnes,No,no completo,alisondiaz@example.com,Efectivo,2165,Anthony Miles
7135542712,40.0,Masculino,Chicago,Bajo,2,9.69,No,No,Pescado,No,no completo,michaelpark@example.com,Tarjeta,1026,Thomas Pacheco
9528742737,76.0,Masculino,Chicago,Alto,4,5.75,No,No,Pescado,Sí,no completo,no completo,App,7601,Charles Stephens
2131706557,79.0,Masculino,Chicago,Medio,3,18.54,No,Sí,Carnes,No,759-688-1196,patrick23@example.org,Tarjeta,1765,Travis Herrera
6161147047,36.0,Masculino,Chicago,Alto,4,29.73,No,Sí,Mariscos,No,503.697.0693x051,anthonybuchanan@example.net,Efectivo,4117,Thomas Duke
7512311568,52.0,Femenino,Chicago,Muy Alto,8,96.94,No,No,Carnes,Sí,886.588.8141x0150,harperjonathan@example.net,Efectivo,14150,Jamie Holmes
3817151728,77.0,Femenino,Chicago,Alto,5,35.9,No,Sí,Otro,Sí,+1-393-563-5223x5255,no completo,Efectivo,8355,Donna Watson
4006956201,35.0,Masculino,Chicago,Medio,3,9.13,Sí,No,Carnes,No,no completo,andrewmeyers@example.com,Tarjeta,3016,David Smith
5657724657,43.0,Femenino,Chicago,Medio,2,26.21,Sí,No,Vegetariano,No,no completo,randall57@example.com,Tarjeta,3208,Monique Johnson
5340522065,35.0,Masculino,Chicago,Bajo,2,7.16,No,No,Otro,No,742-305-6706x246,roger38@example.net,Efectivo,972,Michael Perry
2895713954,51.0,Masculino,Chicago,Bajo,3,8.74,No,Sí,Carnes,No,001-460-854-9722x2777,no completo,App,1315,Robert French
7937993287,73.0,Masculino,Chicago,Alto,5,11.93,Sí,Sí,Mariscos,No,+1-496-624-3517,no completo,Efectivo,5455,Steven Gaines
8490096480,68.0,Masculino,Chicago,Muy Alto,5,38.59,Sí,No,Carnes,Sí,(921)237-8369x0745,no completo,Efectivo,12193,Jason Singleton
4204554350,62.0,Femenino,Chicago,Medio,3,16.46,No,Sí,Pescado,No,463-541-5751x7769,no completo,Tarjeta,2054,Tanya Smith
8614563485,40.0,Masculino,Chicago,Medio,4,18.65,No,Sí,Pescado,Sí,no completo,no completo,App,2831,Ryan Larson
2242507300,59.0,Masculino,Chicago,Alto,6,29.53,Sí,Sí,Carnes,Sí,no completo,stuart85@example.org,Tarjeta,5593,Scott Anderson
3415175992,40.0,Masculino,Chicago,Muy Alto,5,57.65,No,Sí,Carnes,Sí,+1-431-817-4700,kristin52@example.org,Efectivo,14335,Steven Floyd
1650896650,45.0,Masculino,Chicago,Medio,5,18.53,No,Sí,Carnes,No,no completo,thomasdonna@example.net,Efectivo,3375,Bruce Rivera
2949597857,18.0,Masculino,Chicago,Alto,6,7.62,Sí,Sí,Otro,Sí,001-428-789-8372x7573,johnbaker@example.net,Efectivo,8746,Patrick Salas
4296398330,30.0,Masculino,Chicago,Medio,3,29.12,No,Sí,Carnes,No,(545)682-1878x6578,stephanie93@example.net,Efectivo,2423,Frank Thomas
8444621162,18.0,Femenino,Chicago,Alto,5,48.07,Sí,Sí,Carnes,Sí,no completo,kayla88@example.net,Tarjeta,8902,Melissa Lawrence
3470569511,27.0,Femenino,Chicago,Medio,2,19.19,No,Sí,Carnes,No,no completo,no completo,Efectivo,2494,Brenda Harper
4487053308,74.0,Femenino,Chicago,Alto,4,41.89,No,Sí,Pescado,Sí,001-400-201-4180x537,bethany71@example.net,App,8763,Brenda Johnson
1011675672,40.0,Masculino,Chicago,Medio,2,25.13,No,No,Vegetariano,No,no completo,tyronediaz@example.com,Efectivo,2077,Christopher Lee
9209984962,64.0,Masculino,Chicago,Medio,2,26.84,No,Sí,Otro,Sí,no completo,brownlance@example.org,Tarjeta,2976,John Jones
7076189796,42.0,Femenino,Chicago,Alto,4,27.22,No,No,Vegetariano,Sí,304-548-3970,no completo,Tarjeta,4074,Mary Rhodes
2363768949,32.0,Femenino,Chicago,Bajo,3,7.16,No,Sí,Vegano,No,no completo,no completo,Efectivo,810,Dawn Mooney
4597372574,41.0,Femenino,Chicago,Medio,5,14.63,No,Sí,Pescado,No,9694588799,kennethperez@example.org,Efectivo,3405,Meagan Williams
7546240535,32.0,Femenino,Chicago,Medio,4,7.89,Sí,No,Carnes,No,558.825.7610x58821,lauren41@example.org,Efectivo,3473,Elizabeth Hicks
9330271923,66.0,Masculino,Chicago,Alto,4,14.89,No,Sí,Vegano,Sí,no completo,garrisonscott@example.com,Efectivo,6682,Douglas Becker
3744992252,80.0,Femenino,Chicago,Alto,4,44.6,No,No,Vegetariano,No,no completo,odavis@example.com,Efectivo,5739,Kathy Taylor
5213224075,66.0,Femenino,Chicago,Bajo,2,7.95,Sí,Sí,Carnes,No,941-449-3258,vbutler@example.com,Efectivo,1360,Jennifer Green
4207084654,52.0,Masculino,Chicago,Alto,5,25.92,No,Sí,Pescado,Sí,no completo,no completo,Tarjeta,4997,Vincent Baker
5919148165,19.0,Femenino,Chicago,Alto,6,52.55,No,Sí,Carnes,No,001-701-805-7732x7642,zknox@example.com,App,4086,Sara Miller
2082465722,77.0,Femenino,Chicago,Muy Alto,7,42.45,Sí,No,Vegano,Sí,no completo,no completo,App,10265,Lauren Colon
9125107953,71.0,Femenino,Chicago,Muy Alto,6,33.8,No,No,Vegano,Sí,no completo,colemanmichael@example.org,Efectivo,14312,Sheri Hernandez
6411656874,53.0,Femenino,Chicago,Alto,6,44.5,Sí,No,Vegetariano,Sí,+1-233-290-9078,no completo,Efectivo,6179,Karen Spencer
5255564152,69.0,Masculino,Chicago,Medio,2,11.85,No,Sí,Otro,No,no completo,hallbrianna@example.com,App,3057,Evan Conner
2571688961,59.0,Masculino,Chicago,Alto,5,59.62,No,No,Carnes,No,+1-241-883-8143x8474,no completo,Efectivo,5547,Curtis Martinez
5773749304,76.0,Masculino,Chicago,Alto,4,52.25,Sí,No,Carnes,Sí,596.718.9349x81845,johnblair@example.net,Efectivo,5263,Henry Washington
1800960335,42.0,Masculino,Chicago,Muy Alto,3,66.85,Sí,No,Carnes,Sí,no completo,no completo,App,13409,Jason Hebert
5453761971,34.0,Femenino,Chicago,Alto,5,52.12,Sí,No,Mariscos,Sí,301.925.6000,no completo,Criptomoneda,7425,Kimberly Glover
4673946519,60.0,Masculino,Chicago,Medio,2,20.41,No,No,Otro,No,001-995-519-5988,no completo,Efectivo,2470,William Cook
1554004364,50.0,Masculino,Chicago,Alto,3,44.77,Sí,Sí,Vegetariano,No,001-285-390-8454x7785,no completo,Tarjeta,5663,Jason Diaz
6369828508,79.0,Masculino,Chicago,Muy Alto,3,58.51,No,Sí,Vegetariano,Sí,no completo,gregoryallen@example.com,Tarjeta,13619,Anthony Bond
9417291377,27.0,Femenino,Chicago,Alto,6,5.77,Sí,Sí,Pescado,Sí,+1-428-382-2478x710,no completo,App,7109,Elizabeth Lyons
4497202106,61.0,Masculino,Chicago,Medio,3,11.47,Sí,Sí,Carnes,No,501-897-5587,no completo,App,3188,Joshua Baker
2501727423,29.0,Masculino,Chicago,Medio,4,18.84,Sí,Sí,Vegetariano,No,no completo,zcollins@example.net,Efectivo,3076,Nicholas Glenn
9614593325,22.0,Masculino,Chicago,Alto,6,9.9,No,Sí,Vegano,Sí,no completo,no completo,Tarjeta,6832,Michael James
1520818836,33.0,Femenino,Chicago,Alto,6,50.57,No,Sí,Otro,Sí,375.269.3501x677,agray@example.org,Criptomoneda,7696,Samantha Kramer
4058034404,31.0,Femenino,Chicago,Bajo,2,8.35,Sí,No,Otro,No,+1-447-773-9706,no completo,Tarjeta,1226,Amanda Sellers
3301691543,34.0,Masculino,Chicago,Alto,6,24.46,Sí,No,Vegetariano,No,no completo,margaret08@example.com,App,4209,Robert Martinez
4211999973,72.0,Femenino,Chicago,Muy Alto,7,61.3,No,No,Pescado,Sí,no completo,no completo,Tarjeta,11367,Amy Burke
2904383663,76.0,Femenino,Chicago,Alto,5,42.42,No,No,Vegetariano,Sí,no completo,wilsonkathleen@example.com,Efectivo,7423,Kathleen Parker
2838278841,52.0,Masculino,Chicago,Medio,3,17.33,Sí,Sí,Vegetariano,Sí,no completo,no completo,App,3268,Mark Stark
6940229940,51.0,Masculino,Chicago,Muy Alto,7,69.66,No,Sí,Vegetariano,Sí,no completo,mcphersonandrew@example.org,Efectivo,16972,Michael Gonzalez
8618210761,44.0,Masculino,Chicago,Medio,4,15.71,Sí,No,Carnes,Sí,001-201-514-0971x271,dunlapmelanie@example.com,App,2034,Joseph Campbell
8743799782,66.0,Masculino,Chicago,Alto,4,48.8,No,Sí,Mariscos,Sí,508-580-8627x7094,no completo,Efectivo,4041,Bill Lopez
3492744436,76.0,Masculino,Chicago,Medio,3,22.57,No,No,Vegano,No,(782)969-9766x83455,no completo,Efectivo,2217,Timothy Perez
9512199444,69.0,Femenino,Chicago,Alto,6,33.01,No,Sí,Vegetariano,Sí,no completo,no completo,Efectivo,4822,Michelle Bush
4988516887,72.0,Femenino,Chicago,Alto,6,36.85,Sí,Sí,Carnes,Sí,783-662-3097x397,no completo,App,8297,Brandy French
9672229635,55.0,Femenino,Chicago,Alto,5,51.8,Sí,No,Carnes,Sí,760.991.5953x1277,no completo,Efectivo,4957,Christine Roy
8934252467,68.0,Femenino,Chicago,Alto,6,18.68,No,Sí,Carnes,No,878-495-6931x3203,martha37@example.net,Efectivo,5601,Mary Navarro
2664260498,77.0,Masculino,Chicago,Alto,6,51.86,No,No,Carnes,Sí,no completo,no completo,Tarjeta,8210,David Kline
4401334161,38.0,Masculino,Chicago,Alto,5,31.61,No,No,Vegetariano,Sí,(964)296-3289x5982,marc86@example.org,App,8820,Elijah Larson
2994030019,27.0,Masculino,Chicago,Muy Alto,10,12.89,Sí,Sí,Vegano,Sí,no completo,no completo,Tarjeta,13530,Spencer Chambers
1229795618,67.0,Masculino,Chicago,Alto,5,36.14,Sí,Sí,Vegano,Sí,no completo,sherryfranklin@example.net,Efectivo,4608,Travis Martinez
9857430687,36.0,Masculino,Chicago,Medio,3,29.23,Sí,Sí,Vegetariano,No,001-439-598-7537,cantrellmary@example.org,Efectivo,1894,Jon Parker
1206438636,23.0,Femenino,Chicago,Medio,4,7.05,No,Sí,Carnes,No,no completo,michaelward@example.org,App,2277,Linda Thomas
6492964995,72.0,Masculino,Chicago,Alto,5,33.82,Sí,No,Vegano,No,no completo,no completo,App,4765,Alan Martinez
1359522952,44.0,Masculino,Chicago,Alto,4,47.39,Sí,Sí,Carnes,Sí,no completo,no completo,App,8233,Isaac Jordan
4711124419,73.0,Masculino,Chicago,Alto,5,5.52,Sí,No,Carnes,Sí,no completo,no completo,Tarjeta,8662,David Valdez
7634733850,20.0,Femenino,Chicago,Bajo,2,8.14,Sí,Sí,Vegano,No,no completo,no completo,Tarjeta,877,Janet Petersen
5509198437,44.0,Femenino,Chicago,Alto,6,45.12,Sí,No,Otro,Sí,no completo,johnsonjacqueline@example.net,Tarjeta,6693,Jennifer Bond
9516253467,65.0,Femenino,Chicago,Alto,5,48.31,No,Sí,Carnes,No,no completo,no completo,Efectivo,3798,Megan Colon
8936809129,68.0,Femenino,Chicago,Alto,6,42.35,Sí,Sí,Mariscos,No,001-879-580-9774x984,qnguyen@example.net,Tarjeta,8033,Michele Todd
8358182817,24.0,Masculino,Chicago,Alto,4,28.88,Sí,No,Mariscos,Sí,no completo,no completo,Efectivo,3679,Robert Mcdaniel
9376752160,51.0,Masculino,Chicago,Medio,3,6.19,Sí,Sí,Carnes,No,670.956.5993x8095,scottjason@example.com,Efectivo,1931,Travis Clarke
7696758491,65.0,Masculino,Chicago,Medio,2,14.9,No,No,Mariscos,No,+1-295-726-9322x803,no completo,App,2662,Rodney Wright
8632910891,69.0,Femenino,Chicago,Medio,2,12.06,No,Sí,Vegetariano,No,001-430-337-6360x48368,brian36@example.com,App,2312,Lori Wilson
6884161090,69.0,Femenino,Chicago,Alto,5,5.68,No,No,Vegetariano,Sí,no completo,frank54@example.net,App,3822,Teresa Cisneros
7568861677,78.0,Masculino,Chicago,Alto,6,27.16,Sí,No,Vegetariano,Sí,750.403.7348,no completo,Tarjeta,8297,Richard Gay
6349250098,51.0,Masculino,Chicago,Bajo,2,6.54,No,Sí,Carnes,No,no completo,no completo,App,1150,George Scott
5527712344,22.0,Femenino,Chicago,Medio,4,5.61,Sí,Sí,Vegano,No,no completo,shannon84@example.net,App,1671,Rebecca Hall
8565577212,77.0,Masculino,Chicago,Alto,4,24.78,No,No,Vegetariano,No,379.399.4402,no completo,App,3505,John Grant
8813093631,23.0,Masculino,Chicago,Muy Alto,5,95.77,Sí,Sí,Carnes,Sí,no completo,lestrada@example.com,App,17258,James Lawrence
1603430796,46.0,Masculino,Chicago,Alto,5,20.66,Sí,Sí,Pescado,Sí,8337391798,no completo,App,5645,Devin Hernandez
8178927766,65.0,Femenino,Chicago,Bajo,2,9.91,Sí,No,Vegetariano,No,no completo,no completo,Tarjeta,1112,Sandra Klein
1425403685,33.0,Masculino,Chicago,Medio,2,23.25,No,No,Mariscos,No,no completo,no completo,App,2232,Steve Wells
9620361356,65.0,Femenino,Chicago,Bajo,3,5.16,No,Sí,Carnes,No,no completo,keithjohnson@example.com,Efectivo,941,Melissa Walker
9999392774,60.0,Femenino,Chicago,Medio,4,9.14,No,Sí,Vegetariano,Sí,(968)563-4217x233,no completo,Efectivo,2692,Monica Sparks
2518896137,22.0,Masculino,Chicago,Bajo,2,8.43,Sí,Sí,Vegano,No,001-299-414-0933x917,zsmith@example.net,Tarjeta,928,Joseph Washington
6898194953,30.0,Masculino,Chicago,Medio,4,28.41,Sí,Sí,Otro,No,480.934.7465x93172,sarah58@example.net,Tarjeta,2822,Michael Nelson
4085157909,76.0,Masculino,Chicago,Alto,4,33.91,Sí,No,Mariscos,Sí,001-512-838-9436x82604,keithmcgee@example.com,App,3568,Terry Sanders
2500067961,74.0,Femenino,Chicago,Alto,6,58.41,Sí,Sí,Otro,Sí,+1-797-262-8944x123,no completo,Efectivo,5428,Tammy Woods
7936518351,76.0,Masculino,Chicago,Bajo,2,7.14,No,No,Pescado,No,no completo,heathersalas@example.net,Efectivo,1334,Larry Lawson
6865083405,65.0,Masculino,Chicago,Alto,6,19.45,No,No,Vegano,Sí,no completo,no completo,Tarjeta,6470,Jonathan Richard
2944466344,61.0,Masculino,Chicago,Alto,5,6.1,Sí,No,Vegetariano,Sí,no completo,no completo,App,7616,Danny Hall
3269149771,36.0,Masculino,Chicago,Medio,4,9.26,Sí,No,Mariscos,No,no completo,no completo,Efectivo,1827,James Khan
8385525619,46.0,Femenino,Chicago,Medio,4,22.31,No,Sí,Carnes,No,(352)845-1609x69330,no completo,Efectivo,2471,Nichole Sherman
7824150224,62.0,Masculino,Chicago,Medio,3,26.25,No,Sí,Otro,No,927-802-2826,no completo,Efectivo,2699,Mario Colon
1621956500,75.0,Masculino,Chicago,Alto,4,48.05,No,No,Vegano,Sí,3009339240,no completo,App,7393,Gary Ray
1407845552,44.0,Femenino,Chicago,Muy Alto,5,31.19,Sí,Sí,Vegano,Sí,no completo,michael59@example.org,Efectivo,17996,Tiffany Simpson
6435386969,25.0,Masculino,Chicago,Medio,2,6.2,Sí,Sí,Carnes,No,no completo,no completo,Efectivo,3266,Tyrone Fritz
4498569163,71.0,Femenino,Chicago,Bajo,2,9.22,No,No,Otro,No,(800)379-5288,daniel26@example.net,Efectivo,948,Michele Parker
8387800067,74.0,Masculino,Chicago,Medio,2,10.83,Sí,Sí,Carnes,No,no completo,daisy93@example.com,Tarjeta,2025,Alec Daniels
6884723824,24.0,Femenino,Chicago,Medio,2,19.95,No,Sí,Carnes,No,001-339-934-5174x79398,zvasquez@example.org,App,2258,Nicole Thompson
9682228114,49.0,Masculino,Chicago,Alto,5,51.85,Sí,Sí,Otro,No,+1-957-442-7550,qhernandez@example.com,Tarjeta,3891,Joseph Nelson
5462755741,54.0,Masculino,Chicago,Muy Alto,10,49.55,No,No,Pescado,Sí,(697)482-9381x992,no completo,Efectivo,14803,Connor Cook
5753416961,32.0,Femenino,Chicago,Alto,6,23.23,Sí,No,Carnes,No,no completo,no completo,Tarjeta,8731,Barbara Wood
8853552985,47.0,Masculino,Chicago,Bajo,2,9.19,Sí,No,Vegetariano,No,884.514.9005,no completo,Criptomoneda,1190,Micheal James
8359880081,23.0,Masculino,Chicago,Alto,3,7.86,No,Sí,Mariscos,Sí,594.231.7151x404,lisafranklin@example.com,Efectivo,4499,Daniel Ward
4939455049,61.0,Femenino,Chicago,Alto,4,18.35,Sí,No,Vegetariano,Sí,no completo,yhicks@example.com,Efectivo,6593,Bailey White
2335341910,76.0,Femenino,Chicago,Alto,6,51.2,No,Sí,Vegano,Sí,519.483.4047,umoreno@example.com,Tarjeta,5835,Alyssa Hart
8535778901,73.0,Masculino,Chicago,Medio,3,21.44,Sí,No,Carnes,No,571-395-3142x45519,shannoncox@example.net,Efectivo,2757,Joseph Ramirez
1094279735,60.0,Femenino,Chicago,Medio,3,8.29,Sí,No,Carnes,No,no completo,no completo,Tarjeta,2186,Jennifer Shaw
7143189785,19.0,Masculino,Chicago,Alto,4,6.72,Sí,Sí,Vegetariano,Sí,+1-880-761-2998x85659,simmonsmichael@example.net,App,5962,Eric Smith
4405620755,67.0,Masculino,Chicago,Alto,6,42.56,No,No,Carnes,No,(253)407-8807x3161,tsmith@example.com,App,4694,David Cook
6634220266,68.0,Masculino,Chicago,Medio,4,23.29,Sí,No,Mariscos,No,no completo,no completo,Efectivo,1699,Benjamin Hall
5864080545,41.0,Femenino,Chicago,Muy Alto,10,74.07,Sí,No,Otro,Sí,no completo,johnsonfrank@example.org,App,14210,Morgan Oliver
5641159106,52.0,Masculino,Chicago,Bajo,3,9.91,No,Sí,Otro,No,3379975339,wilkersonrebecca@example.net,App,865,Benjamin Adkins
8291250562,27.0,Femenino,Chicago,Bajo,1,5.5,Sí,Sí,Vegetariano,No,(702)555-2661x1085,pattersonshaun@example.org,Tarjeta,1190,Tara Ward
5110715721,44.0,Femenino,Chicago,Muy Alto,3,39.4,No,Sí,Otro,Sí,no completo,no completo,Efectivo,9324,Lauren Padilla
1044818985,46.0,Femenino,Chicago,Alto,5,43.52,No,Sí,Otro,No,9607587348,cameron30@example.net,Tarjeta,6411,Alicia Ellis
7100860032,24.0,Femenino,Chicago,Alto,5,30.37,Sí,Sí,Vegano,Sí,+1-243-407-9679x5481,james12@example.org,Tarjeta,3784,Megan Fischer
9435403787,54.0,Masculino,Chicago,Muy Alto,6,28.5,Sí,No,Pescado,Sí,335.721.1117,pwhite@example.org,Efectivo,14431,Miguel Sutton
5503145079,30.0,Masculino,Chicago,Muy Alto,9,66.47,No,Sí,Vegetariano,Sí,no completo,zimmermanpatricia@example.com,Tarjeta,14459,Timothy Sanchez
8062761823,36.0,Masculino,Chicago,Bajo,2,7.84,Sí,No,Mariscos,No,no completo,no completo,Efectivo,970,Eric Khan
6250416551,57.0,Masculino,Chicago,Medio,4,25.81,Sí,No,Vegetariano,No,no completo,matthew02@example.com,Efectivo,3393,Matthew Lopez
9316530749,73.0,Masculino,Chicago,Medio,4,15.53,Sí,No,Vegano,No,958-578-1557x957,no completo,Efectivo,1636,Austin Shaffer
6028276047,55.0,Masculino,Chicago,Muy Alto,5,30.65,Sí,No,Mariscos,Sí,no completo,melissa00@example.org,Tarjeta,17286,Vincent Martinez
4641902461,38.0,Femenino,Chicago,Muy Alto,10,8.46,No,Sí,Pescado,Sí,no completo,no completo,Efectivo,9948,Michelle Thomas
3700768869,46.0,Masculino,Chicago,Medio,4,14.37,Sí,Sí,Carnes,No,no completo,no completo,Efectivo,2341,Matthew Waters
6536106121,36.0,Masculino,Chicago,Alto,4,24.57,No,Sí,Vegetariano,Sí,no completo,no completo,Efectivo,4251,Scott Lynch
3801661893,44.0,Femenino,Chicago,Medio,4,8.66,No,No,Carnes,No,001-463-825-1667x68280,douglas68@example.net,Efectivo,3032,Courtney Thompson
6685698338,56.0,Masculino,Chicago,Muy Alto,7,68.81,No,Sí,Vegano,Sí,669.593.3379x05678,no completo,Efectivo,13160,Jordan Baldwin
9716199001,27.0,Femenino,Chicago,Medio,2,5.55,No,Sí,Otro,No,no completo,no completo,App,1917,Maria Jackson
6605950149,80.0,Masculino,Chicago,Alto,5,39.46,Sí,No,Pescado,Sí,001-847-409-0043,brandondorsey@example.net,Tarjeta,4175,Michael Brooks
5892985710,25.0,Femenino,Chicago,Alto,4,58.95,No,Sí,Carnes,Sí,no completo,wross@example.org,Efectivo,7287,Melissa Glover
6180349787,22.0,Masculino,Chicago,Alto,4,47.89,No,Sí,Carnes,No,no completo,jennifer79@example.com,Efectivo,5820,Thomas Delgado
7709334952,57.0,Femenino,Chicago,Muy Alto,6,77.85,Sí,Sí,Carnes,No,no completo,daniel85@example.com,Efectivo,16324,Nicole Manning
7004705268,51.0,Masculino,Chicago,Muy Alto,8,79.62,No,No,Vegetariano,Sí,(484)838-6650,manuel03@example.net,Efectivo,13239,Steven Edwards
3212777747,25.0,Masculino,Chicago,Bajo,1,5.98,No,Sí,Carnes,No,207.731.9979x935,no completo,Tarjeta,832,Garrett Hogan
6334395858,47.0,Masculino,Chicago,Bajo,1,9.14,No,Sí,Otro,No,no completo,justinoconnor@example.net,Tarjeta,1561,Jonathan Vargas
2908610750,79.0,Femenino,Chicago,Medio,3,5.02,Sí,Sí,Carnes,No,(580)907-8064,no completo,App,1968,Tiffany Ross
1436793686,33.0,Masculino,Chicago,Alto,5,58.37,No,No,Vegano,Sí,366-646-6791x3801,jmiller@example.net,Efectivo,8311,Jamie Smith
1665709556,34.0,Femenino,Chicago,Muy Alto,10,57.37,No,No,Pescado,Sí,5317266674,no completo,App,15884,Amanda Williamson
3231461031,51.0,Masculino,Chicago,Medio,3,11.67,Sí,No,Carnes,No,no completo,marissajohnson@example.net,Efectivo,3453,Mason Cox
6461832733,28.0,Masculino,Chicago,Muy Alto,9,88.24,No,No,Carnes,Sí,953.205.1460x2127,no completo,Tarjeta,16284,Eric Harrison
3296407811,21.0,Femenino,Chicago,Medio,5,7.93,Sí,Sí,Carnes,Sí,no completo,tiffanyvaughn@example.com,Tarjeta,3370,Veronica Hughes
9007131748,27.0,Femenino,Chicago,Bajo,3,5.4,No,No,Carnes,No,no completo,elizabeth74@example.net,Efectivo,1460,Lori Reynolds
1051457286,26.0,Femenino,Chicago,Muy Alto,10,68.48,Sí,No,Carnes,Sí,001-248-222-3081x53864,willie02@example.net,App,14365,Mariah Davis
4088047273,49.0,Masculino,Chicago,Muy Alto,7,42.59,Sí,No,Otro,Sí,no completo,charles28@example.net,Tarjeta,14833,Matthew Ayala
8122175393,72.0,Masculino,Chicago,Medio,2,22.34,Sí,No,Vegano,No,+1-848-330-0403x7099,veronica18@example.com,App,3480,Ivan Phillips
4501648602,72.0,Femenino,Chicago,Muy Alto,8,52.13,Sí,No,Mariscos,Sí,001-589-444-6103x03706,no completo,Tarjeta,16226,Rebecca Ray
4361067828,62.0,Masculino,Chicago,Medio,3,12.82,No,No,Mariscos,No,no completo,no completo,Efectivo,3220,Ryan Wade
1362895954,78.0,Femenino,Chicago,Medio,4,6.18,No,No,Pescado,No,no completo,douglaslisa@example.com,Efectivo,3355,Melissa Pineda
8421742187,29.0,Femenino,Chicago,Bajo,3,9.98,Sí,Sí,Carnes,No,no completo,no completo,Efectivo,1156,Martha Cooper
2515507460,67.0,Femenino,Chicago,Muy Alto,5,15.36,No,Sí,Otro,Sí,001-979-837-6320x155,no completo,Tarjeta,17072,Jessica White
4314250445,55.0,Femenino,Chicago,Muy Alto,8,54.62,Sí,Sí,Carnes,Sí,no completo,no completo,App,14404,Nancy Bowman
3953683132,43.0,Masculino,Chicago,Alto,4,58.79,Sí,No,Vegetariano,Sí,(435)989-7733x77244,no completo,Efectivo,6637,Brett Grimes
7442885001,65.0,Femenino,Chicago,Muy Alto,9,20.07,Sí,No,Carnes,Sí,(786)729-9876x76250,andersoneric@example.net,Efectivo,10386,Lisa Young
9528346689,63.0,Masculino,Chicago,Medio,4,11.65,Sí,Sí,Vegetariano,No,+1-527-223-8411x12925,jeanetteperez@example.com,Efectivo,3224,Richard Lopez
7527316141,57.0,Masculino,Chicago,Muy Alto,7,7.08,Sí,No,Vegano,Sí,969-888-2902x97775,no completo,Efectivo,16911,Marcus Jones
3749531458,64.0,Masculino,Chicago,Alto,4,50.59,Sí,Sí,Vegetariano,Sí,3773887961,mckinneywilliam@example.com,Efectivo,4131,Brian Schwartz
1678361354,69.0,Femenino,Chicago,Bajo,3,7.85,Sí,Sí,Mariscos,No,971.305.1193x33231,no completo,Efectivo,849,Tammy Allen
8343972092,31.0,Femenino,Chicago,Medio,2,28.51,No,Sí,Carnes,No,no completo,nlucas@example.net,App,1853,Christine Smith
7614577136,77.0,Masculino,Chicago,Alto,5,8.75,Sí,No,Vegano,Sí,296-265-9472,no completo,Efectivo,6552,Calvin Hanson
2095662785,24.0,Masculino,Chicago,Alto,5,46.52,No,Sí,Vegetariano,Sí,no completo,kiddstephanie@example.org,Efectivo,8443,Manuel Nguyen
8594590645,69.0,Femenino,Chicago,Alto,5,20.91,Sí,Sí,Mariscos,No,no completo,tiffany81@example.org,Tarjeta,3876,Denise Brown
9955231796,30.0,Masculino,Chicago,Muy Alto,6,82.22,No,Sí,Vegetariano,Sí,no completo,gomezchristopher@example.net,Efectivo,14836,Willie Ryan
4474874362,65.0,Masculino,Chicago,Alto,3,46.6,No,Sí,Otro,Sí,no completo,no completo,App,5991,Earl Spencer
2927916637,36.0,Femenino,Chicago,Medio,4,7.51,No,Sí,Vegetariano,No,(472)761-9072x21382,catherine60@example.com,Efectivo,2504,Tonya Lin
6209402715,60.0,Femenino,Chicago,Medio,3,16.08,Sí,Sí,Pescado,No,no completo,jamesjordan@example.org,Tarjeta,1773,Paula Myers
2921619376,28.0,Masculino,Chicago,Muy Alto,10,38.94,No,Sí,Carnes,Sí,(995)381-8772x772,no completo,App,15397,Sean Ingram
8742419441,38.0,Femenino,Chicago,Alto,6,15.68,Sí,Sí,Carnes,Sí,555.912.6319x9938,elizabeth24@example.com,Tarjeta,8359,Dana Griffin
9549825267,43.0,Masculino,Chicago,Muy Alto,10,90.81,No,No,Carnes,Sí,no completo,sean00@example.org,Efectivo,12626,Jason Miller
5978019326,33.0,Masculino,Chicago,Muy Alto,10,64.6,No,Sí,Otro,Sí,592.449.0997x502,no completo,App,10336,Travis Harris
8381300140,62.0,Femenino,Chicago,Medio,2,10.83,Sí,Sí,Mariscos,No,6404188159,no completo,Efectivo,3051,Megan Thomas
8223494545,73.0,Femenino,Chicago,Alto,4,55.94,Sí,No,Pescado,Sí,no completo,colemanpaul@example.com,App,5768,Angela Alvarado
8308594858,60.0,Femenino,Chicago,Alto,4,41.43,No,Sí,Carnes,Sí,no completo,swebb@example.org,Tarjeta,6222,Debra Rodriguez
3121795362,40.0,Femenino,Chicago,Alto,6,42.62,Sí,No,Vegetariano,No,001-285-962-8585x8507,amandahunter@example.net,Criptomoneda,6876,Jennifer Clark
8770219539,43.0,Femenino,Chicago,Medio,3,21.59,Sí,Sí,Carnes,No,no completo,no completo,Efectivo,2121,Kimberly Torres
9681547145,69.0,Femenino,Chicago,Medio,4,10.31,No,Sí,Mariscos,No,no completo,benjaminboyle@example.org,App,2863,Megan Simmons
2141199796,72.0,Femenino,Chicago,Medio,4,17.11,No,No,Vegetariano,No,+1-538-985-9998x41873,no completo,Efectivo,3327,Katherine Santana
9344227794,78.0,Masculino,Chicago,Bajo,1,9.18,Sí,No,Carnes,No,no completo,no completo,Criptomoneda,1351,Dwayne Reese
9596413132,77.0,Femenino,Chicago,Medio,4,25.12,Sí,No,Carnes,No,no completo,no completo,Efectivo,2179,Allison Garrett
9224342659,69.0,Femenino,Chicago,Muy Alto,10,7.16,No,No,Carnes,No,697-370-2387x913,busheric@example.com,Efectivo,17942,Stephanie Diaz
9484947955,75.0,Masculino,Chicago,Medio,4,12.97,Sí,Sí,Carnes,No,no completo,dkramer@example.com,Efectivo,1933,Eric Knox
7170734485,34.0,Femenino,Chicago,Muy Alto,10,89.73,No,No,Vegetariano,Sí,no completo,no completo,Efectivo,15162,Deborah Butler
4548783240,40.0,Femenino,Chicago,Muy Alto,10,85.65,Sí,Sí,Otro,Sí,+1-580-430-0996x367,no completo,Efectivo,16966,Jennifer Heath
9956186344,76.0,Femenino,Chicago,Medio,2,12.4,Sí,No,Vegano,No,803.728.4319x2083,no completo,Efectivo,1989,Sara Love
3469776005,24.0,Masculino,Chicago,Medio,5,14.76,Sí,Sí,Carnes,No,no completo,xdeleon@example.com,Efectivo,1796,James Hayes
1004201248,42.0,Femenino,Chicago,Medio,2,15.73,Sí,No,Vegetariano,No,no completo,ycisneros@example.com,Tarjeta,2555,Amber Miller
1445869324,59.0,Femenino,Chicago,Medio,3,11.29,No,No,Carnes,No,no completo,no completo,Tarjeta,2575,Taylor Shaw
2842895475,34.0,Femenino,Chicago,Medio,3,13.1,Sí,No,Pescado,No,no completo,no completo,Efectivo,2890,Stephanie Ward
9403497928,24.0,Masculino,Chicago,Muy Alto,10,19.38,No,Sí,Pescado,Sí,(785)645-8350x0013,no completo,Efectivo,17350,Kenneth Olsen
5384019983,31.0,Masculino,Chicago,Alto,6,23.06,Sí,Sí,Carnes,Sí,no completo,xsmith@example.net,Efectivo,7398,Shawn Young
3298437001,33.0,Femenino,Chicago,Medio,2,26.74,No,Sí,Carnes,No,9317399225,joshua79@example.net,App,3425,Julia Miles
5432551150,39.0,Femenino,Chicago,Alto,5,24.96,Sí,No,Vegetariano,Sí,559.726.2751x3373,davilajoshua@example.net,App,5661,Samantha Cardenas
5301219154,45.0,Femenino,Chicago,Medio,2,6.87,Sí,No,Vegetariano,No,no completo,no completo,Tarjeta,3473,Katelyn Hudson
4104889292,46.0,Masculino,Chicago,Medio,4,11.38,Sí,Sí,Carnes,No,no completo,michael16@example.com,App,1702,Joe Wright
4179591386,40.0,Masculino,Chicago,Muy Alto,6,86.46,No,No,Mariscos,Sí,(391)205-5299x799,solisjulie@example.org,Efectivo,14969,Luis Shah
6457837137,51.0,Masculino,Chicago,Medio,2,20.39,No,Sí,Carnes,No,no completo,no completo,Tarjeta,1773,Connor Norman
8078461848,48.0,Femenino,Chicago,Alto,4,35.31,No,Sí,Vegetariano,Sí,859-726-1760x51132,hicksandrea@example.org,Efectivo,3619,Cynthia Williams
6795522649,67.0,Masculino,Chicago,Medio,2,19.44,No,Sí,Vegano,No,no completo,no completo,App,1708,Thomas Ruiz
6740157764,64.0,Femenino,Chicago,Muy Alto,6,60.24,Sí,Sí,Vegetariano,Sí,no completo,no completo,App,12466,Tracey Bradshaw
1653465584,35.0,Masculino,Chicago,Alto,3,33.42,No,Sí,Carnes,Sí,no completo,rodriguezbrianna@example.org,Efectivo,3724,Jason Mercado
4794863712,43.0,Masculino,Chicago,Muy Alto,6,80.45,No,Sí,Carnes,Sí,no completo,no completo,App,11017,Edwin Savage
1520128458,79.0,Masculino,Chicago,Bajo,2,6.92,No,No,Pescado,No,no completo,michelle66@example.net,Efectivo,1455,John Obrien
7846526161,66.0,Femenino,Chicago,Alto,4,29.21,Sí,Sí,Carnes,Sí,no completo,no completo,Tarjeta,7726,Donna Adams
9418286260,58.0,Femenino,Chicago,Bajo,1,7.89,Sí,Sí,Otro,No,741-963-0418x1867,ramirezjudy@example.com,Efectivo,1256,Jennifer Sanchez
9241264772,39.0,Femenino,Chicago,Medio,3,22.99,No,Sí,Otro,No,no completo,gwright@example.com,App,3106,Tracie Levy
9411532909,34.0,Masculino,Chicago,Bajo,1,6.41,Sí,No,Carnes,No,(642)492-6027x177,no completo,Tarjeta,1027,William Gibson
8532305990,46.0,Femenino,Chicago,Bajo,1,5.75,No,No,Pescado,No,437-607-0164x65141,no completo,Tarjeta,1070,Rachel Moody
1149977994,78.0,Masculino,Chicago,Alto,4,5.53,No,No,Carnes,No,no completo,rhensley@example.net,App,3681,Mark Meyers
3897609939,28.0,Masculino,Chicago,Alto,5,47.01,Sí,Sí,Mariscos,Sí,no completo,ryanjones@example.org,App,8925,Tyler Wells
5715536191,48.0,Masculino,Chicago,Muy Alto,8,67.8,No,No,Vegetariano,Sí,553.839.9829x5820,no completo,Efectivo,15081,Roberto Smith
3306512614,50.0,Masculino,Chicago,Alto,5,50.23,Sí,Sí,Carnes,No,no completo,no completo,App,5037,Terry Norman
5275153657,35.0,Femenino,Chicago,Medio,2,18.98,No,Sí,Mariscos,No,no completo,smithmarcus@example.org,Efectivo,3284,Susan Nelson
1554432010,46.0,Masculino,Chicago,Bajo,1,8.33,Sí,No,Carnes,No,822.307.5907x27755,gpineda@example.org,App,1347,Joseph Carson
9884974993,76.0,Masculino,Chicago,Medio,4,7.28,Sí,Sí,Otro,No,518.647.7840x30634,no completo,App,2405,Sean Riddle
5015690897,40.0,Femenino,Chicago,Medio,5,16.8,No,No,Vegetariano,No,no completo,no completo,Tarjeta,2874,Gabriela Lee
1964427223,61.0,Femenino,Chicago,Medio,4,28.1,No,Sí,Vegetariano,Sí,no completo,xsmall@example.net,Efectivo,2471,Tanya Martinez
8198053217,21.0,Masculino,Chicago,Alto,6,25.3,No,Sí,Vegetariano,Sí,930.687.8091,no completo,Tarjeta,3578,John Mitchell
2474317353,63.0,Femenino,Chicago,Medio,4,14.62,Sí,No,Mariscos,No,no completo,no completo,Efectivo,3094,Jodi Juarez
3168410620,58.0,Masculino,Chicago,Muy Alto,7,53.09,No,No,Carnes,Sí,+1-919-806-9204x890,no completo,App,9048,Nathaniel Jones
2119221231,30.0,Masculino,Chicago,Medio,4,27.58,No,Sí,Pescado,No,no completo,lalexander@example.net,Efectivo,2509,Kevin York
6635226028,68.0,Femenino,Chicago,Medio,3,8.37,Sí,No,Otro,No,no completo,no completo,Tarjeta,1983,Melissa Durham
8546667091,74.0,Femenino,Chicago,Muy Alto,3,92.59,No,No,Vegano,Sí,no completo,kathrynmiranda@example.net,Tarjeta,12035,Monica Callahan
5478854313,55.0,Masculino,Chicago,Muy Alto,7,68.14,No,Sí,Vegetariano,Sí,no completo,blevinsjoseph@example.net,Tarjeta,9929,John Vaughn
7613875188,72.0,Femenino,Chicago,Bajo,3,9.84,Sí,Sí,Mariscos,No,no completo,kevin67@example.com,App,1326,Melissa Jones
4807102666,71.0,Masculino,Chicago,Bajo,1,5.77,Sí,No,Mariscos,No,(868)449-9680x295,no completo,Tarjeta,1462,Caleb Hodges
3059191922,62.0,Masculino,Chicago,Bajo,3,7.25,Sí,No,Carnes,No,955.996.2809,lrussell@example.com,Tarjeta,1300,Maxwell Burgess
3674682809,47.0,Femenino,Chicago,Bajo,3,8.1,No,No,Carnes,No,no completo,no completo,Tarjeta,1347,Katherine Martin
5316097957,69.0,Femenino,Chicago,Medio,5,16.52,No,No,Carnes,No,no completo,gonzalezwalter@example.net,Efectivo,2704,Jody Hawkins
5559260840,47.0,Masculino,Chicago,Alto,4,57.95,No,No,Vegetariano,No,001-596-766-2713x915,jwilliamson@example.com,Tarjeta,8243,Kevin Rogers
5717062885,37.0,Masculino,Chicago,Bajo,3,8.31,No,Sí,Vegano,No,no completo,no completo,Efectivo,1454,Julian Riddle
9930278372,56.0,Masculino,Chicago,Medio,3,6.04,No,No,Carnes,No,3598405042,wattswilliam@example.net,App,2809,Michael Thomas
1213446058,55.0,Masculino,Chicago,Bajo,3,9.92,No,No,Vegetariano,No,no completo,mataraymond@example.net,Efectivo,1034,Gregory Baldwin
1768434922,48.0,Femenino,Chicago,Medio,5,24.52,No,Sí,Carnes,No,no completo,no completo,Efectivo,2958,Shannon Glass
2364919386,60.0,Masculino,Chicago,Bajo,3,6.91,No,Sí,Pescado,No,001-741-345-9025,tina15@example.com,App,1063,Alan Shelton
7063639965,29.0,Femenino,Chicago,Alto,4,27.28,Sí,Sí,Carnes,Sí,no completo,scott20@example.net,Criptomoneda,6058,Julie Adkins
8440807542,21.0,Masculino,Chicago,Medio,4,26.47,Sí,Sí,Carnes,No,no completo,no completo,Efectivo,1627,Tyler Kelly
1888107487,59.0,Masculino,Chicago,Alto,4,38.6,Sí,Sí,Pescado,Sí,001-520-856-7345,mtaylor@example.net,Tarjeta,7847,Henry Brooks
4508331976,49.0,Masculino,Chicago,Medio,2,12.12,Sí,No,Otro,No,no completo,ksalazar@example.com,Efectivo,3302,Joseph Williams
9909257076,65.0,Femenino,Chicago,Bajo,3,9.43,No,Sí,Carnes,No,+1-620-967-4097x8212,jason71@example.net,Tarjeta,891,Elizabeth Bush
6045729129,57.0,Masculino,Chicago,Medio,5,25.42,No,No,Vegano,No,605-590-2901x714,no completo,Efectivo,2549,Jason Mills
1569113257,27.0,Masculino,Chicago,Medio,3,12.65,No,Sí,Carnes,No,no completo,no completo,Efectivo,2044,Ryan Hunter
5534783423,39.0,Femenino,Chicago,Medio,5,10.53,No,No,Carnes,No,no completo,no completo,Tarjeta,2490,Ann Grant
2295324021,78.0,Femenino,Chicago,Muy Alto,8,9.96,No,Sí,Vegano,Sí,no completo,no completo,Tarjeta,12622,Andrea Galloway
7553503798,32.0,Masculino,Chicago,Bajo,2,8.66,No,No,Pescado,No,no completo,iacevedo@example.org,Tarjeta,1163,Kenneth Todd
5372328262,74.0,Masculino,Chicago,Medio,3,25.92,No,No,Pescado,No,380.986.3158x4248,edward59@example.org,App,2329,Christopher Shaw
7362821001,76.0,Masculino,Chicago,Bajo,2,7.99,No,No,Otro,No,403.886.9086x10784,no completo,App,955,Adam Martinez
9222147573,49.0,Masculino,Chicago,Medio,5,6.77,No,No,Otro,No,no completo,emily87@example.net,App,2022,Danny Carey
7512465222,70.0,Femenino,Chicago,Bajo,2,9.08,No,Sí,Vegetariano,No,no completo,no completo,Efectivo,1591,Lisa Kaufman
8033048877,29.0,Masculino,Chicago,Medio,3,10.45,Sí,Sí,Carnes,No,714.236.3547x8761,wramirez@example.com,Efectivo,1916,Ernest Thomas
2420664143,44.0,Femenino,Chicago,Muy Alto,9,35.29,No,Sí,Carnes,Sí,001-687-636-9490,glarsen@example.com,App,9738,Chelsea Banks
4349176289,30.0,Masculino,Chicago,Medio,3,16.09,No,Sí,Vegetariano,No,no completo,buchananamanda@example.org,Tarjeta,2791,Shane Rodgers
1349323355,75.0,Femenino,Chicago,Medio,3,24.9,Sí,Sí,Carnes,No,no completo,no completo,Efectivo,3050,Madeline Mccullough
2854663638,37.0,Femenino,Chicago,Alto,4,12.87,No,No,Carnes,No,230.256.1856x239,no completo,Efectivo,5568,Kristina Stone
1757134730,42.0,Masculino,Chicago,Muy Alto,5,25.19,Sí,Sí,Vegetariano,Sí,3357654617,carlsonkaren@example.org,Efectivo,16154,Jacob Lee
2147313426,78.0,Masculino,Chicago,Alto,5,28.6,No,No,Carnes,Sí,589.866.7645,no completo,App,7670,Russell Cordova
2010969067,64.0,Masculino,Chicago,Bajo,2,5.93,No,Sí,Mariscos,No,(362)212-9101,no completo,Tarjeta,884,Walter Freeman
9462741141,61.0,Masculino,Chicago,Medio,3,13.97,No,No,Pescado,Sí,no completo,no completo,Tarjeta,1983,Colin Hoffman
8724319107,19.0,Femenino,Chicago,Muy Alto,6,98.89,Sí,Sí,Carnes,Sí,no completo,qreeves@example.org,App,13851,Felicia Freeman
7628842104,49.0,Masculino,Chicago,Alto,6,41.15,No,Sí,Vegetariano,Sí,no completo,no completo,Criptomoneda,4687,Randy Byrd
5715903364,41.0,Femenino,Chicago,Alto,6,25.08,Sí,No,Carnes,Sí,(754)933-2554,scottclay@example.org,Tarjeta,7508,Becky Larson
4427233450,29.0,Masculino,Chicago,Medio,3,14.39,Sí,Sí,Carnes,No,no completo,no completo,Efectivo,3469,Christopher Gallegos
7825844140,75.0,Masculino,Chicago,Bajo,3,6.7,No,No,Carnes,No,no completo,wendytate@example.net,Efectivo,848,Martin Smith
1921601189,46.0,Masculino,Chicago,Medio,4,22.92,No,No,Pescado,No,9608607977,sally10@example.net,Tarjeta,2779,William Bell
2928130926,30.0,Femenino,Chicago,Medio,4,24.99,Sí,Sí,Vegetariano,No,891.280.8674x5305,no completo,App,2716,Sharon Allen
4425654347,53.0,Femenino,Chicago,Medio,3,18.42,No,No,Carnes,No,+1-892-402-3136x998,no completo,App,2013,Kayla Roman
1490869240,30.0,Femenino,Chicago,Alto,6,54.92,Sí,Sí,Carnes,Sí,no completo,ucarroll@example.org,App,3791,Mary Odonnell
8775393156,76.0,Masculino,Chicago,Medio,4,19.91,Sí,Sí,Mariscos,No,563-351-7963x1503,chloe26@example.com,Efectivo,2285,Gregory Moore
3826817688,34.0,Masculino,Chicago,Alto,4,41.39,No,No,Mariscos,No,312-977-8169,no completo,App,8887,Jared Travis
9993908985,32.0,Masculino,Chicago,Alto,6,29.43,Sí,Sí,Vegetariano,No,(717)280-3631x0781,lisa15@example.org,Tarjeta,5195,John Crosby
9728196336,41.0,Femenino,Chicago,Bajo,1,5.67,Sí,No,Vegetariano,No,no completo,no completo,Tarjeta,871,Madison Phelps
4384808313,33.0,Femenino,Chicago,Muy Alto,9,45.77,No,No,Vegetariano,No,837.223.7802,no completo,Efectivo,9082,Melanie Kelly
7254736171,39.0,Masculino,Chicago,Medio,5,19.51,No,Sí,Carnes,No,no completo,ylewis@example.net,Efectivo,1704,Justin King
6133191879,30.0,Femenino,Chicago,Alto,5,47.17,No,Sí,Pescado,No,759.681.1251,no completo,Efectivo,8335,Kelly Thompson
7035793540,64.0,Masculino,Chicago,Medio,5,7.81,Sí,Sí,Otro,No,263.349.7470x5332,davidtorres@example.org,Efectivo,3295,Alan Jackson
5755830635,47.0,Femenino,Chicago,Medio,4,8.93,No,No,Otro,Sí,2813507208,no completo,Efectivo,3112,Jennifer Reynolds
9454831510,20.0,Femenino,Chicago,Alto,4,17.03,No,Sí,Pescado,Sí,no completo,no completo,Tarjeta,6974,Brenda Myers
6631565147,19.0,Masculino,Chicago,Medio,3,16.81,Sí,Sí,Vegetariano,No,no completo,no completo,Efectivo,2130,Brian Ward
1645334717,49.0,Femenino,Chicago,Medio,3,12.41,Sí,No,Otro,No,368-921-2261x869,no completo,Efectivo,2461,Cheyenne Henry
5611808298,20.0,Femenino,Chicago,Alto,5,44.8,Sí,No,Otro,Sí,no completo,alison43@example.net,App,6560,Julie Sandoval
5163340914,58.0,Femenino,Chicago,Bajo,3,9.75,Sí,Sí,Carnes,No,no completo,no completo,Tarjeta,1437,Kelly Ramirez
5976159420,51.0,Femenino,Chicago,Medio,5,6.14,No,Sí,Carnes,Sí,001-907-999-9624x31593,no completo,Efectivo,3414,Tammy Berg
9558139653,58.0,Masculino,Chicago,Muy Alto,10,9.4,Sí,Sí,Carnes,Sí,(236)358-0443,rfisher@example.com,Tarjeta,12398,Eric Wong
2713607474,59.0,Femenino,Chicago,Medio,5,24.38,Sí,No,Vegetariano,Sí,no completo,johnsoncarl@example.com,Efectivo,2072,Lisa Hutchinson
8318854626,38.0,Masculino,Chicago,Alto,5,41.9,Sí,No,Otro,Sí,no completo,no completo,Tarjeta,6079,Philip Hunter
9178126050,40.0,Masculino,Chicago,Medio,4,27.27,No,Sí,Carnes,No,001-682-250-2648x90356,no completo,Efectivo,2928,Bruce Harris
4889225847,61.0,Masculino,Chicago,Bajo,3,9.72,Sí,No,Otro,No,(302)665-9647x7795,lynchpatrick@example.net,Tarjeta,1199,Scott Berry
7193435472,33.0,Masculino,Chicago,Alto,6,21.83,No,Sí,Carnes,No,no completo,no completo,Efectivo,4246,Jonathan Davidson
4664535965,28.0,Femenino,Chicago,Alto,3,27.25,No,Sí,Carnes,Sí,543.702.3639,gonzalezmiranda@example.org,Efectivo,8726,Tracy Willis
3030272262,18.0,Femenino,Chicago,Medio,4,7.83,Sí,No,Carnes,No,(783)899-3384,no completo,Efectivo,2655,Paula Lin
2289506253,40.0,Femenino,Chicago,Alto,6,35.65,Sí,No,Carnes,Sí,976.217.1982,fmccoy@example.org,App,8722,Shannon Bean
9316052666,23.0,Masculino,Chicago,Medio,3,11.1,Sí,No,Mariscos,No,3598405042,wattswilliam@example.net,Tarjeta,2857,Michael Thomas
1129417508,21.0,Femenino,Chicago,Medio,2,21.28,Sí,Sí,Pescado,No,no completo,no completo,Tarjeta,2396,Kimberly Wright
8434652044,29.0,Femenino,Chicago,Medio,4,24.99,No,Sí,Vegano,No,no completo,no completo,App,2220,Karen Lewis
8155034104,69.0,Femenino,Chicago,Alto,5,,No,Sí,Carnes,No,+1-485-707-3953,jacksonsteven@example.org,Tarjeta,6609,Kara Thomas
3029732809,61.0,Masculino,Chicago,Medio,3,16.8,No,No,Vegetariano,No,348-228-2674,deborahvasquez@example.org,Tarjeta,3479,Hector Perez
5348943115,61.0,Masculino,Chicago,Medio,5,15.94,Sí,Sí,Vegetariano,No,no completo,alex18@example.org,Efectivo,3480,Joe Rollins
4150014571,62.0,Femenino,Chicago,Medio,3,28.83,Sí,No,Carnes,No,no completo,annapayne@example.com,Efectivo,1646,Jasmine Miller
5763149233,31.0,Masculino,Chicago,Muy Alto,8,55.58,No,No,Vegano,No,(280)248-0510x6633,kara36@example.com,Efectivo,10523,David Garcia
6099808894,76.0,Masculino,Chicago,Alto,4,41.09,No,Sí,Pescado,Sí,no completo,no completo,Tarjeta,6677,Michael Moore
3864842755,43.0,Masculino,Chicago,Medio,3,14.09,No,No,Otro,No,764.485.7338x525,ubarnes@example.com,Tarjeta,2531,Charles Lynch
9895547907,37.0,Femenino,Chicago,Medio,5,6.79,No,No,Vegetariano,No,403.437.1999x5521,saraponce@example.com,Efectivo,2357,Alejandra Sullivan
1230028463,72.0,Masculino,Chicago,Medio,3,24.1,Sí,Sí,Otro,No,001-577-688-6658,gbowman@example.net,Tarjeta,2227,James Reilly
9639052986,24.0,Femenino,Chicago,Bajo,1,7.29,No,Sí,Carnes,No,no completo,patriciamorrow@example.com,Efectivo,1255,Karen Hood
8160659653,79.0,Femenino,Chicago,Medio,3,26.03,Sí,Sí,Vegetariano,No,no completo,torresjoseph@example.net,App,1797,Pamela Robinson
4153621667,57.0,Masculino,Chicago,Bajo,1,8.1,Sí,Sí,Otro,No,no completo,kperez@example.org,Tarjeta,1236,Eric Murphy
8547814381,21.0,Femenino,Chicago,Medio,4,29.34,No,Sí,Vegano,No,281-641-1909x08844,evansbrandy@example.net,Tarjeta,3380,Debra Lopez
6958002434,48.0,Masculino,Chicago,Alto,4,8.19,Sí,Sí,Carnes,Sí,527-687-7850x4680,wcross@example.net,App,5226,Daniel Taylor
4406345733,46.0,Masculino,Chicago,Alto,6,56.19,No,Sí,Carnes,Sí,no completo,nicholas36@example.net,Tarjeta,4788,Seth White
8581299821,58.0,Masculino,Chicago,Alto,4,57.89,No,Sí,Vegetariano,No,271.220.5271x141,no completo,Efectivo,5526,Robert Smith
5331629733,67.0,Femenino,Chicago,Bajo,1,8.59,No,Sí,Pescado,No,no completo,pho@example.org,Efectivo,889,Kaitlin Davila
5794255332,55.0,Femenino,Chicago,Medio,2,27.29,No,Sí,Vegetariano,Sí,534-520-5348x5373,utaylor@example.com,Tarjeta,3076,Alyssa Evans
7933367504,51.0,Masculino,Chicago,Medio,4,10.0,Sí,No,Mariscos,No,001-405-766-1696x7626,audreyspencer@example.org,App,2555,Darryl Mahoney
4278087956,26.0,Masculino,Chicago,Medio,5,9.74,No,No,Pescado,Sí,775-533-6148,no completo,Efectivo,3370,James Black
7848867041,27.0,Femenino,Chicago,Muy Alto,10,94.83,Sí,Sí,Carnes,Sí,4775252187,jnewman@example.com,Tarjeta,14002,Kelsey Doyle
3584119955,19.0,Masculino,Chicago,Bajo,3,7.95,No,Sí,Carnes,No,no completo,michael17@example.net,Tarjeta,1151,Roger Lee
7488222699,53.0,Femenino,Chicago,Bajo,2,8.08,No,No,Vegetariano,No,+1-339-279-7106x633,williamcasey@example.net,Efectivo,1305,Kimberly Nguyen
9755172847,37.0,Masculino,Chicago,Bajo,3,9.02,Sí,Sí,Otro,No,+1-871-771-0520x72330,kenneth25@example.net,Tarjeta,1396,Adrian Miller
9498647935,59.0,Masculino,Chicago,Bajo,3,7.18,No,Sí,Carnes,No,no completo,no completo,Efectivo,1295,Robert Harrington
6678404185,39.0,Femenino,Chicago,Medio,3,13.94,No,No,Vegano,No,+1-741-424-2803x301,jacob17@example.org,Efectivo,1663,Carmen Smith
3659157927,64.0,Femenino,Chicago,Alto,3,53.63,Sí,Sí,Carnes,Sí,001-481-721-2532x22519,jerry57@example.org,Tarjeta,4447,Kristina Martin
2105718202,39.0,Femenino,Chicago,Alto,6,,Sí,No,Vegano,Sí,no completo,mjimenez@example.net,Tarjeta,7646,Anita Norman
1056031147,26.0,Masculino,Chicago,Alto,4,46.81,Sí,Sí,Carnes,Sí,958-757-0225,holmesedward@example.org,Efectivo,8458,William Roberts
9518504093,76.0,Masculino,Chicago,Muy Alto,6,80.58,Sí,Sí,Pescado,Sí,633-659-1474x06926,carmen58@example.net,Efectivo,15586,Michael Johnson
7344181536,64.0,Femenino,Chicago,Alto,6,6.85,No,No,Pescado,Sí,808-764-3058x7388,anthonylewis@example.net,App,7155,Sharon Mora
5412340714,51.0,Femenino,Chicago,Medio,3,6.23,Sí,Sí,Mariscos,No,660.992.9548x269,briankrause@example.com,App,3348,Michelle Caldwell
1776063298,73.0,Masculino,Chicago,Alto,5,33.34,No,No,Carnes,Sí,no completo,alexandrasalas@example.org,App,7922,Bryan Rose
5240626367,57.0,Femenino,Chicago,Alto,6,54.14,No,Sí,Vegetariano,Sí,no completo,ikim@example.net,Tarjeta,5668,Samantha Herrera
1406186139,23.0,Masculino,Chicago,Medio,5,19.44,No,Sí,Vegetariano,No,no completo,tiffanybell@example.com,Efectivo,2810,Travis Matthews
7516299763,52.0,Femenino,Chicago,Medio,3,19.64,Sí,Sí,Otro,No,no completo,jacobgreen@example.net,App,2709,Angela Stewart
7859670746,77.0,Femenino,Chicago,Bajo,2,8.32,No,No,Otro,No,8065572221,no completo,App,1148,Karen Robinson
5113495206,77.0,Femenino,Chicago,Alto,5,30.51,No,No,Vegano,Sí,no completo,clynch@example.org,App,8283,Laura Spencer
4730625955,53.0,Masculino,Chicago,Muy Alto,5,17.34,No,No,Vegetariano,Sí,001-869-925-7669,no completo,App,9492,Scott Yang
8001112710,29.0,Masculino,Chicago,Bajo,1,9.18,No,Sí,Carnes,No,+1-666-470-6002x025,bdaniels@example.org,Efectivo,993,Johnathan Patel
8744363576,59.0,Femenino,Chicago,Medio,4,25.77,Sí,Sí,Pescado,No,(348)585-0031,hernandezchristina@example.org,Tarjeta,3126,Madison Berry
1770075995,59.0,Femenino,Chicago,Medio,3,6.41,No,Sí,Mariscos,No,5442094586,kharding@example.org,Efectivo,2578,Teresa Garrett
5783867008,62.0,Masculino,Chicago,Alto,6,33.76,No,Sí,Carnes,Sí,+1-629-759-8687x835,no completo,App,3608,Mark Huff
9982507130,44.0,Femenino,Chicago,Alto,5,31.04,No,Sí,Carnes,Sí,no completo,no completo,Tarjeta,8142,Wendy Reyes
9972387275,78.0,Masculino,Chicago,Muy Alto,9,77.26,Sí,Sí,Pescado,Sí,9172979821,no completo,Efectivo,10371,Benjamin Hansen
2574122906,48.0,Masculino,Chicago,Bajo,1,5.83,Sí,Sí,Mariscos,No,no completo,no completo,Efectivo,1351,Robert Dennis
8561653275,75.0,Masculino,Chicago,Bajo,3,9.94,Sí,Sí,Otro,No,+1-375-897-2440x4530,robert73@example.org,Tarjeta,903,Timothy Hernandez
4104309491,43.0,Masculino,Chicago,Alto,6,40.0,Sí,No,Vegetariano,Sí,8412652222,no completo,Tarjeta,8220,Patrick Bennett
1266191931,19.0,Femenino,Chicago,Medio,5,11.82,Sí,Sí,Vegetariano,No,(384)529-5079,no completo,Tarjeta,1875,Elizabeth Hoffman
3101463976,37.0,Masculino,Chicago,Alto,6,28.6,No,No,Otro,Sí,no completo,mcdowellchelsea@example.org,App,5675,Nicholas Butler
4225481850,61.0,Masculino,Chicago,Bajo,3,9.84,No,No,Vegano,No,no completo,no completo,Efectivo,949,John Bowman
3456222412,30.0,Masculino,Chicago,Alto,5,49.26,No,Sí,Vegano,No,no completo,fjackson@example.net,Tarjeta,6887,Matthew Morgan
6779444252,20.0,Femenino,Chicago,Medio,5,21.12,No,Sí,Vegetariano,No,001-286-896-8689x138,tpittman@example.org,Efectivo,2195,Hannah Hines
5453594082,28.0,Femenino,Chicago,Muy Alto,8,19.29,No,Sí,Otro,Sí,no completo,anthony16@example.com,Tarjeta,15302,Christine Martinez
8123644392,60.0,Masculino,Chicago,Medio,4,8.66,Sí,No,Vegetariano,No,+1-398-896-3298x065,virginia50@example.com,App,1866,Louis Perez
1036608063,80.0,Femenino,Chicago,Bajo,3,7.55,No,Sí,Mariscos,No,no completo,kinggloria@example.com,Efectivo,1120,Taylor Gonzales
7880008420,78.0,Masculino,Chicago,Alto,4,12.92,No,No,Carnes,Sí,601.919.0453,taramyers@example.org,Efectivo,7438,Louis Chandler
1907403002,77.0,Femenino,Chicago,Medio,2,18.77,Sí,No,Vegetariano,No,+1-996-622-0091x01214,jennagarcia@example.org,Tarjeta,2258,Elizabeth Stevens
8501043530,30.0,Femenino,Chicago,Alto,5,21.95,No,Sí,Otro,Sí,2272462650,gmaldonado@example.net,Tarjeta,8891,Danielle Tanner
8001468162,46.0,Masculino,Chicago,Alto,5,47.56,No,No,Vegano,No,no completo,xwells@example.com,Tarjeta,8719,Aaron Sanchez
6771780593,46.0,Masculino,Chicago,Muy Alto,8,70.71,Sí,No,Vegano,Sí,001-269-782-8864x8978,no completo,Tarjeta,16957,John Morales
7568788980,44.0,Femenino,Chicago,Alto,6,41.46,No,No,Carnes,No,no completo,no completo,App,8587,Tara Guzman
8049913202,58.0,Femenino,Chicago,Medio,4,26.18,No,Sí,Vegetariano,No,+1-937-301-6507x216,no completo,Tarjeta,2064,Lauren Pope
7730823799,29.0,Femenino,Chicago,Muy Alto,5,40.61,No,Sí,Otro,Sí,no completo,no completo,Tarjeta,16721,Sabrina Bonilla
8275338348,30.0,Masculino,Chicago,Alto,6,23.95,No,Sí,Otro,Sí,no completo,no completo,Tarjeta,6324,Brandon Hess
9774158209,47.0,Masculino,Chicago,Muy Alto,7,54.78,No,No,Vegetariano,Sí,(840)273-3428x481,no completo,Efectivo,16787,Robert Lester
4793830046,75.0,Masculino,Chicago,Medio,4,7.29,No,Sí,Vegano,Sí,no completo,no completo,Efectivo,2533,Jeremiah Everett
3035963541,61.0,Masculino,Chicago,Muy Alto,6,73.09,Sí,Sí,Carnes,Sí,(565)629-1030x662,no completo,Tarjeta,9258,Justin Morgan
3046169433,60.0,Femenino,Chicago,Medio,2,18.45,Sí,Sí,Carnes,No,no completo,no completo,App,2136,Maria Graves
8010755785,33.0,Femenino,Chicago,Medio,3,9.39,No,No,Carnes,No,no completo,no completo,Tarjeta,2408,Lisa Guerra
5919418601,54.0,Masculino,Chicago,Alto,6,44.76,No,No,Carnes,Sí,no completo,rowlandamanda@example.com,Tarjeta,7979,Todd Wong
6831310262,25.0,Masculino,Chicago,Alto,5,50.13,Sí,Sí,Vegetariano,No,no completo,no completo,Tarjeta,4697,Kevin Rivera
1243981785,56.0,Masculino,Chicago,Bajo,3,6.34,Sí,No,Vegetariano,No,(254)845-8173,turnerkevin@example.com,Tarjeta,1466,Timothy Lindsey
3555377116,47.0,Femenino,Chicago,Muy Alto,7,6.12,No,No,Carnes,Sí,001-401-545-4189x220,stacey61@example.org,Tarjeta,14695,Jasmine Best
9460641311,41.0,Masculino,Chicago,Medio,3,10.11,Sí,Sí,Vegetariano,No,733-951-9236x80691,bwhite@example.com,Efectivo,2086,George Walker
5432619159,53.0,Femenino,Chicago,Medio,5,22.04,No,No,Carnes,No,001-502-764-2562x83994,no completo,Tarjeta,3342,Melissa Wilson
1810155200,75.0,Masculino,Chicago,Alto,6,12.07,Sí,Sí,Carnes,Sí,no completo,no completo,Tarjeta,4610,Gregory Kim
1363534919,44.0,Femenino,Chicago,Medio,3,18.5,Sí,Sí,Vegetariano,No,001-504-392-5897,no completo,Tarjeta,3246,Sarah Johnson
1651365532,64.0,Femenino,Chicago,Alto,3,17.95,No,No,Vegetariano,No,no completo,jasonbrown@example.com,Efectivo,8267,Madeline Sanchez
3962326900,58.0,Femenino,Chicago,Bajo,3,9.92,No,Sí,Vegano,No,no completo,no completo,Efectivo,936,Monica Douglas
7139290141,47.0,Femenino,Chicago,Muy Alto,7,65.75,Sí,Sí,Vegetariano,Sí,no completo,jlee@example.net,Tarjeta,11151,Tammy Fernandez
9915126724,67.0,Femenino,Chicago,Medio,2,18.25,No,Sí,Carnes,No,+1-704-776-6294,justinpeters@example.com,Tarjeta,3069,Jennifer Carter
5436564595,55.0,Femenino,Chicago,Alto,4,52.35,No,No,Carnes,Sí,(837)688-2580,no completo,App,8073,Susan Lewis
2158638062,80.0,Femenino,Chicago,Medio,5,9.84,Sí,Sí,Pescado,No,+1-449-200-0317x849,no completo,Tarjeta,2041,Laura Johnson
2748557237,64.0,Femenino,Chicago,Muy Alto,5,45.23,Sí,Sí,Vegetariano,Sí,no completo,no completo,Efectivo,12009,Tammie Garza
7455906622,70.0,Femenino,Chicago,Bajo,3,6.26,Sí,Sí,Mariscos,No,no completo,no completo,Efectivo,1327,Katie Jones
6287819589,50.0,Femenino,Chicago,Bajo,1,8.93,No,No,Carnes,No,560-367-7909x68785,no completo,Efectivo,1258,Victoria Solis
3601954488,80.0,Femenino,Chicago,Alto,4,40.84,No,Sí,Carnes,Sí,467-731-8449x944,stacy22@example.net,Tarjeta,5789,Karen Oliver
6204862411,35.0,Masculino,Chicago,Bajo,2,9.28,No,Sí,Otro,No,no completo,no completo,Tarjeta,878,Eric Hanson
7350873780,39.0,Femenino,Chicago,Muy Alto,10,55.63,No,No,Vegano,Sí,no completo,no completo,Tarjeta,15510,Sabrina Collins
5994792212,38.0,Masculino,Chicago,Bajo,3,5.18,No,No,Otro,No,(811)343-4575x975,no completo,Efectivo,1129,Keith Young
6442888627,78.0,Femenino,Chicago,Alto,5,8.42,No,Sí,Otro,No,001-479-943-0583x8680,no completo,Efectivo,4421,Meredith Snow
4240148226,24.0,Femenino,Chicago,Bajo,1,9.74,Sí,Sí,Vegetariano,No,+1-538-766-2148,lnolan@example.org,Efectivo,1321,Cynthia Allen
6822269001,36.0,Masculino,Chicago,Medio,4,15.77,Sí,Sí,Mariscos,No,629-227-8427x66359,no completo,Tarjeta,2196,Jerry Ramos
8394040015,65.0,Masculino,Chicago,Medio,5,19.81,No,Sí,Vegetariano,No,no completo,no completo,App,2290,Shane Rivera
9472060093,44.0,Masculino,Chicago,Medio,5,15.52,No,No,Pescado,No,no completo,no completo,Efectivo,1899,Victor Gomez
2921716408,45.0,Femenino,Chicago,Medio,4,14.02,No,No,Vegetariano,No,774-594-8147,no completo,Efectivo,1723,Christine Gray
4897826540,43.0,Femenino,Chicago,Medio,3,19.2,Sí,No,Carnes,No,no completo,ujohnson@example.net,App,1714,Jenna Franklin
9366352575,51.0,Masculino,Chicago,Muy Alto,9,102.55,Sí,No,Pescado,Sí,775.233.4384x73647,no completo,Efectivo,11452,Jeffrey Fisher
9563508610,43.0,Femenino,Chicago,Medio,3,20.05,No,No,Mariscos,No,no completo,austintina@example.net,App,2411,Laura Gibson
9173145946,56.0,Masculino,Chicago,Alto,6,31.39,No,No,Pescado,No,no completo,michael22@example.org,Tarjeta,4945,Kyle Hayden
5577485214,55.0,Femenino,Chicago,Medio,4,20.13,Sí,Sí,Carnes,No,no completo,lopezamanda@example.net,Tarjeta,2108,Nancy Contreras
2590408851,49.0,Femenino,Chicago,Muy Alto,7,82.7,Sí,Sí,Carnes,Sí,no completo,no completo,Tarjeta,15253,Rachel Morales
2601297604,56.0,Masculino,Chicago,Alto,5,34.91,No,Sí,Carnes,Sí,6686387820,stephaniedavis@example.net,Tarjeta,4042,Brett Anderson
5814645976,25.0,Masculino,Chicago,Muy Alto,6,39.18,Sí,Sí,Pescado,Sí,6226792803,no completo,Tarjeta,16818,Gregory Hicks
6192036449,20.0,Masculino,Chicago,Bajo,3,9.25,No,Sí,Carnes,No,347.273.2720x207,no completo,Efectivo,898,Jacob Mejia
3519243506,22.0,Masculino,Chicago,Bajo,3,9.79,No,Sí,Carnes,No,948-767-0246x61385,no completo,Tarjeta,1424,Justin Murray
4250698831,76.0,Femenino,Chicago,Alto,4,44.39,Sí,No,Mariscos,No,+1-507-924-0126x9266,huntjack@example.com,Tarjeta,7448,Erin Mcclain
9042971865,28.0,Femenino,Chicago,Medio,3,9.82,No,Sí,Otro,No,no completo,kenneth17@example.net,Efectivo,2941,Victoria Thompson
6807760811,43.0,Masculino,Chicago,Alto,4,38.43,No,No,Mariscos,Sí,+1-970-819-8398x08776,brittneyrivera@example.org,App,7299,Martin Benitez
2878427679,21.0,Masculino,Chicago,Alto,5,34.31,Sí,Sí,Vegetariano,Sí,667.281.4802x988,no completo,App,5913,Omar Andrade
2884035554,54.0,Femenino,Chicago,Alto,5,5.11,No,No,Carnes,No,no completo,pmartinez@example.com,Efectivo,3938,Susan Nguyen
6151688714,44.0,Femenino,Chicago,Medio,2,11.7,Sí,No,Vegetariano,No,+1-242-580-3947x435,no completo,Tarjeta,3359,Brittany Dean
5949948022,62.0,Masculino,Chicago,Alto,4,12.74,No,Sí,Vegetariano,Sí,+1-624-861-6123,no completo,App,3505,Christian Martin
7432599794,26.0,Femenino,Chicago,Medio,5,7.73,No,Sí,Carnes,No,no completo,yoderjasmine@example.com,App,3441,Mariah Cooper
7248205931,77.0,Femenino,Chicago,Medio,5,17.74,Sí,Sí,Vegetariano,No,no completo,no completo,Efectivo,1933,Paula Stone
4059249271,70.0,Femenino,Chicago,Alto,6,52.51,No,Sí,Vegetariano,Sí,no completo,no completo,Tarjeta,5630,Evelyn Paul
8557322555,34.0,Masculino,Chicago,Medio,3,27.11,Sí,Sí,Otro,No,no completo,asmith@example.org,Efectivo,2041,Jeffery Ali
4491096011,61.0,Femenino,Chicago,Medio,5,23.44,No,Sí,Vegetariano,No,2864161725,larry58@example.net,Tarjeta,2553,Rebekah Stein
9714938728,65.0,Femenino,Chicago,Muy Alto,5,26.18,No,No,Carnes,Sí,901-891-8770,steven13@example.org,Tarjeta,11414,Rebecca Newton
8962275549,44.0,Femenino,Chicago,Bajo,1,5.61,Sí,Sí,Vegetariano,No,703-419-6715,no completo,Efectivo,1020,Daisy David
8200221515,76.0,Masculino,Chicago,Alto,4,48.42,No,No,Carnes,Sí,2492551317,no completo,Tarjeta,4536,Lawrence Rogers
1754368373,19.0,Masculino,Chicago,Alto,4,20.96,Sí,Sí,Carnes,Sí,no completo,tamarapope@example.com,Tarjeta,7883,Edward Love
8763140509,80.0,Femenino,Chicago,Alto,4,40.39,Sí,No,Carnes,Sí,no completo,george46@example.org,App,6314,Karla Camacho
4500620658,65.0,Masculino,Chicago,Alto,6,46.88,No,Sí,Mariscos,Sí,no completo,no completo,Tarjeta,6118,William Pollard
3028976016,51.0,Masculino,Chicago,Muy Alto,8,94.0,No,Sí,Carnes,Sí,379-547-4743x6717,no completo,Efectivo,17691,Joshua Cross
7371036644,33.0,Femenino,Chicago,Muy Alto,9,37.11,Sí,No,Vegano,Sí,+1-210-951-3298,no completo,App,9075,Teresa White
1426194630,79.0,Femenino,Chicago,Bajo,1,7.57,No,Sí,Carnes,No,no completo,colebrendan@example.net,Tarjeta,853,Deborah Molina
2982082161,19.0,Femenino,Chicago,Alto,4,5.61,Sí,Sí,Pescado,Sí,no completo,schneiderleah@example.com,Efectivo,7658,Eileen Thomas
8944237914,30.0,Femenino,Chicago,Alto,4,47.15,No,Sí,Mariscos,Sí,001-952-709-7974,qfranco@example.com,Tarjeta,6380,Karen Nguyen
3090995743,64.0,Femenino,Chicago,Muy Alto,5,64.55,Sí,Sí,Vegano,Sí,+1-767-526-3468x6635,no completo,App,12642,Donna Davis
4615129784,56.0,Femenino,Chicago,Medio,2,16.79,Sí,Sí,Carnes,No,6506442188,harrisnancy@example.net,App,2037,Ashley Rodriguez
9627481869,54.0,Femenino,Chicago,Medio,4,5.86,No,No,Carnes,No,no completo,daniellebrown@example.org,App,2418,Rachel Becker
7674424501,48.0,Masculino,Chicago,Medio,3,27.63,Sí,Sí,Carnes,No,no completo,no completo,Efectivo,3133,Eric Chapman
4293474442,60.0,Masculino,Chicago,Alto,4,36.81,No,No,Mariscos,Sí,no completo,no completo,Tarjeta,7323,Miguel Robinson
8445108027,19.0,Masculino,Chicago,Bajo,3,7.55,No,Sí,Carnes,No,001-434-372-5462x703,no completo,App,1145,Justin English
4170874367,69.0,Masculino,Chicago,Medio,4,22.94,Sí,Sí,Carnes,No,(821)312-8054,no completo,App,2081,John Cooke
8804262046,60.0,Masculino,Chicago,Medio,2,6.66,Sí,Sí,Vegano,No,no completo,no completo,App,2032,William Ramos
4080785875,62.0,Masculino,Chicago,Alto,4,39.18,No,Sí,Carnes,Sí,no completo,kevinhernandez@example.com,Efectivo,3635,Justin Alvarez
8468373279,67.0,Masculino,Chicago,Bajo,2,8.27,No,Sí,Carnes,No,517-808-0741x416,no completo,Tarjeta,1586,Michael Reyes
6723965714,36.0,Masculino,Chicago,Bajo,3,5.01,No,No,Carnes,No,001-545-562-4931x4435,bryantalexandria@example.org,Efectivo,1159,Robert Morgan
9368508491,33.0,Femenino,Chicago,Alto,5,20.13,Sí,Sí,Vegano,Sí,+1-794-923-6108x259,no completo,Criptomoneda,5055,Debra Brooks
3671352868,34.0,Masculino,Chicago,Medio,2,15.85,Sí,No,Pescado,No,no completo,jpierce@example.org,Efectivo,2350,Victor Jensen
4264490376,36.0,Femenino,Chicago,Bajo,2,5.14,Sí,Sí,Mariscos,No,no completo,sydney02@example.net,App,1429,Tina Larsen
3287663925,20.0,Masculino,Chicago,Medio,3,11.17,Sí,Sí,Vegano,No,no completo,medinachristie@example.net,Efectivo,2194,Alan Reyes
3367385291,41.0,Masculino,Chicago,Alto,6,24.53,Sí,No,Otro,No,no completo,no completo,Efectivo,8924,Randy Clark
7770939851,53.0,Femenino,Chicago,Alto,5,58.26,No,No,Carnes,Sí,(505)579-4738x9943,no completo,Efectivo,7295,Ashley Bauer
2119932866,48.0,Femenino,Chicago,Muy Alto,7,46.11,Sí,Sí,Carnes,Sí,no completo,laura40@example.org,Efectivo,17848,Donna Tucker
5068253267,28.0,Femenino,Chicago,Medio,3,25.26,Sí,Sí,Pescado,No,no completo,no completo,Tarjeta,2475,Gabriela Grimes
6329888646,23.0,Masculino,Chicago,Medio,4,18.61,Sí,Sí,Vegano,No,no completo,aaron08@example.org,App,2788,Kyle Guerrero
3644147638,42.0,Masculino,Chicago,Medio,5,27.59,Sí,No,Otro,No,no completo,mhale@example.com,App,2721,Phillip Santos
5151602251,20.0,Masculino,Chicago,Bajo,1,6.26,No,Sí,Vegetariano,No,no completo,andrew38@example.com,Efectivo,1470,Andrew Thomas
6075963527,22.0,Masculino,Chicago,Muy Alto,10,33.53,No,Sí,Mariscos,Sí,no completo,joan86@example.net,Efectivo,11144,David Turner
9646319363,27.0,Femenino,Chicago,Alto,4,45.82,Sí,Sí,Vegano,Sí,745.830.6950x4862,no completo,Tarjeta,5536,Angela Snyder
5438606305,78.0,Femenino,Chicago,Medio,5,21.17,Sí,Sí,Vegetariano,No,no completo,no completo,Efectivo,3367,Allison Franco
4476281093,25.0,Masculino,Chicago,Medio,4,25.49,No,Sí,Otro,No,no completo,no completo,App,3263,Jacob Haley
3177379883,60.0,Masculino,Chicago,Alto,5,51.36,No,Sí,Carnes,No,001-456-619-0215x9364,no completo,App,5720,James Silva
5902255727,47.0,Femenino,Chicago,Muy Alto,9,48.22,No,No,Mariscos,Sí,no completo,leonardjennifer@example.org,Efectivo,9519,Jamie Miranda
5932432769,67.0,Masculino,Chicago,Muy Alto,5,73.45,Sí,Sí,Carnes,Sí,no completo,maciasmisty@example.org,Efectivo,9034,David Rios
9655130898,28.0,Femenino,Chicago,Medio,2,18.37,No,Sí,Vegetariano,No,no completo,no completo,Efectivo,2467,Shawna Kirk
5528285106,41.0,Femenino,Chicago,Muy Alto,5,93.84,Sí,Sí,Carnes,Sí,(689)624-7933x0501,howeaaron@example.net,App,13898,Rose Kidd
6513039012,56.0,Masculino,Chicago,Medio,2,,Sí,No,Vegetariano,No,no completo,no completo,App,2821,Ralph Johnson
7429139034,75.0,Femenino,Chicago,Medio,5,9.05,Sí,No,Vegano,No,no completo,melissa05@example.com,Tarjeta,3018,Christine Ford
9316431723,37.0,Masculino,Chicago,Medio,2,9.98,Sí,Sí,Vegetariano,Sí,(214)283-5537x7122,karen96@example.net,App,3145,Jason Gonzalez
5842561021,27.0,Masculino,Chicago,Muy Alto,10,63.92,No,Sí,Carnes,Sí,no completo,no completo,Efectivo,9537,Kenneth Jackson
2793276442,35.0,Masculino,Chicago,Muy Alto,9,67.7,Sí,No,Carnes,Sí,001-647-495-7441,linda20@example.com,App,9901,Brian James
4576350158,58.0,Masculino,Chicago,Alto,5,35.89,Sí,Sí,Otro,Sí,(630)380-4216x9657,no completo,Efectivo,8763,Charles Wilson
8501277126,32.0,Femenino,Chicago,Muy Alto,5,77.24,Sí,Sí,Vegetariano,Sí,no completo,perezbrittney@example.org,App,10476,Kelly Lindsey
2419629493,40.0,Masculino,Chicago,Alto,5,39.48,No,Sí,Vegano,Sí,no completo,emily44@example.org,Efectivo,4965,Steven Webster
5768911145,30.0,Femenino,Chicago,Muy Alto,5,75.75,No,Sí,Vegetariano,Sí,no completo,no completo,App,14181,Elizabeth Williams
6698393081,72.0,Femenino,Chicago,Alto,3,32.36,No,Sí,Otro,No,405.885.5398x0196,no completo,Efectivo,4025,Mary Strickland
6501575683,60.0,Masculino,Chicago,Bajo,3,9.1,No,No,Mariscos,No,no completo,donaldpark@example.net,Efectivo,1420,Brian Curtis
8114987657,79.0,Femenino,Chicago,Medio,3,25.82,Sí,No,Vegano,Sí,254.658.8592x0717,no completo,App,1848,Laurie Sandoval
9418700024,39.0,Masculino,Chicago,Alto,5,43.08,Sí,Sí,Vegetariano,Sí,no completo,no completo,Efectivo,7306,Robert Lewis
7973925109,27.0,Femenino,Chicago,Bajo,2,6.62,No,Sí,Carnes,No,767.382.0069x95551,no completo,App,868,Tracy Newton
4622440617,77.0,Masculino,Chicago,Muy Alto,10,58.3,No,No,Carnes,Sí,+1-970-975-9186x035,no completo,Tarjeta,17292,Richard Underwood
9624806504,62.0,Masculino,Chicago,Medio,3,11.58,Sí,Sí,Carnes,No,(806)578-1393,sophia73@example.net,Tarjeta,3031,Matthew Guzman
4792135573,24.0,Masculino,Chicago,Medio,3,14.67,No,Sí,Mariscos,No,001-626-391-8604x0963,william01@example.net,Tarjeta,2868,Alexander Weber
3052364900,60.0,Masculino,Chicago,Alto,3,30.36,No,No,Mariscos,Sí,659-853-1955,ecalhoun@example.org,Tarjeta,8556,Nicholas Bates
2099184899,33.0,Masculino,Chicago,Medio,5,16.46,No,Sí,Vegetariano,No,no completo,lcarter@example.org,Criptomoneda,1736,Scott Meza
3459034771,29.0,Femenino,Chicago,Alto,4,23.14,Sí,Sí,Vegano,No,+1-242-860-2148x7132,stephenschad@example.com,App,4370,Emily Duncan
1637848447,24.0,Masculino,Chicago,Medio,3,10.54,No,Sí,Vegano,No,(689)736-9059,no completo,Tarjeta,2047,Matthew Terry
8266647006,80.0,Femenino,Chicago,Medio,2,8.05,Sí,No,Vegano,No,no completo,brian89@example.com,Efectivo,2591,Samantha James
6642422190,39.0,Masculino,Chicago,Muy Alto,10,61.11,Sí,No,Carnes,Sí,558-946-8903,stewartjohn@example.com,Efectivo,13065,Bradley Smith
4100395865,29.0,Femenino,Chicago,Bajo,2,7.23,No,Sí,Vegano,No,no completo,mullinsraymond@example.org,Criptomoneda,817,Teresa Johnson
3459037713,74.0,Femenino,Chicago,Muy Alto,7,45.99,No,Sí,Vegano,Sí,no completo,no completo,Efectivo,16778,Betty Dixon
1766285595,19.0,Femenino,Chicago,Bajo,3,7.84,Sí,Sí,Carnes,No,3399599377,no completo,Tarjeta,856,Suzanne Perez
5912460173,27.0,Femenino,Chicago,Medio,2,11.81,No,Sí,Carnes,No,+1-875-917-0058x8291,hendersonstephen@example.org,App,2715,Angela Clements
9397526641,50.0,Masculino,Chicago,Medio,3,26.49,Sí,No,Vegetariano,No,no completo,no completo,App,1698,Marc Lopez
5272511859,78.0,Masculino,Chicago,Muy Alto,5,22.45,Sí,Sí,Carnes,Sí,(710)973-6656x129,craig28@example.com,App,10782,Lawrence Walsh
8545210932,19.0,Masculino,Chicago,Bajo,1,7.93,No,Sí,Carnes,No,no completo,megan29@example.org,App,1059,Robert Pugh
3799657614,70.0,Femenino,Chicago,Bajo,1,6.94,No,Sí,Vegetariano,No,no completo,isabellakidd@example.com,Tarjeta,1394,Denise Camacho
2556681746,66.0,Masculino,Chicago,Bajo,1,7.85,Sí,Sí,Carnes,No,no completo,singhjessica@example.org,Efectivo,942,Jeffrey Hill
1868928053,67.0,Femenino,Chicago,Alto,6,21.69,Sí,Sí,Carnes,No,+1-394-465-3700x3310,no completo,Tarjeta,7671,Christine Hall
5954843702,71.0,Femenino,Chicago,Medio,3,27.62,No,Sí,Otro,Sí,+1-467-433-7548x2565,treynolds@example.com,Tarjeta,2647,Elizabeth Ibarra
2348932586,18.0,Femenino,Chicago,Alto,6,8.42,Sí,Sí,Vegetariano,No,no completo,no completo,Efectivo,5971,Katie Rosario
2666980658,24.0,Femenino,Chicago,Bajo,3,8.29,Sí,Sí,Vegano,No,+1-464-379-7504,no completo,Efectivo,815,Stephanie Wilson
8988896196,67.0,Femenino,Chicago,Bajo,3,8.93,Sí,No,Vegano,No,001-367-874-9971x258,omclaughlin@example.com,Tarjeta,836,Jaime Davis
7937813214,75.0,Masculino,Chicago,Muy Alto,5,11.26,Sí,No,Pescado,Sí,398.864.0157x8306,robertowen@example.net,Tarjeta,17890,Manuel Ramirez
8902576545,38.0,Masculino,Chicago,Muy Alto,8,85.46,No,Sí,Pescado,Sí,no completo,lwalker@example.org,Tarjeta,16266,Jonathan Jackson
3191999057,22.0,Masculino,Chicago,Alto,4,31.89,No,Sí,Carnes,No,4075328024,no completo,Tarjeta,6463,Mark Parker
3796412934,37.0,Masculino,Chicago,Muy Alto,6,101.38,No,No,Carnes,Sí,no completo,paulbennett@example.org,App,9927,James Miller
1141461348,45.0,Femenino,Chicago,Alto,6,30.16,No,Sí,Carnes,No,no completo,klevy@example.com,Tarjeta,3811,Victoria Kennedy
2453107692,38.0,Masculino,Chicago,Alto,5,53.75,No,Sí,Vegetariano,Sí,001-338-827-4431x027,no completo,App,3704,Timothy Gonzalez
3751770347,73.0,Masculino,Chicago,Medio,3,18.85,Sí,No,Otro,No,638-843-8399x508,no completo,Efectivo,3393,Travis Walker
6359242586,80.0,Femenino,Chicago,Alto,6,50.49,Sí,No,Pescado,No,no completo,ibray@example.net,App,7559,Caroline Walker
8643636805,52.0,Femenino,Chicago,Medio,3,15.42,No,No,Carnes,No,no completo,stephenschristian@example.org,Tarjeta,1856,Alison Griffith
6459909058,65.0,Femenino,Chicago,Bajo,1,8.44,No,Sí,Vegano,No,no completo,mwilkins@example.com,Tarjeta,1521,Angel Warren
7139225080,40.0,Femenino,Chicago,Muy Alto,10,75.76,No,No,Carnes,Sí,+1-394-249-0324x77062,marissa11@example.org,Tarjeta,10639,Jessica Moore
4715477780,50.0,Masculino,Chicago,Alto,4,55.48,Sí,Sí,Vegetariano,Sí,(725)266-9724x186,no completo,Efectivo,4352,Anthony Peterson
5317105328,76.0,Masculino,Chicago,Bajo,3,5.28,Sí,No,Carnes,No,793.404.3700,brandon41@example.net,Efectivo,1449,Andrew Wall
5823128922,55.0,Femenino,Chicago,Medio,3,18.36,No,Sí,Vegano,No,no completo,no completo,Efectivo,2113,Christina White
2293611091,18.0,Masculino,Chicago,Alto,6,27.06,No,Sí,Vegetariano,Sí,no completo,no completo,Efectivo,5666,Jared Howell
4289675520,30.0,Masculino,Chicago,Medio,3,6.5,Sí,Sí,Vegetariano,No,no completo,roy20@example.net,App,2349,William Kelley
8239941612,43.0,Femenino,Chicago,Alto,4,39.91,No,Sí,Vegetariano,Sí,001-766-951-4154x854,no completo,Efectivo,6841,Judith Warren
4113031079,45.0,Femenino,Chicago,Medio,3,17.87,No,No,Vegano,No,no completo,no completo,Efectivo,2651,Andrea May
5900600308,50.0,Masculino,Chicago,Medio,4,27.34,Sí,Sí,Mariscos,No,no completo,bhernandez@example.org,Tarjeta,2161,Jose Garza
9621386065,24.0,Masculino,Chicago,Alto,5,54.88,Sí,Sí,Otro,Sí,no completo,rivasfrank@example.net,Tarjeta,7678,Joshua Patton
9030426612,39.0,Femenino,Chicago,Bajo,3,6.39,Sí,No,Mariscos,No,645.371.8253x95700,no completo,Tarjeta,824,Danielle Gordon
9049868334,56.0,Femenino,Chicago,Medio,5,18.27,No,Sí,Mariscos,No,335-474-6572,no completo,Tarjeta,1687,Laura Hayes
3981318284,20.0,Masculino,Chicago,Medio,5,16.08,Sí,Sí,Carnes,No,+1-445-980-1180x6193,michaelreed@example.org,App,2967,Eric Powers
6986643410,62.0,Femenino,Chicago,Medio,5,23.42,Sí,Sí,Vegetariano,No,216-826-0907,jeanettewolfe@example.com,App,3355,Jessica Jones
8900454771,57.0,Masculino,Chicago,Muy Alto,8,103.82,No,Sí,Pescado,Sí,no completo,no completo,Tarjeta,11780,Paul Hill
5635275367,53.0,Femenino,Chicago,Alto,4,35.31,Sí,Sí,Mariscos,Sí,597-200-6234,no completo,Efectivo,8111,Sonya Martinez
9517292154,53.0,Femenino,Chicago,Medio,4,11.45,Sí,Sí,Carnes,Sí,no completo,no completo,Criptomoneda,3423,Andrea Perez
2602591943,25.0,Masculino,Chicago,Medio,2,28.56,Sí,Sí,Carnes,No,no completo,no completo,App,2500,Jose Wood
4898351305,48.0,Masculino,Chicago,Medio,2,29.26,No,Sí,Carnes,No,no completo,no completo,App,1918,Ricardo Hogan
2717905297,44.0,Masculino,Chicago,Muy Alto,6,57.26,No,Sí,Carnes,Sí,no completo,larryperkins@example.com,Tarjeta,12692,Thomas Johnson
4863155534,68.0,Masculino,Chicago,Alto,4,30.17,Sí,No,Carnes,No,no completo,no completo,Efectivo,6206,Mitchell Rodriguez
9557432005,68.0,Femenino,Chicago,Alto,6,41.37,Sí,No,Vegetariano,Sí,no completo,no completo,Tarjeta,3507,Elizabeth Hayes
9018151306,74.0,Femenino,Chicago,Medio,4,20.34,No,No,Vegetariano,No,no completo,no completo,Tarjeta,3448,Heather Benson
6572069519,31.0,Masculino,Chicago,Bajo,1,5.3,Sí,Sí,Vegano,No,no completo,no completo,Tarjeta,864,Brian Morton
5840960618,30.0,Masculino,Chicago,Alto,3,18.03,No,Sí,Mariscos,Sí,no completo,barbara30@example.com,Tarjeta,4450,Eugene Peterson
9171679518,46.0,Femenino,Chicago,Muy Alto,9,90.98,Sí,Sí,Vegetariano,Sí,no completo,jflynn@example.org,Efectivo,15616,Brenda Duarte
2455579672,62.0,Masculino,Chicago,Bajo,1,7.51,Sí,Sí,Pescado,No,(733)336-3775,no completo,Tarjeta,1337,Scott Oliver
9989062562,42.0,Femenino,Chicago,Alto,5,24.67,Sí,Sí,Pescado,No,424.684.9444,no completo,Tarjeta,4552,Elizabeth Murillo
8641810409,28.0,Masculino,Chicago,Muy Alto,10,96.33,Sí,Sí,Mariscos,Sí,+1-478-858-4176x914,no completo,App,15347,Manuel Johnson
5395736405,29.0,Masculino,Chicago,Medio,5,14.82,Sí,Sí,Carnes,No,787.606.0602x9335,no completo,Tarjeta,3372,Edwin Morrison
3323413997,32.0,Femenino,Chicago,Alto,4,41.42,Sí,Sí,Pescado,No,no completo,christinamcgee@example.net,Tarjeta,4480,Morgan Palmer
1640486894,66.0,Femenino,Chicago,Bajo,2,8.16,Sí,Sí,Carnes,No,(924)500-4052x401,no completo,Efectivo,1362,Kelly Klein
6751579077,42.0,Masculino,Chicago,Alto,4,35.67,Sí,Sí,Otro,No,no completo,no completo,Tarjeta,4703,Timothy Garcia
7700772345,35.0,Masculino,Chicago,Alto,6,52.79,No,Sí,Carnes,Sí,no completo,no completo,App,7361,Cody Frazier
8115989260,54.0,Masculino,Chicago,Alto,5,54.78,Sí,Sí,Carnes,Sí,785.432.6195x516,no completo,Efectivo,4161,Gary Moore
8511143137,24.0,Femenino,Chicago,Medio,2,6.46,No,Sí,Otro,No,550-365-5881,ypierce@example.net,App,3322,Shawna West
8152259379,43.0,Masculino,Chicago,Medio,2,10.71,No,Sí,Carnes,No,9744908708,no completo,Tarjeta,1886,James Barajas
8351288845,29.0,Masculino,Chicago,Alto,4,6.93,Sí,Sí,Carnes,Sí,946-795-5842x773,no completo,Tarjeta,5627,Daniel Wells
5669349652,31.0,Masculino,Chicago,Alto,6,16.01,Sí,No,Vegetariano,No,+1-619-792-4702x053,davidgarcia@example.org,Efectivo,7126,Brent Contreras
6124453431,27.0,Masculino,Chicago,Medio,3,20.89,Sí,Sí,Pescado,No,no completo,jack76@example.com,App,3043,Matthew Cooper
9860949331,66.0,Femenino,Chicago,Bajo,1,5.44,Sí,Sí,Vegano,No,781-779-0382,no completo,Tarjeta,1206,Jessica Jordan
6882085133,25.0,Masculino,Chicago,Medio,5,5.96,No,Sí,Vegetariano,No,no completo,no completo,App,3481,Richard Stevenson
4998328441,38.0,Femenino,Chicago,Alto,4,50.61,Sí,Sí,Mariscos,Sí,545-800-6087x9528,uhenry@example.org,Criptomoneda,8207,Jaime Costa
7284927359,24.0,Masculino,Chicago,Medio,2,22.88,No,Sí,Pescado,No,+1-556-263-3516x76190,no completo,App,3479,Jeffrey Lee
9112819263,40.0,Femenino,Chicago,Alto,5,20.72,Sí,Sí,Vegano,Sí,(750)439-4244,samuel22@example.com,App,6870,Angel Campbell
5853407612,68.0,Femenino,Chicago,Alto,4,9.46,No,Sí,Carnes,Sí,929.548.1931x125,jennifer36@example.net,Efectivo,8134,Jennifer Wood
8540250413,33.0,Masculino,Chicago,Alto,6,21.13,No,Sí,Mariscos,Sí,485.742.6320x997,no completo,Tarjeta,5341,Matthew Jones
6122110529,60.0,Masculino,Chicago,Medio,3,10.52,No,Sí,Mariscos,No,815.462.1953x46532,no completo,App,3451,Brian Harmon
8448666187,54.0,Femenino,Chicago,Alto,5,15.88,No,No,Carnes,Sí,532-634-9646x87826,patricia35@example.org,App,7962,Linda Nelson
8523427457,21.0,Masculino,Chicago,Medio,3,13.9,Sí,Sí,Carnes,No,(424)489-6608,no completo,Tarjeta,2769,Travis Smith
7626150744,24.0,Masculino,Chicago,Medio,3,14.33,No,Sí,Vegetariano,No,no completo,no completo,Efectivo,2716,Robert Sellers
3932727039,75.0,Masculino,Chicago,Medio,4,5.57,Sí,No,Carnes,No,241.278.0727,no completo,Efectivo,3454,Ronald Khan
1570268148,70.0,Femenino,Chicago,Alto,6,28.64,Sí,No,Carnes,No,3424609322,no completo,Tarjeta,8740,Susan Hall
6265756641,51.0,Masculino,Chicago,Muy Alto,10,70.45,Sí,Sí,Carnes,Sí,(482)474-8756x49075,no completo,Tarjeta,9270,Joshua Sims
9942921105,69.0,Femenino,Chicago,Bajo,2,9.31,Sí,Sí,Carnes,No,no completo,gking@example.net,Efectivo,883,Brenda Huff
6114500313,26.0,Femenino,Chicago,Medio,3,13.07,Sí,Sí,Mariscos,No,no completo,kimberly00@example.org,Tarjeta,2300,Lisa Brown
4824397863,67.0,Masculino,Chicago,Bajo,3,6.49,Sí,No,Otro,No,no completo,morasamantha@example.com,App,971,Barry Stevens
9264143912,24.0,Masculino,Chicago,Alto,4,32.33,Sí,Sí,Vegetariano,Sí,9363217334,nathanielbrandt@example.com,Tarjeta,4816,Brian Brown
5727735496,59.0,Masculino,Chicago,Medio,5,23.19,Sí,Sí,Vegetariano,No,443.976.0730x30984,no completo,Efectivo,2781,Timothy Evans
8433519273,50.0,Masculino,Chicago,Alto,5,14.93,Sí,Sí,Mariscos,Sí,no completo,cindymanning@example.com,Tarjeta,4294,John Shea
7776700317,70.0,Femenino,Chicago,Medio,2,20.05,No,No,Carnes,No,001-780-287-9225x8984,eric96@example.org,Tarjeta,3475,Nancy Fischer
9048799793,71.0,Masculino,Chicago,Alto,6,56.66,Sí,No,Mariscos,Sí,no completo,kristina84@example.net,Criptomoneda,5507,Kevin Hunter
5367318131,77.0,Femenino,Chicago,Medio,5,29.77,No,Sí,Vegetariano,No,(762)598-2423x2313,no completo,Efectivo,3267,Candice May
8048669615,20.0,Masculino,Chicago,Medio,3,18.21,No,Sí,Otro,No,001-758-855-8179x77969,corey24@example.com,Tarjeta,2153,Joshua Smith
6877052039,21.0,Masculino,Chicago,Alto,3,56.04,Sí,Sí,Vegano,Sí,no completo,wjefferson@example.org,Tarjeta,5790,William Harper
5027953302,78.0,Femenino,Chicago,Medio,3,21.58,No,No,Otro,No,no completo,ronald22@example.com,Tarjeta,3492,Barbara Ritter
2260363816,73.0,Femenino,Chicago,Alto,4,6.07,No,Sí,Pescado,No,no completo,no completo,Tarjeta,6339,Tammy Johnson
6009983733,67.0,Masculino,Chicago,Alto,4,5.58,Sí,Sí,Mariscos,Sí,558.258.7370x4747,no completo,App,8247,Joshua Thompson
5631660384,31.0,Masculino,Chicago,Alto,6,18.13,No,No,Otro,Sí,001-902-649-6190x765,emilyyoung@example.com,Efectivo,7363,Douglas Wong
1675534486,54.0,Masculino,Chicago,Medio,5,5.71,Sí,No,Carnes,No,no completo,no completo,App,2377,Daniel Shepard
3190162350,51.0,Femenino,Chicago,Alto,4,48.21,Sí,Sí,Carnes,Sí,no completo,justinbrown@example.net,Efectivo,4378,Laurie Jones
6734947456,52.0,Masculino,Chicago,Medio,5,7.33,Sí,No,Carnes,No,(878)236-7465x9888,mark31@example.net,Tarjeta,2573,Douglas Miller
1459774564,80.0,Masculino,Chicago,Alto,6,32.19,No,No,Vegetariano,No,no completo,shelbygregory@example.org,App,5100,Paul Caldwell
5326000497,29.0,Femenino,Chicago,Medio,3,24.16,Sí,Sí,Carnes,No,no completo,no completo,Efectivo,2792,Emily Moon
8612441673,24.0,Masculino,Chicago,Medio,4,9.02,Sí,Sí,Carnes,No,no completo,no completo,App,2222,Charles Morris
1329869970,42.0,Masculino,Chicago,Medio,3,25.23,No,No,Carnes,No,727.833.3020,no completo,Efectivo,2804,Ronald Ward
4221741859,37.0,Masculino,Chicago,Medio,3,26.94,No,Sí,Mariscos,Sí,(956)864-2940x265,no completo,Tarjeta,2484,Derek Yang
3881503651,18.0,Femenino,Chicago,Muy Alto,6,26.05,Sí,Sí,Otro,Sí,(428)364-2386x1078,no completo,Tarjeta,13882,Haley Villegas
6083811608,37.0,Femenino,Chicago,Muy Alto,9,44.9,Sí,Sí,Otro,Sí,(979)983-3896,duncancarlos@example.org,Efectivo,10961,Gail Medina
4033540260,78.0,Masculino,Chicago,Alto,5,32.99,Sí,Sí,Carnes,Sí,no completo,pattersonjenny@example.net,App,6564,Aaron Lowery
9215678070,23.0,Femenino,Chicago,Alto,4,18.16,No,Sí,Carnes,Sí,+1-470-932-0783x293,mbrady@example.org,Tarjeta,8210,Amber Melton
7046757417,49.0,Femenino,Chicago,Muy Alto,9,21.42,Sí,Sí,Otro,Sí,510-623-6541,eric31@example.net,Criptomoneda,10644,Amanda Davis
4597117220,41.0,Femenino,Chicago,Bajo,3,9.62,Sí,No,Carnes,No,no completo,no completo,App,1471,Wendy Clark
4174051339,75.0,Masculino,Chicago,Bajo,1,7.2,Sí,No,Vegano,No,351.440.8400x507,schaeferkatherine@example.com,Tarjeta,1217,Jason Lopez
7998565225,29.0,Femenino,Chicago,Muy Alto,9,47.24,Sí,No,Mariscos,Sí,001-864-880-2784,amberhernandez@example.net,Tarjeta,12514,Jennifer Henderson
6113994946,31.0,Femenino,Chicago,Bajo,1,9.1,Sí,No,Pescado,No,747.415.1056x1299,johnsonjoshua@example.org,App,1326,Katie Rodriguez
9357636067,53.0,Femenino,Chicago,Alto,4,13.2,No,Sí,Carnes,Sí,no completo,tanyafoster@example.com,Efectivo,6444,Vanessa Cameron
1230339523,57.0,Masculino,Chicago,Alto,6,41.88,Sí,Sí,Pescado,Sí,no completo,christinahernandez@example.org,Efectivo,4860,Christopher Dyer
3929827295,64.0,Femenino,Chicago,Medio,3,23.19,Sí,Sí,Carnes,No,no completo,no completo,Tarjeta,3402,Cynthia Anderson
7911193831,58.0,Femenino,Chicago,Medio,3,26.79,No,Sí,Vegetariano,No,+1-442-769-2769,phanson@example.net,Efectivo,2242,Sheila Montoya
3027671630,57.0,Femenino,Chicago,Alto,4,48.97,Sí,No,Carnes,Sí,(803)274-7678,greermaria@example.net,Efectivo,5049,Emily Smith
4579265601,44.0,Masculino,Chicago,Alto,4,12.49,No,Sí,Mariscos,Sí,941-614-4256x5386,chart@example.net,Efectivo,3621,John Johnson
8521463304,34.0,Femenino,Chicago,Bajo,3,7.56,No,No,Vegetariano,No,no completo,no completo,Efectivo,1114,Kathryn Scott
9916752775,42.0,Masculino,Chicago,Medio,5,23.89,Sí,No,Mariscos,No,no completo,kimberly79@example.org,Tarjeta,2772,John Rivera
9288057824,80.0,Masculino,Chicago,Alto,6,7.82,No,Sí,Pescado,Sí,(249)398-7545x81990,lori67@example.com,Tarjeta,6824,Michael Crawford
4673629009,25.0,Masculino,Chicago,Alto,5,46.33,Sí,No,Otro,Sí,no completo,no completo,Efectivo,8449,Jeffery Brown
8288680975,24.0,Femenino,Chicago,Medio,3,14.46,No,No,Carnes,No,296.651.7124,tkhan@example.org,App,1918,Carolyn Cooper
2670582105,50.0,Masculino,Chicago,Muy Alto,9,59.34,Sí,No,Vegetariano,Sí,no completo,no completo,Tarjeta,14900,Ralph Cantrell
1918814085,44.0,Femenino,Chicago,Muy Alto,8,92.73,Sí,No,Carnes,Sí,791.751.4732x957,nicholsmark@example.org,Tarjeta,14311,Rachel Heath
8515059507,39.0,Femenino,Chicago,Medio,5,17.35,Sí,Sí,Vegetariano,Sí,no completo,no completo,Efectivo,1761,Sandra Brown
8844221158,43.0,Femenino,Chicago,Alto,5,7.11,Sí,Sí,Vegano,Sí,no completo,jaimecollins@example.com,Criptomoneda,3774,Jennifer Ellis
3454890016,67.0,Femenino,Chicago,Medio,3,27.97,Sí,Sí,Vegetariano,No,429-393-2699,no completo,App,2516,Kathleen Griffith
1531125769,66.0,Masculino,Chicago,Medio,3,11.24,Sí,Sí,Mariscos,No,681.205.2024,no completo,Tarjeta,3200,Robert Crawford
6044419595,77.0,Masculino,Chicago,Bajo,1,7.23,Sí,Sí,Vegetariano,No,453-983-2078,shall@example.com,Efectivo,1058,Marvin Smith
5435473617,75.0,Masculino,Chicago,Bajo,1,5.01,No,No,Pescado,No,no completo,laceypowell@example.com,App,951,Scott Bird
2837573743,47.0,Masculino,Chicago,Muy Alto,6,100.46,No,No,Vegano,Sí,no completo,wjones@example.net,App,13266,Michael Thompson
3961029969,80.0,Femenino,Chicago,Muy Alto,10,90.81,No,Sí,Vegano,Sí,no completo,no completo,Tarjeta,15365,Regina Robertson
8123833948,58.0,Femenino,Chicago,Medio,5,5.8,Sí,Sí,Vegetariano,No,+1-693-448-6663x66739,catherine85@example.org,App,2216,Katherine Harrison
7098746030,75.0,Masculino,Chicago,Medio,5,5.95,Sí,Sí,Vegetariano,No,(941)265-8418,no completo,Tarjeta,3280,Richard Freeman
3088037226,74.0,Femenino,Chicago,Muy Alto,10,67.17,Sí,Sí,Vegetariano,Sí,604-472-6774,ashley97@example.com,App,9550,Lauren Gutierrez
2969324878,44.0,Femenino,Chicago,Medio,4,29.36,Sí,Sí,Vegano,No,+1-911-538-3589x76749,heidibrown@example.net,Tarjeta,2651,Donna Cantu
5270048042,79.0,Femenino,Chicago,Muy Alto,7,50.31,Sí,No,Carnes,Sí,7312095373,no completo,App,9804,Tracey Garcia
6258160573,19.0,Femenino,Chicago,Medio,3,25.12,Sí,Sí,Otro,No,+1-878-469-0361x843,petersoneric@example.net,Tarjeta,2418,Jennifer Jones
5845578408,66.0,Femenino,Chicago,Medio,3,17.89,Sí,No,Vegetariano,Sí,no completo,no completo,Efectivo,2772,Kathleen Warren
6973554506,52.0,Femenino,Chicago,Medio,5,20.92,Sí,No,Carnes,No,no completo,carl40@example.net,Efectivo,3284,Hannah Kennedy
5421552602,44.0,Masculino,Chicago,Medio,2,24.87,Sí,Sí,Otro,No,001-372-665-4014x478,no completo,Tarjeta,2395,Kyle Chapman
7425901764,51.0,Femenino,Chicago,Medio,3,6.46,No,No,Carnes,No,373.728.6794x521,rchandler@example.org,Tarjeta,3488,Jacqueline Evans
8552936080,24.0,Masculino,Chicago,Bajo,2,9.56,No,Sí,Carnes,No,no completo,bryan52@example.org,App,989,Walter Hudson
4646774177,50.0,Masculino,Chicago,Bajo,1,7.29,Sí,Sí,Otro,No,001-292-919-1735x25274,no completo,App,1066,William Haley
5654007427,39.0,Femenino,Chicago,Bajo,3,6.67,No,Sí,Mariscos,No,(630)561-2369,no completo,Tarjeta,1114,Jo Lopez
1174964107,73.0,Femenino,Chicago,Muy Alto,9,29.5,No,No,Carnes,Sí,no completo,royedwards@example.com,Criptomoneda,12678,Diane Mendoza
9362767608,31.0,Masculino,Chicago,Alto,6,51.66,Sí,No,Vegetariano,Sí,(881)201-7285x6064,no completo,Efectivo,5416,Charles Turner
7523681065,61.0,Femenino,Chicago,Muy Alto,3,77.49,Sí,Sí,Pescado,Sí,+1-751-379-1133x10149,lorijohnson@example.net,App,15669,Meghan Yates
8854432785,51.0,Masculino,Chicago,Alto,4,37.58,No,Sí,Mariscos,Sí,+1-478-780-5118x192,no completo,App,5651,David Forbes
3190152054,29.0,Femenino,Chicago,Alto,4,56.09,Sí,Sí,Otro,Sí,no completo,no completo,Tarjeta,5110,Lori Stone
3897499859,43.0,Femenino,Chicago,Medio,3,22.29,Sí,Sí,Otro,No,no completo,eescobar@example.org,Efectivo,2954,Angela Anderson
1121891009,21.0,Masculino,Chicago,Alto,6,41.77,Sí,Sí,Pescado,Sí,389.215.7222,no completo,Efectivo,3727,Travis Brown
1557097204,44.0,Femenino,Chicago,Alto,6,49.16,No,No,Carnes,No,no completo,andrew04@example.com,Tarjeta,6911,Angela Avila
5982624410,63.0,Femenino,Chicago,Muy Alto,5,32.48,No,Sí,Mariscos,Sí,478.917.9668x82057,carterbrian@example.com,Tarjeta,10286,Chelsey Ramirez
2389158546,50.0,Masculino,Chicago,Medio,2,28.9,No,Sí,Vegano,No,(754)617-6435x008,jenniferhutchinson@example.org,Efectivo,1831,Joseph White
2546533116,40.0,Femenino,Chicago,Alto,4,15.32,No,Sí,Carnes,Sí,no completo,lloydchristine@example.net,Efectivo,8913,Donna Ochoa
3143135648,61.0,Masculino,Chicago,Alto,4,7.64,No,Sí,Vegetariano,Sí,947-699-8933x9967,no completo,App,8017,Jorge Harrison
4051103445,70.0,Masculino,Chicago,Bajo,1,8.47,No,Sí,Otro,No,690-269-5763x565,lhickman@example.net,Tarjeta,1033,James Smith
8256220336,51.0,Masculino,Chicago,Medio,4,6.55,No,No,Mariscos,No,no completo,no completo,App,2059,Daniel Bush
7745467498,61.0,Femenino,Chicago,Muy Alto,8,14.4,No,Sí,Carnes,Sí,752-932-4623,christopherbass@example.net,Efectivo,16012,Tammie Cooke
4313408723,52.0,Masculino,Chicago,Alto,3,12.14,No,No,Vegetariano,No,941-614-4256x5386,chart@example.net,App,6180,John Johnson
9550129822,55.0,Masculino,Chicago,Bajo,2,9.84,No,No,Mariscos,No,(862)664-6650x76906,kristyclark@example.net,App,1387,Gary Mills
3915147015,21.0,Masculino,Chicago,Alto,3,37.48,No,Sí,Vegetariano,Sí,464-674-7275,jeffery39@example.net,Efectivo,6613,John Gibson
3644389706,48.0,Masculino,Chicago,Muy Alto,9,14.43,Sí,No,Vegetariano,Sí,no completo,no completo,Efectivo,11114,Travis Figueroa
7331491752,25.0,Femenino,Chicago,Muy Alto,8,70.16,No,Sí,Pescado,Sí,(771)494-7265,no completo,Efectivo,13565,Julie Martinez
7777194242,69.0,Masculino,Chicago,Medio,3,9.16,No,Sí,Carnes,No,+1-753-399-1705x792,jenkinssandra@example.com,App,1636,Douglas Brown
4914616473,59.0,Masculino,Chicago,Medio,5,9.21,Sí,No,Pescado,No,001-623-664-9041,fergusonjose@example.net,Efectivo,3278,Micheal Nash
4884431164,24.0,Masculino,Chicago,Muy Alto,7,69.75,Sí,Sí,Mariscos,Sí,no completo,no completo,Efectivo,14027,Raymond Brandt
9927236627,34.0,Masculino,Chicago,Medio,3,14.06,No,No,Mariscos,No,758.242.4443x916,no completo,Tarjeta,3465,Justin Castro
8157277882,66.0,Masculino,Chicago,Medio,5,12.5,No,No,Carnes,No,972.501.4568x1406,amandaharper@example.net,Efectivo,3427,Raymond Coleman
7800680768,20.0,Masculino,Chicago,Bajo,3,9.15,No,Sí,Carnes,No,no completo,rhodescarolyn@example.net,Efectivo,1163,Trevor Medina
2074249850,41.0,Femenino,Chicago,Medio,5,16.65,Sí,Sí,Vegetariano,No,no completo,kristin16@example.com,Tarjeta,1990,Nicole Wright
4249197072,61.0,Masculino,Chicago,Alto,6,56.85,No,Sí,Carnes,No,no completo,fcontreras@example.net,Efectivo,3786,Eric Cooper
4436406092,27.0,Femenino,Chicago,Alto,6,29.45,Sí,Sí,Otro,Sí,001-980-324-0618x802,no completo,App,5236,Shelby Duran
9469503331,43.0,Masculino,Chicago,Alto,6,29.85,Sí,Sí,Vegetariano,Sí,332-790-4561x0281,no completo,Efectivo,7596,Jeffrey Anderson
5314986270,71.0,Masculino,Chicago,Alto,4,39.62,No,Sí,Pescado,Sí,no completo,no completo,App,6847,Darin White
1220530480,22.0,Femenino,Chicago,Alto,5,49.3,No,Sí,Vegano,Sí,605-303-5421x771,denisewilson@example.net,App,6443,Jessica Dodson
8468071953,72.0,Masculino,Chicago,Alto,5,43.44,No,No,Vegano,Sí,no completo,kevinreyes@example.com,Efectivo,7638,Albert Stewart
3784739035,30.0,Femenino,Chicago,Bajo,2,7.03,Sí,Sí,Vegetariano,No,no completo,no completo,App,842,Jacqueline Branch
9561687482,44.0,Femenino,Chicago,Alto,5,57.27,Sí,No,Vegano,Sí,(865)666-4286x094,johnsonheidi@example.com,App,4110,Ashley Macdonald
4554178984,73.0,Femenino,Chicago,Alto,5,44.87,Sí,No,Otro,Sí,no completo,no completo,Efectivo,6894,Haley Armstrong
6759652176,22.0,Femenino,Chicago,Muy Alto,8,41.25,No,No,Carnes,Sí,(445)209-7091x414,linda10@example.org,Tarjeta,9285,Stephanie Burke
8783522147,60.0,Femenino,Chicago,Medio,5,8.62,No,Sí,Carnes,No,no completo,no completo,App,1671,Taylor Young
6732546435,32.0,Femenino,Chicago,Muy Alto,9,29.57,Sí,No,Mariscos,Sí,001-650-632-1341x333,no completo,App,11847,Tammy Hansen
8032683189,45.0,Femenino,Chicago,Alto,6,19.29,Sí,No,Carnes,No,no completo,ivanfinley@example.com,App,4141,Jennifer Terry
5748184249,22.0,Masculino,Chicago,Medio,2,10.49,No,Sí,Pescado,Sí,no completo,qross@example.org,App,2924,Charles Dominguez
3385415624,60.0,Masculino,Chicago,Medio,5,11.02,No,Sí,Carnes,No,001-219-963-2833x477,no completo,Efectivo,2830,Joseph Romero
3207160929,20.0,Femenino,Chicago,Alto,4,9.29,Sí,Sí,Vegetariano,No,no completo,cobbmichael@example.com,Tarjeta,3511,Virginia Mathews
8751443073,38.0,Femenino,Chicago,Bajo,1,5.56,No,Sí,Vegano,No,001-615-818-1293x46594,flowerschristopher@example.org,Tarjeta,998,Amy Rodriguez
2108994930,68.0,Masculino,Chicago,Alto,4,21.27,No,Sí,Carnes,Sí,908.947.9030x791,no completo,Efectivo,5241,Danny Lowe
8247729205,41.0,Femenino,Chicago,Bajo,1,9.44,No,No,Pescado,No,no completo,kirbydiana@example.com,App,1273,Maureen Lewis
5760130713,31.0,Femenino,Chicago,Muy Alto,7,78.78,Sí,Sí,Otro,No,701.657.3070,anewman@example.com,App,15972,Julie Miranda
2024700318,71.0,Femenino,Chicago,Bajo,1,,No,Sí,Carnes,No,768.872.3239x124,stevenalexander@example.net,App,1419,Bethany Brooks
3477355508,74.0,Masculino,Chicago,Muy Alto,6,69.45,No,No,Pescado,Sí,no completo,mbenjamin@example.com,Tarjeta,13973,Troy Johnson
1822502849,33.0,Femenino,Chicago,Medio,5,6.0,No,No,Carnes,No,(308)576-7047,paulcain@example.org,Efectivo,1732,Maria Marshall
5086141034,78.0,Masculino,Chicago,Bajo,3,6.77,No,Sí,Carnes,No,+1-621-496-4174x75707,guzmancarla@example.com,Tarjeta,1006,James Ramos
3962364793,68.0,Femenino,Chicago,Alto,4,27.03,No,No,Otro,Sí,no completo,no completo,App,7337,Toni Ingram
3045403105,74.0,Femenino,Chicago,Alto,6,53.63,No,Sí,Vegetariano,Sí,no completo,bryan84@example.com,Tarjeta,8631,Jennifer Klein
4638161940,24.0,Masculino,Chicago,Alto,5,14.58,No,Sí,Pescado,Sí,001-274-722-4194x147,johnsonwilliam@example.org,App,6797,Daniel Guerrero
7039240309,68.0,Femenino,Chicago,Medio,2,7.55,No,Sí,Mariscos,No,no completo,no completo,Efectivo,1612,Amy Mendoza
6274215497,37.0,Masculino,Chicago,Medio,3,8.7,No,Sí,Pescado,No,no completo,floresdanny@example.org,Tarjeta,1901,Christopher Baldwin
9567991025,50.0,Masculino,Chicago,Medio,2,10.67,No,No,Mariscos,Sí,no completo,no completo,App,3337,Mark Mcdonald
3227620323,27.0,Femenino,Chicago,Muy Alto,5,103.85,Sí,Sí,Carnes,Sí,489.441.5016x365,no completo,Tarjeta,12191,Stacey Martinez
2167065430,50.0,Femenino,Chicago,Medio,4,27.44,No,Sí,Pescado,Sí,no completo,donaldpearson@example.com,Tarjeta,3088,Emily Barnes
6360027517,56.0,Femenino,Chicago,Alto,6,18.18,No,No,Otro,Sí,no completo,no completo,Tarjeta,7937,Jessica Coleman
8648927867,69.0,Femenino,Chicago,Bajo,2,6.21,Sí,Sí,Carnes,No,612.459.9872x14640,williamali@example.com,Efectivo,1099,Elizabeth Brown
2660440280,37.0,Femenino,Chicago,Medio,3,23.73,No,Sí,Otro,No,no completo,no completo,App,2522,Tiffany Price
3174690195,66.0,Masculino,Chicago,Medio,3,6.22,No,No,Pescado,No,851.436.1862x1717,no completo,App,3490,Cody Scott
9759434206,31.0,Femenino,Chicago,Medio,5,29.49,No,No,Vegetariano,No,001-729-776-7286x219,no completo,App,2310,Melissa Parsons
6254931219,41.0,Masculino,Chicago,Medio,3,25.31,No,Sí,Mariscos,No,001-592-833-1889x3638,alan27@example.org,App,3139,Dustin Garcia
1519446557,38.0,Masculino,Chicago,Bajo,3,8.77,Sí,No,Carnes,Sí,no completo,no completo,Efectivo,1352,Jeremy Davis
2247605637,62.0,Femenino,Chicago,Alto,6,24.74,Sí,Sí,Vegano,Sí,no completo,no completo,Efectivo,6450,Lisa Jensen
6316569745,70.0,Femenino,Chicago,Muy Alto,5,21.92,Sí,Sí,Carnes,Sí,no completo,clarkteresa@example.com,App,12872,Alicia Spencer
6111920251,57.0,Masculino,Chicago,Bajo,2,5.67,No,Sí,Mariscos,No,436-913-7853x552,olsenkristen@example.org,Efectivo,1344,David Wright
5182110973,53.0,Masculino,Chicago,Alto,6,57.39,Sí,No,Carnes,Sí,no completo,no completo,Efectivo,6131,Mitchell Ross
4044608073,45.0,Masculino,Chicago,Medio,2,11.65,Sí,Sí,Mariscos,No,no completo,nsanchez@example.com,Criptomoneda,1863,Frank Jenkins
6016176766,75.0,Masculino,Chicago,Bajo,1,8.44,No,No,Carnes,No,915.545.0784x710,no completo,Efectivo,1508,Ronald Baker
4697917006,42.0,Masculino,Chicago,Bajo,3,7.54,No,Sí,Carnes,No,685-503-7435,no completo,App,1040,Jonathon Williams
3860809922,39.0,Femenino,Chicago,Medio,3,26.13,Sí,Sí,Carnes,No,660.299.3695x16804,no completo,App,2646,Charlene Simmons
6926127337,25.0,Femenino,Chicago,Muy Alto,10,32.84,Sí,Sí,Vegetariano,Sí,no completo,ashleyskinner@example.net,Efectivo,17449,Shelly James
9953906342,54.0,Masculino,Chicago,Bajo,1,5.98,Sí,Sí,Carnes,No,no completo,nathaniel87@example.org,App,1113,Wesley Faulkner
7285100154,34.0,Masculino,Chicago,Muy Alto,8,13.62,No,No,Mariscos,Sí,no completo,no completo,Tarjeta,13485,Seth Moore
1640959649,65.0,Femenino,Chicago,Medio,2,10.19,Sí,Sí,Carnes,Sí,no completo,no completo,Efectivo,2540,Sarah Wagner
5741231012,77.0,Masculino,Chicago,Bajo,1,6.01,Sí,Sí,Otro,No,no completo,tannerjohn@example.net,Efectivo,1367,Carlos Green
1540148130,73.0,Femenino,Chicago,Medio,3,8.92,No,Sí,Mariscos,No,no completo,megan03@example.net,Efectivo,2297,Patty Smith
4559294890,30.0,Femenino,Chicago,Bajo,2,5.83,Sí,Sí,Pescado,No,960.301.4275x863,no completo,Efectivo,921,Donna Montgomery
5633713065,32.0,Femenino,Chicago,Medio,4,26.47,Sí,No,Pescado,No,001-801-922-6074x51588,brandonrussell@example.org,Efectivo,2394,Penny Anderson
6464739316,76.0,Masculino,Chicago,Medio,4,22.65,No,Sí,Pescado,No,3815117611,no completo,App,1891,Bruce Harmon
8120738425,24.0,Masculino,Chicago,Medio,4,14.1,No,Sí,Vegetariano,Sí,no completo,no completo,App,2801,Jeffrey Davis
2079501936,33.0,Masculino,Chicago,Alto,6,9.48,No,No,Carnes,No,no completo,no completo,App,4502,Derek Baker
4690917194,73.0,Masculino,Chicago,Bajo,1,9.01,Sí,No,Vegetariano,No,+1-875-840-3198x167,no completo,App,1044,Sean Potts
8933817352,65.0,Femenino,Chicago,Medio,3,14.29,Sí,Sí,Carnes,No,+1-668-785-9148x63400,no completo,Efectivo,2713,Christina Acosta
9597569343,55.0,Masculino,Chicago,Alto,6,56.63,No,Sí,Carnes,Sí,+1-330-580-3563,cbrennan@example.net,Tarjeta,4976,John Lynch
3867426874,27.0,Femenino,Chicago,Medio,4,11.2,No,Sí,Mariscos,No,no completo,laurenbrady@example.com,Efectivo,1712,Theresa Fletcher
7160394051,59.0,Femenino,Chicago,Muy Alto,7,104.92,No,Sí,Vegetariano,Sí,+1-902-814-0626x7266,no completo,Tarjeta,11484,Kimberly Fernandez
8619862050,55.0,Masculino,Chicago,Alto,6,5.73,No,No,Vegano,Sí,(807)753-7707x137,zachary11@example.com,Efectivo,7572,Larry Carter
4774425913,65.0,Masculino,Chicago,Muy Alto,7,93.42,Sí,Sí,Carnes,Sí,no completo,lindsey16@example.net,Tarjeta,17934,Daniel Johnson
5866136982,75.0,Femenino,Chicago,Bajo,3,8.33,Sí,No,Mariscos,No,291.947.5759x0176,nataliekennedy@example.net,Criptomoneda,1367,Sheri Cochran
2642768997,52.0,Masculino,Chicago,Bajo,3,8.29,Sí,Sí,Vegetariano,No,no completo,no completo,Efectivo,955,Brandon Reed
7914730523,77.0,Masculino,Chicago,Bajo,2,6.33,No,Sí,Vegano,No,+1-815-489-2064,no completo,Efectivo,1292,Derek Stephens
8003341697,75.0,Femenino,Chicago,Bajo,1,6.35,Sí,Sí,Vegetariano,No,no completo,no completo,App,1146,Kimberly Thomas
1063161101,73.0,Femenino,Chicago,Muy Alto,6,89.4,Sí,No,Mariscos,Sí,625.674.8660,donnavargas@example.net,Efectivo,12984,Natalie Taylor
6409861789,46.0,Femenino,Chicago,Muy Alto,6,91.65,No,Sí,Mariscos,Sí,no completo,moorejoy@example.org,Tarjeta,12341,Mckenzie Haney
6125954569,46.0,Masculino,Chicago,Medio,3,9.13,Sí,No,Carnes,No,2909570370,sjenkins@example.com,Efectivo,1669,Andrew Tran
7019050057,55.0,Masculino,Chicago,Alto,4,31.45,No,Sí,Carnes,Sí,no completo,no completo,Efectivo,6174,Michael Chandler
7499741213,75.0,Masculino,Chicago,Muy Alto,6,64.79,Sí,No,Pescado,Sí,(503)739-6715,no completo,Tarjeta,13635,Christopher Adams
6058686519,21.0,Masculino,Chicago,Medio,4,23.34,No,Sí,Carnes,No,(835)780-2917x184,no completo,Efectivo,1728,Matthew Khan
8991977937,50.0,Masculino,Chicago,Medio,3,5.83,Sí,No,Vegano,No,no completo,no completo,App,3406,Howard Johnson
3321364988,62.0,Femenino,Chicago,Muy Alto,7,88.43,No,Sí,Pescado,Sí,no completo,breanna60@example.net,Efectivo,13227,Wendy Beltran
3523981175,60.0,Femenino,Chicago,Alto,5,7.15,No,No,Pescado,Sí,3624420453,no completo,Efectivo,5451,Betty Martin
1442421654,43.0,Femenino,Chicago,Alto,4,34.42,No,Sí,Vegetariano,No,no completo,no completo,Criptomoneda,3983,Katelyn Lara
4711527821,58.0,Masculino,Chicago,Medio,3,5.75,Sí,No,Carnes,No,750.740.4615x68471,no completo,App,2092,Kenneth Wilson
3539201723,39.0,Masculino,Chicago,Bajo,3,9.13,Sí,Sí,Vegetariano,No,469.819.6839,no completo,Tarjeta,1119,James Lowe
3531370274,46.0,Masculino,Chicago,Alto,6,18.0,Sí,No,Mariscos,Sí,263.720.0773x5544,no completo,Efectivo,7588,John Roberts
8434006782,48.0,Femenino,Chicago,Muy Alto,6,82.62,Sí,No,Carnes,Sí,(641)560-6363,walkerrobert@example.org,Tarjeta,14217,Lisa Cox
9844353153,60.0,Femenino,Chicago,Medio,5,5.12,Sí,No,Carnes,No,001-502-764-2562x83994,no completo,Criptomoneda,1883,Melissa Wilson
8620574752,48.0,Femenino,Chicago,Alto,4,17.63,No,No,Vegano,No,(656)614-6618x66088,no completo,Tarjeta,6080,Wendy Mahoney
6582684973,56.0,Masculino,Chicago,Bajo,3,7.09,No,Sí,Carnes,No,001-928-720-0313x22867,no completo,Efectivo,1091,Christian Pugh
4024584533,74.0,Femenino,Chicago,Muy Alto,9,16.82,No,No,Vegetariano,Sí,(474)321-2894x457,bkane@example.net,Efectivo,12567,Tina Scott
7110305796,31.0,Masculino,Chicago,Medio,3,21.27,No,Sí,Carnes,No,no completo,no completo,Efectivo,2070,Christopher Young
1216737723,45.0,Masculino,Chicago,Muy Alto,6,60.41,Sí,Sí,Otro,Sí,no completo,suzanne85@example.net,Tarjeta,17056,John Cobb
2870719066,71.0,Masculino,Chicago,Medio,4,17.8,No,No,Vegetariano,No,+1-998-807-1138x34806,lisa05@example.org,Efectivo,2063,Thomas Welch
9847606796,64.0,Femenino,Chicago,Medio,5,27.11,Sí,Sí,Carnes,No,no completo,teresa01@example.com,Efectivo,2613,Amber Miller
8392402277,29.0,Masculino,Chicago,Medio,5,9.94,Sí,Sí,Pescado,No,no completo,no completo,Tarjeta,3439,Lawrence Flowers
5626388820,70.0,Masculino,Chicago,Medio,5,11.88,No,Sí,Vegetariano,No,(347)385-8310x12461,chantodd@example.net,Efectivo,2442,Joshua Reed
6556177919,56.0,Femenino,Chicago,Alto,5,26.04,No,No,Vegano,Sí,no completo,georgebeverly@example.net,Tarjeta,7142,Michele Harrison
6697567020,27.0,Femenino,Chicago,Muy Alto,10,82.77,No,Sí,Vegetariano,Sí,no completo,no completo,Efectivo,15683,Teresa Duncan
8198213454,53.0,Masculino,Chicago,Alto,4,59.95,Sí,Sí,Vegetariano,Sí,912-492-2927x6547,no completo,Tarjeta,8918,James Pope
2652655288,77.0,Masculino,Chicago,Alto,5,52.5,No,Sí,Mariscos,Sí,(758)276-2833,randy11@example.org,Efectivo,4124,Adam Cole
1072676769,24.0,Femenino,Chicago,Bajo,2,5.31,Sí,No,Vegano,No,no completo,cindywilliams@example.org,Tarjeta,1594,Pamela Carney
3433447929,35.0,Femenino,Chicago,Bajo,3,5.5,Sí,Sí,Carnes,No,no completo,no completo,Tarjeta,1544,Nancy King
2179018659,44.0,Masculino,Chicago,Medio,5,15.31,No,No,Vegano,Sí,no completo,no completo,App,1643,Dustin Hill
2027636960,75.0,Femenino,Chicago,Medio,5,5.9,No,No,Otro,Sí,no completo,no completo,Tarjeta,2330,Linda Mcneil
5659161352,31.0,Masculino,Chicago,Medio,5,19.4,Sí,No,Carnes,No,447.688.0248x1298,dawnfisher@example.org,App,1790,Kevin Pruitt
2117944144,34.0,Masculino,Chicago,Muy Alto,9,29.7,No,No,Carnes,Sí,637.379.2368,no completo,App,10928,Pedro Gallagher
1776130576,77.0,Masculino,Chicago,Alto,5,10.71,Sí,No,Pescado,Sí,no completo,no completo,Efectivo,8390,Steven Ramirez
7360334651,49.0,Masculino,Chicago,Bajo,2,7.29,No,Sí,Mariscos,No,no completo,zbailey@example.com,App,848,Matthew Ramirez
9653250499,75.0,Masculino,Chicago,Muy Alto,5,61.12,No,Sí,Vegetariano,Sí,no completo,no completo,Efectivo,11532,Dean Weber
9422419305,69.0,Femenino,Chicago,Medio,2,5.89,Sí,Sí,Vegetariano,No,no completo,catherine14@example.net,App,3437,Amy Paul
2073108894,38.0,Masculino,Chicago,Alto,5,42.1,Sí,No,Vegetariano,Sí,no completo,meganhughes@example.com,Tarjeta,8875,Mark Coleman
5103462257,54.0,Femenino,Chicago,Alto,4,47.27,No,Sí,Carnes,Sí,330.748.4701,sanchezjohn@example.org,Efectivo,5998,Michelle Wilkinson
3988572729,37.0,Masculino,Chicago,Muy Alto,10,98.0,No,No,Pescado,Sí,no completo,johnsontanner@example.org,Efectivo,11851,Greg Boyd
6100717104,60.0,Masculino,Chicago,Medio,2,16.76,Sí,No,Vegetariano,No,no completo,sweaver@example.org,App,1606,Ricky Wang
8734449371,76.0,Femenino,Chicago,Alto,6,58.95,No,No,Vegetariano,Sí,no completo,no completo,Tarjeta,6931,Brenda Estrada
9561219277,26.0,Femenino,Chicago,Medio,4,14.22,No,Sí,Otro,No,no completo,kmay@example.net,Efectivo,3270,Helen Manning
7895548776,56.0,Femenino,Chicago,Medio,3,16.37,No,No,Vegano,No,736-962-3514x54680,no completo,Tarjeta,3259,Stephanie Ramirez
3974006584,31.0,Masculino,Chicago,Muy Alto,8,34.63,No,Sí,Vegetariano,Sí,(350)847-6799x58548,pphillips@example.org,Tarjeta,15131,Steven Brown
8569440102,33.0,Femenino,Chicago,Medio,4,14.61,Sí,Sí,Carnes,No,725-480-0017x70131,no completo,Efectivo,2798,Kimberly Martin
6986375440,41.0,Femenino,Chicago,Muy Alto,5,39.73,Sí,No,Carnes,Sí,no completo,reneeward@example.com,App,14564,Amy Taylor
3063480704,43.0,Femenino,Chicago,Bajo,2,7.07,Sí,No,Carnes,No,001-512-495-4358x017,acampbell@example.com,Tarjeta,1089,Brittany Bowman
5238555624,32.0,Masculino,Chicago,Alto,4,33.96,No,Sí,Pescado,Sí,001-749-524-1349x688,barmstrong@example.net,Efectivo,7642,Charles Carlson
2476811694,70.0,Masculino,Chicago,Medio,3,26.7,Sí,Sí,Vegetariano,No,no completo,no completo,Criptomoneda,2694,Joe Fox
7347455952,26.0,Masculino,Chicago,Medio,4,19.08,Sí,Sí,Mariscos,Sí,no completo,jlewis@example.org,Tarjeta,2314,Gregory Parsons
6308420797,32.0,Femenino,Chicago,Bajo,2,8.56,Sí,No,Carnes,No,614.505.8259,no completo,App,1520,Joy Trevino
8318583193,74.0,Masculino,Chicago,Muy Alto,9,19.5,No,No,Otro,Sí,no completo,michelleevans@example.org,Efectivo,17452,Timothy Rodriguez
2385666316,68.0,Masculino,Chicago,Alto,5,42.25,No,Sí,Otro,Sí,no completo,mary12@example.com,Tarjeta,6714,Timothy Washington
1806937108,28.0,Masculino,Chicago,Bajo,3,8.2,No,Sí,Pescado,No,no completo,no completo,Efectivo,1089,Alex Carter
3372845154,76.0,Femenino,Chicago,Muy Alto,5,80.83,No,No,Carnes,Sí,(350)289-0608x5719,theresa52@example.com,Tarjeta,15587,Ashley Ponce
4180599722,57.0,Femenino,Chicago,Muy Alto,3,85.9,No,Sí,Otro,Sí,no completo,jessica10@example.org,Tarjeta,13553,Barbara Gaines
1185303518,78.0,Femenino,Chicago,Medio,3,18.59,No,Sí,Vegetariano,No,7673074902,patriciageorge@example.net,App,3399,Destiny Compton
4359141052,32.0,Femenino,Chicago,Medio,2,24.35,No,Sí,Mariscos,No,no completo,no completo,App,2475,Jennifer Jordan
5551636322,37.0,Femenino,Chicago,Medio,2,21.48,No,Sí,Carnes,No,(596)776-0115,antonio59@example.org,Tarjeta,3401,Norma Smith
5408120679,43.0,Masculino,Chicago,Medio,5,13.66,No,Sí,Carnes,Sí,893.771.1341x20231,williamcruz@example.org,Efectivo,3490,Jimmy King
8817415821,66.0,Masculino,Chicago,Medio,5,20.58,Sí,Sí,Vegetariano,No,670.760.9881x980,no completo,App,2694,Trevor Downs
6407956109,71.0,Femenino,Chicago,Alto,6,40.25,No,No,Pescado,Sí,206.639.1237x1659,no completo,Efectivo,6161,Samantha Burke
8984839904,66.0,Femenino,Chicago,Medio,2,19.54,Sí,No,Carnes,No,001-583-419-8470,no completo,Efectivo,2097,Tammy Liu
8537896365,76.0,Masculino,Chicago,Alto,5,37.97,No,Sí,Mariscos,No,no completo,no completo,Tarjeta,6156,Tony Anderson
3815389788,62.0,Masculino,Chicago,Bajo,3,8.38,No,Sí,Carnes,No,no completo,no completo,Tarjeta,951,Jonathan Sanchez
8114823321,63.0,Femenino,Chicago,Alto,5,6.05,No,Sí,Pescado,No,478.718.5989x78672,no completo,Tarjeta,3746,Hayley Barber
3824691843,32.0,Masculino,Chicago,Medio,4,5.75,No,No,Mariscos,No,no completo,zjefferson@example.org,Tarjeta,3124,Marc Horne
6991993596,29.0,Masculino,Chicago,Medio,5,7.33,Sí,Sí,Otro,No,no completo,no completo,Efectivo,2074,Gary Perry
8902114913,52.0,Masculino,Chicago,Alto,5,6.69,No,No,Carnes,Sí,781-219-3267x3526,kaitlyn59@example.com,Tarjeta,5353,James Vasquez
8172685395,51.0,Masculino,Chicago,Bajo,2,5.8,Sí,No,Vegano,No,+1-863-255-4722x7135,no completo,Tarjeta,1461,Nicholas Lowe
9485141169,56.0,Masculino,Chicago,Medio,4,12.04,No,Sí,Vegetariano,No,(380)859-2803x26492,no completo,Efectivo,2995,Luis Wagner
5163138785,29.0,Femenino,Chicago,Bajo,2,8.46,No,Sí,Pescado,No,+1-621-210-5863x03853,no completo,Efectivo,1431,Dorothy Doyle
7290717997,73.0,Masculino,Chicago,Medio,5,11.19,Sí,No,Carnes,No,no completo,xmelton@example.org,App,2475,Lee Lopez
8789659355,31.0,Femenino,Chicago,Muy Alto,8,53.52,Sí,Sí,Otro,Sí,no completo,lindareeves@example.net,Efectivo,11858,Katie Barrera
3749112850,77.0,Femenino,Chicago,Bajo,1,7.82,Sí,No,Carnes,No,+1-863-263-5906x766,ginadixon@example.org,App,1435,Vanessa Wilson
1675523330,39.0,Femenino,Chicago,Muy Alto,6,89.03,No,Sí,Vegano,Sí,no completo,dominic02@example.net,Tarjeta,13331,Hailey Carter
5428284461,44.0,Femenino,Chicago,Bajo,2,6.71,No,No,Otro,No,no completo,lesterkenneth@example.net,Tarjeta,1006,Stephanie Jarvis
4975575744,43.0,Femenino,Chicago,Muy Alto,8,103.42,Sí,No,Vegetariano,Sí,no completo,lisakline@example.com,Criptomoneda,14894,Melissa Cannon
7946687032,55.0,Masculino,Chicago,Alto,4,37.54,Sí,Sí,Vegetariano,Sí,no completo,tmarks@example.com,Tarjeta,6366,Adam Kidd
8486260971,38.0,Femenino,Chicago,Bajo,3,8.03,No,Sí,Vegetariano,No,837.790.3540x9222,ymurphy@example.com,Efectivo,1054,Tara Wright
4622764995,33.0,Femenino,Chicago,Alto,5,8.56,No,No,Carnes,Sí,(468)359-6888x45440,no completo,App,6619,Christine Payne
2171819925,77.0,Masculino,Chicago,Bajo,1,9.48,No,No,Carnes,No,001-562-988-7834x58463,belldebbie@example.org,Tarjeta,1571,Logan Johnson
7803990970,19.0,Masculino,Chicago,Alto,5,44.22,Sí,No,Vegano,Sí,no completo,starkcharlotte@example.org,Efectivo,7818,Noah Morales
6258396060,79.0,Femenino,Chicago,Muy Alto,9,10.46,Sí,No,Mariscos,Sí,no completo,no completo,Efectivo,17525,Jessica Martin
6118341434,29.0,Femenino,Chicago,Muy Alto,10,28.51,No,Sí,Mariscos,Sí,+1-343-578-8282x8876,no completo,App,15577,Terry Robles
6538759198,26.0,Masculino,Chicago,Medio,3,22.06,Sí,Sí,Pescado,No,no completo,no completo,Tarjeta,2474,Kenneth Johnson
6289141018,63.0,Femenino,Chicago,Alto,5,39.93,No,Sí,Carnes,Sí,536.256.4813,no completo,Tarjeta,8388,Nancy Olson
2782504080,41.0,Masculino,Chicago,Medio,2,9.88,Sí,No,Otro,No,no completo,ujones@example.com,App,2748,Harold Perez
3268774369,59.0,Femenino,Chicago,Medio,5,23.55,Sí,Sí,Otro,No,no completo,no completo,Efectivo,1630,Sharon Kent
5902780755,49.0,Femenino,Chicago,Muy Alto,3,30.58,No,Sí,Carnes,Sí,no completo,lwright@example.org,App,9508,Tracy Gentry
1103082975,58.0,Femenino,Chicago,Alto,4,41.46,Sí,Sí,Mariscos,No,3398821909,brownronald@example.net,Tarjeta,7120,Angela Mahoney
9699462439,53.0,Femenino,Chicago,Alto,4,33.11,No,No,Vegano,Sí,+1-883-963-0567,no completo,Efectivo,3874,Erin Tran
7936458375,80.0,Femenino,Chicago,Muy Alto,10,92.77,Sí,No,Carnes,Sí,no completo,christopher54@example.org,App,9510,Kelsey Thomas
8407773828,58.0,Masculino,Chicago,Muy Alto,10,24.54,Sí,Sí,Mariscos,Sí,(215)476-1937x284,jason29@example.com,App,15215,Vincent Gonzales
5793250991,35.0,Masculino,Chicago,Medio,3,26.5,Sí,No,Carnes,Sí,+1-511-458-4499,no completo,Tarjeta,1642,Sean Phillips
2599927545,37.0,Masculino,Chicago,Alto,4,17.49,Sí,Sí,Otro,Sí,no completo,no completo,Efectivo,4321,Nathan Baker
8910616248,20.0,Femenino,Chicago,Muy Alto,8,14.71,No,Sí,Vegetariano,Sí,no completo,reginamiller@example.com,Efectivo,14704,Tonya Morton
6389048873,59.0,Femenino,Chicago,Muy Alto,8,34.65,No,Sí,Carnes,Sí,no completo,no completo,Efectivo,10753,Susan Oliver
4719041291,25.0,Masculino,Chicago,Medio,5,26.58,Sí,Sí,Otro,No,(450)418-8295x74275,no completo,Efectivo,3484,James Contreras
1682536038,73.0,Masculino,Chicago,Medio,3,19.09,Sí,No,Carnes,No,(843)480-8759x9579,carolpetersen@example.org,Efectivo,3161,Richard Cook
9803853753,66.0,Femenino,Chicago,Muy Alto,7,31.65,Sí,Sí,Carnes,Sí,001-903-369-4527x86628,craigporter@example.net,App,14269,Robin Hunt
4019762806,75.0,Femenino,Chicago,Medio,5,12.03,Sí,No,Pescado,No,+1-359-515-7028x143,sarahpayne@example.com,Tarjeta,2305,Pamela Lopez
7084334248,20.0,Femenino,Chicago,Medio,4,25.33,Sí,Sí,Otro,No,no completo,catherine98@example.net,Tarjeta,1614,Melissa Alvarado
2268523764,59.0,Femenino,Chicago,Bajo,2,9.39,No,No,Carnes,No,(423)608-7366,grace41@example.org,Tarjeta,978,Sara Jones
8255658983,45.0,Masculino,Chicago,Bajo,2,9.7,Sí,Sí,Pescado,No,no completo,davisandrew@example.com,App,1423,Kevin Miller
5034158042,66.0,Femenino,Chicago,Alto,6,15.48,Sí,Sí,Carnes,No,no completo,no completo,Tarjeta,7865,Shirley Pittman
5691069540,33.0,Masculino,Chicago,Bajo,2,6.14,No,Sí,Otro,No,no completo,no completo,Tarjeta,1322,Derrick Barnes
7608810774,47.0,Masculino,Chicago,Bajo,1,7.1,No,No,Carnes,No,no completo,no completo,Tarjeta,1591,Robert Nelson
2313042822,45.0,Masculino,Chicago,Medio,3,12.47,Sí,Sí,Carnes,No,727.925.0863,no completo,Tarjeta,3031,Robert Dean
3622980061,31.0,Femenino,Chicago,Alto,6,25.41,Sí,No,Carnes,Sí,no completo,rebeccasmith@example.com,Tarjeta,7684,Cynthia Smith
5070095024,50.0,Masculino,Chicago,Muy Alto,6,86.0,Sí,Sí,Carnes,Sí,678.919.0465,scott60@example.com,App,10070,Jason Jones
1124500087,54.0,Femenino,Chicago,Medio,5,26.28,No,No,Vegetariano,Sí,577.359.9045x46178,ldorsey@example.net,Efectivo,2624,Christina Shepard
9863938316,19.0,Femenino,Chicago,Medio,2,13.81,No,Sí,Otro,No,+1-269-635-1485,no completo,Efectivo,3218,Jessica Day
2247560494,43.0,Femenino,Chicago,Alto,4,51.54,Sí,Sí,Vegetariano,No,984.805.7997x15216,no completo,App,7527,Leah Chung
6646732159,73.0,Masculino,Chicago,Medio,2,19.72,No,No,Carnes,No,no completo,lisamartin@example.net,App,2142,Matthew Barton
5116298055,38.0,Femenino,Chicago,Medio,2,10.17,No,Sí,Carnes,No,882.295.3779x878,no completo,Efectivo,1805,Desiree Hayes
2261664000,26.0,Masculino,Chicago,Alto,3,52.38,Sí,Sí,Otro,Sí,727-966-5268x159,gabrielle08@example.com,Efectivo,5147,Kevin Thompson
3848598007,62.0,Femenino,Chicago,Muy Alto,9,67.57,Sí,Sí,Otro,Sí,225-582-4601x289,joshua49@example.org,App,15556,Angela Carter
3725152347,32.0,Masculino,Chicago,Medio,2,13.79,No,No,Vegetariano,No,001-484-629-5302,corey64@example.org,Tarjeta,1726,Michael Watts
6469864421,69.0,Masculino,Chicago,Medio,3,9.52,No,Sí,Carnes,No,962.954.4030x7915,no completo,Efectivo,2673,Kyle Terrell
9277288208,49.0,Masculino,Chicago,Bajo,1,9.67,No,No,Carnes,No,no completo,no completo,Efectivo,1532,Michael Rogers
6146712641,57.0,Masculino,Chicago,Medio,5,13.94,Sí,Sí,Carnes,No,no completo,joshuamckinney@example.net,Tarjeta,1817,Thomas Dodson
6229270758,36.0,Masculino,Chicago,Alto,6,49.9,No,No,Mariscos,Sí,937-263-1371x368,nicole66@example.com,Efectivo,5926,Cole Jennings
2463049293,76.0,Femenino,Chicago,Alto,4,34.22,Sí,Sí,Carnes,Sí,no completo,weaversusan@example.org,Efectivo,6020,Jessica Goodman
7123651519,42.0,Femenino,Chicago,Alto,6,12.84,No,Sí,Vegano,Sí,no completo,chaneyjohn@example.com,Tarjeta,4905,Regina Perez
1099218439,20.0,Femenino,Chicago,Alto,4,43.54,No,Sí,Mariscos,Sí,(711)413-1901,no completo,App,6130,Erica Silva
8423814481,57.0,Femenino,Chicago,Muy Alto,10,48.27,Sí,Sí,Carnes,Sí,no completo,no completo,Criptomoneda,10066,Jenny Jones
1452859128,47.0,Femenino,Chicago,Muy Alto,10,55.54,Sí,Sí,Carnes,Sí,367-693-9590x759,obowen@example.org,Efectivo,12596,Patricia Rivera
7420082849,52.0,Masculino,Chicago,Medio,2,7.17,No,Sí,Vegetariano,No,689.914.9190x3022,sandraortega@example.net,Efectivo,2732,Daniel Winters
4287872460,64.0,Femenino,Chicago,Muy Alto,9,41.0,No,Sí,Vegetariano,Sí,(209)252-8856x18157,mcgrathallen@example.org,App,15495,Beth Turner
3934194696,79.0,Masculino,Chicago,Bajo,2,9.58,Sí,No,Mariscos,No,no completo,no completo,Efectivo,1336,Terry Jones
6349866419,50.0,Masculino,Chicago,Muy Alto,10,48.82,No,Sí,Vegetariano,Sí,no completo,no completo,Tarjeta,14035,Luis Johnson
5277242896,33.0,Femenino,Chicago,Alto,3,50.14,No,Sí,Mariscos,Sí,(529)593-5195,natalie12@example.org,Efectivo,7861,Lisa Jones
6054421752,58.0,Femenino,Chicago,Medio,5,14.24,Sí,Sí,Carnes,No,+1-683-202-3391x186,no completo,App,3091,Anna Meza
8913474386,61.0,Femenino,Chicago,Medio,2,19.14,Sí,Sí,Vegetariano,No,no completo,gsandoval@example.com,App,2612,Breanna Vasquez
6609802660,40.0,Masculino,Chicago,Alto,6,46.55,No,Sí,Mariscos,Sí,no completo,no completo,Efectivo,4866,Joshua James
7467073633,33.0,Femenino,Chicago,Medio,5,6.43,No,Sí,Mariscos,No,(493)518-9235x83678,no completo,Tarjeta,2381,Stephanie Mcmahon
8630672771,78.0,Masculino,Chicago,Muy Alto,9,15.89,Sí,No,Pescado,Sí,no completo,nguyenshannon@example.org,Tarjeta,12135,Robert Glenn
5955805055,52.0,Femenino,Chicago,Alto,4,6.62,Sí,Sí,Pescado,No,no completo,no completo,Efectivo,5455,Elizabeth Guerrero
4048999384,77.0,Masculino,Chicago,Medio,3,23.62,No,No,Pescado,Sí,no completo,no completo,Efectivo,2559,Dustin Dawson
8751324864,25.0,Masculino,Chicago,Medio,4,9.94,Sí,No,Vegetariano,No,no completo,eric42@example.com,App,2268,David Hickman
7991492039,77.0,Masculino,Chicago,Bajo,3,7.06,Sí,No,Carnes,No,no completo,danielharrison@example.net,App,1088,Leon Porter
8641095956,29.0,Masculino,Chicago,Alto,6,55.99,No,Sí,Carnes,No,no completo,no completo,Tarjeta,5667,Ryan Larson
7717262223,46.0,Femenino,Chicago,Bajo,1,7.34,No,No,Vegetariano,No,652.503.1380x611,washingtonjohn@example.org,App,1090,Holly Pollard
1469718772,30.0,Masculino,Chicago,Alto,6,14.42,Sí,Sí,Pescado,Sí,no completo,rodriguezlaura@example.com,App,7159,Joshua Bishop
8843302374,68.0,Masculino,Chicago,Medio,5,5.55,Sí,No,Carnes,No,858.776.7824x7198,no completo,Efectivo,3122,Curtis Petty
7411136735,31.0,Femenino,Chicago,Medio,5,6.9,Sí,No,Mariscos,No,no completo,no completo,App,3071,Robin Randolph
7750131975,59.0,Masculino,Chicago,Muy Alto,10,44.86,Sí,No,Vegetariano,Sí,no completo,xwilliams@example.net,Tarjeta,12189,Zachary Buchanan
1893862915,32.0,Femenino,Chicago,Alto,5,,Sí,Sí,Mariscos,Sí,no completo,rothbrianna@example.com,Tarjeta,6897,Raven Davidson
6671154600,49.0,Masculino,Chicago,Medio,4,6.49,No,No,Vegetariano,No,481.767.7505,murphychristine@example.net,App,3384,Jason Smith
2052025838,67.0,Femenino,Chicago,Alto,5,18.43,No,Sí,Mariscos,Sí,7572317806,no completo,App,5146,Kathleen Jones
6126810947,42.0,Masculino,Chicago,Medio,3,6.36,No,No,Vegano,No,no completo,kowens@example.net,App,2821,David Henderson
2971444821,49.0,Femenino,Chicago,Muy Alto,6,19.15,No,No,Carnes,Sí,(864)566-9358x82733,michele28@example.org,Efectivo,14244,Rebecca Smith
1245604745,46.0,Masculino,Chicago,Medio,2,10.44,No,Sí,Vegetariano,No,844.612.7519,michaelallen@example.net,Efectivo,1820,James Bell
7751356568,38.0,Femenino,Chicago,Medio,4,17.45,Sí,Sí,Pescado,No,+1-987-638-3206x6845,jennifer41@example.org,App,1631,Jordan Richardson
2142243978,53.0,Masculino,Chicago,Alto,5,24.26,No,Sí,Carnes,Sí,no completo,jennifer24@example.com,Efectivo,6864,Michael Morales
9392935857,78.0,Masculino,Chicago,Muy Alto,5,51.22,Sí,Sí,Vegetariano,Sí,no completo,jesserivera@example.net,App,14192,Roger Meza
7959376045,57.0,Femenino,Chicago,Medio,4,9.68,No,Sí,Otro,No,no completo,susan82@example.com,App,2230,Sandra Morris
7673807624,44.0,Femenino,Chicago,Alto,6,33.68,Sí,No,Mariscos,Sí,no completo,no completo,Tarjeta,5182,Jenna Watson
4601033851,23.0,Femenino,Chicago,Muy Alto,9,102.38,Sí,Sí,Carnes,No,no completo,no completo,Tarjeta,14250,Kristi Mathews
7421594188,37.0,Femenino,Chicago,Medio,5,9.04,Sí,No,Vegano,No,no completo,justinmartinez@example.com,Efectivo,2764,Alexandra Williams
3253479590,51.0,Femenino,Chicago,Alto,5,30.24,No,Sí,Carnes,Sí,763-474-2081,no completo,Efectivo,6864,Claudia Jenkins
9341108678,80.0,Femenino,Chicago,Medio,4,9.26,Sí,No,Otro,No,(747)305-5485,savagefrederick@example.com,App,2800,Jenna Smith
2290281457,31.0,Masculino,Chicago,Alto,5,52.02,Sí,No,Pescado,No,no completo,goodmanrobert@example.org,App,5093,Joshua Gross
7365598878,68.0,Femenino,Chicago,Bajo,1,8.08,Sí,Sí,Vegetariano,No,+1-935-979-0408,no completo,Criptomoneda,1312,Amanda Black
8877466409,19.0,Masculino,Chicago,Medio,2,8.36,Sí,Sí,Otro,No,(565)736-1615x80983,no completo,Tarjeta,2563,Ronald Garrett
1481457154,28.0,Masculino,Chicago,Medio,3,21.96,Sí,Sí,Otro,No,001-644-985-9939x55166,no completo,App,3207,Christopher Wright
5586999381,39.0,Masculino,Chicago,Alto,4,13.47,Sí,No,Otro,Sí,001-432-931-8380x2668,jessica81@example.org,Efectivo,4990,Daniel Herring
3170988862,19.0,Femenino,Chicago,Medio,4,16.41,Sí,Sí,Vegetariano,No,no completo,no completo,Tarjeta,2757,Kim Sharp
3450365225,35.0,Masculino,Chicago,Alto,5,37.11,Sí,No,Vegetariano,Sí,770.377.7796x7816,no completo,Efectivo,6586,Arthur Ray
6623360831,45.0,Femenino,Chicago,Medio,5,22.73,Sí,Sí,Mariscos,Sí,no completo,josephpreston@example.net,Tarjeta,2884,Cassandra Collins
1913875994,22.0,Masculino,Chicago,Medio,5,5.19,No,No,Carnes,No,no completo,no completo,App,1634,Jason Holmes
6938875612,22.0,Masculino,Chicago,Alto,4,51.65,No,Sí,Carnes,Sí,no completo,wprice@example.com,App,3703,Michael Stevens
2336223093,75.0,Masculino,Chicago,Alto,6,20.38,Sí,Sí,Vegetariano,Sí,(810)247-2495,no completo,Tarjeta,3703,William Knight
1650881893,32.0,Masculino,Chicago,Bajo,2,7.97,No,Sí,Pescado,No,no completo,vwade@example.net,Efectivo,1042,Dwayne Trujillo
1617311011,40.0,Femenino,Chicago,Bajo,1,7.71,No,Sí,Mariscos,No,001-717-683-9382x6668,zpowell@example.com,Efectivo,897,Felicia Miller
2523105932,70.0,Femenino,Chicago,Muy Alto,7,29.57,Sí,Sí,Vegetariano,Sí,(315)466-7170,henrylee@example.net,App,17435,Yolanda Wheeler
2306915575,35.0,Femenino,Chicago,Medio,5,14.59,Sí,Sí,Carnes,No,no completo,no completo,Efectivo,1870,Cassandra Rowland
6515369278,62.0,Femenino,Chicago,Medio,5,12.48,No,Sí,Carnes,No,269-449-2842x93121,no completo,Tarjeta,1923,Adriana Richard
8060995458,33.0,Masculino,Chicago,Medio,2,19.75,No,No,Vegetariano,No,no completo,margaretmurray@example.net,Tarjeta,2569,Scott Howell
2696994888,55.0,Masculino,Chicago,Alto,3,58.53,No,No,Pescado,Sí,7572811762,smithrobert@example.com,Efectivo,5734,Jesse Moore
2234753324,19.0,Femenino,Chicago,Alto,6,37.72,Sí,Sí,Carnes,Sí,001-740-268-9433,no completo,Tarjeta,7029,Hannah Green
5473926346,59.0,Femenino,Chicago,Bajo,3,7.09,No,No,Carnes,No,no completo,rodneycastillo@example.net,Tarjeta,1351,Jacqueline Hill
8257522759,20.0,Masculino,Chicago,Muy Alto,7,53.11,No,Sí,Vegetariano,Sí,(598)265-8659,no completo,Efectivo,10931,James Robinson
4544432520,53.0,Masculino,Chicago,Alto,5,46.38,No,No,Carnes,Sí,609-956-4018x5278,no completo,Efectivo,7115,Richard Hunt
6164826959,55.0,Masculino,Chicago,Alto,5,57.93,No,Sí,Carnes,Sí,no completo,no completo,Efectivo,6011,Kyle Rodriguez
7203494026,45.0,Masculino,Chicago,Alto,6,48.99,No,No,Mariscos,No,318-349-0395x7514,wgilmore@example.org,Tarjeta,7378,William Anderson
5057220218,42.0,Femenino,Chicago,Muy Alto,5,57.89,No,Sí,Otro,Sí,7253541215,diane59@example.org,Efectivo,9876,Mary Harmon
9558906999,40.0,Masculino,Chicago,Medio,2,26.9,Sí,No,Mariscos,No,001-905-313-0924x2109,carly34@example.org,Efectivo,1616,Jeremy Roy
3906611156,37.0,Femenino,Chicago,Medio,3,9.98,Sí,Sí,Otro,No,no completo,no completo,Tarjeta,2138,Katherine Rios
8442057019,78.0,Femenino,Chicago,Muy Alto,6,29.75,Sí,No,Vegetariano,Sí,606.614.6158x652,stephenanderson@example.com,Efectivo,12992,Amber Wood
3739951076,59.0,Masculino,Chicago,Medio,2,12.18,No,Sí,Carnes,No,579-654-0641x473,kcollins@example.com,Tarjeta,3160,Kent Lyons
8805168905,68.0,Femenino,Chicago,Alto,6,11.05,Sí,Sí,Otro,Sí,+1-914-266-5061,gday@example.org,Efectivo,5781,Holly Bennett
2815003262,62.0,Masculino,Chicago,Muy Alto,6,93.88,Sí,Sí,Mariscos,Sí,001-232-357-4302x2068,no completo,App,9803,Brandon Moore
3166485677,71.0,Masculino,Chicago,Medio,2,15.4,No,Sí,Otro,No,590.538.2762,no completo,App,2733,Samuel Melendez
1965704898,60.0,Femenino,Chicago,Bajo,1,7.32,No,No,Vegetariano,No,642.461.6889x584,wanderson@example.net,Tarjeta,1184,Melissa Hill
6883339101,23.0,Masculino,Chicago,Medio,4,6.27,Sí,Sí,Vegetariano,No,no completo,dalewheeler@example.com,Criptomoneda,1645,Omar Martin
6596110125,79.0,Femenino,Chicago,Muy Alto,10,14.32,Sí,No,Vegetariano,Sí,(448)915-1303,joshua36@example.org,Efectivo,12025,Lynn Johnson
9762945083,59.0,Masculino,Chicago,Muy Alto,7,65.18,No,Sí,Mariscos,Sí,no completo,herrerajonathan@example.org,Efectivo,10854,William Garza
7455461147,48.0,Femenino,Chicago,Bajo,3,8.98,No,Sí,Vegetariano,No,no completo,gilltiffany@example.com,App,1499,Jennifer Oneal
4920956041,24.0,Femenino,Chicago,Muy Alto,9,54.68,No,Sí,Mariscos,Sí,752.257.7646x497,ismith@example.com,Efectivo,10828,Melissa Oconnell
3819403925,61.0,Masculino,Chicago,Alto,6,29.99,Sí,Sí,Carnes,Sí,704-861-1534x356,no completo,Efectivo,4802,Bryan Lopez
1027271239,18.0,Femenino,Chicago,Medio,5,9.62,Sí,Sí,Carnes,No,898-771-2540x939,jmartinez@example.net,Efectivo,3434,Kayla Morse
2926010665,46.0,Masculino,Chicago,Alto,4,14.18,No,Sí,Carnes,Sí,001-530-401-6096x627,no completo,Tarjeta,7922,Connor Davis
1039887139,72.0,Femenino,Chicago,Muy Alto,9,91.42,Sí,Sí,Carnes,Sí,no completo,no completo,Tarjeta,15493,Katherine Robinson
3345758537,26.0,Femenino,Chicago,Bajo,1,7.09,Sí,Sí,Carnes,No,(773)458-3237,owatts@example.com,Efectivo,1214,Jacqueline Thomas
6683887891,63.0,Femenino,Chicago,Medio,5,6.75,No,No,Vegano,No,no completo,danielwells@example.net,App,3227,Sarah Deleon
4182329951,62.0,Masculino,Chicago,Medio,4,23.49,No,No,Carnes,Sí,no completo,fernandodavis@example.net,App,1638,Alex Thornton
8717110306,39.0,Femenino,Chicago,Bajo,3,7.24,No,Sí,Vegetariano,No,6458373643,no completo,Efectivo,883,Ashley Murphy
7795188281,36.0,Masculino,Chicago,Medio,2,21.46,Sí,Sí,Carnes,No,no completo,no completo,Efectivo,2766,Spencer Bowers
3602356806,24.0,Femenino,Chicago,Alto,5,35.74,Sí,Sí,Carnes,Sí,(485)966-5688,codyevans@example.net,Efectivo,8631,Susan Moore
9750886272,59.0,Femenino,Chicago,Muy Alto,9,86.4,Sí,Sí,Vegetariano,Sí,001-344-592-0368x9557,rossthompson@example.org,Efectivo,16410,Debra Jennings
1477459038,27.0,Femenino,Chicago,Medio,3,13.47,Sí,Sí,Vegetariano,No,478.289.6839,no completo,Efectivo,2845,Sara Perez
3123961937,38.0,Masculino,Chicago,Alto,5,41.37,Sí,No,Carnes,Sí,no completo,no completo,Tarjeta,7539,Thomas Reynolds
9031063171,45.0,Femenino,Chicago,Muy Alto,9,18.44,Sí,Sí,Carnes,Sí,+1-484-893-4646x156,loriholland@example.com,App,15403,Catherine Morgan
2746762765,25.0,Masculino,Chicago,Alto,6,59.98,No,Sí,Vegetariano,No,+1-789-259-8089,no completo,App,6386,David Reyes
4266742938,25.0,Masculino,Chicago,Medio,3,18.7,No,No,Vegetariano,No,(332)967-2199x926,kaisermegan@example.com,Efectivo,2650,Nicolas Marshall
9591045702,34.0,Masculino,Chicago,Medio,4,13.77,Sí,No,Vegano,No,(668)612-4350,manuelhuynh@example.net,Tarjeta,2461,Michael Randolph
8143482843,31.0,Femenino,Chicago,Medio,5,28.88,No,Sí,Carnes,No,(660)599-1635x91599,no completo,App,2014,Mary Ballard
2636187511,53.0,Femenino,Chicago,Alto,6,49.56,Sí,No,Pescado,No,no completo,nathansimpson@example.org,App,7698,Karen Butler
1679182051,61.0,Femenino,Chicago,Medio,5,26.25,No,Sí,Carnes,No,001-968-571-8481x701,ashlee87@example.org,Efectivo,3405,Robin Garcia
9621233639,24.0,Masculino,Chicago,Medio,3,5.34,No,No,Vegetariano,No,no completo,esalinas@example.org,Efectivo,2236,Mark Armstrong
1905193382,62.0,Masculino,Chicago,Medio,2,14.11,Sí,No,Vegetariano,No,no completo,eparrish@example.org,App,2798,Joel Brown
5683391352,65.0,Masculino,Chicago,Alto,5,39.22,No,Sí,Pescado,No,522.233.4805,no completo,Efectivo,5040,Donald Mills
3059154236,44.0,Masculino,Chicago,Alto,5,32.8,Sí,No,Carnes,Sí,no completo,toddsamantha@example.com,Efectivo,7211,David Nunez
5227974252,18.0,Masculino,Chicago,Alto,5,34.73,Sí,Sí,Carnes,No,(825)684-3302,no completo,Efectivo,5635,Antonio Huynh
6578549798,19.0,Masculino,Chicago,Medio,2,25.82,Sí,No,Otro,No,530-931-9456x035,jason28@example.net,Tarjeta,2481,Jonathan Smith
2857228002,70.0,Femenino,Chicago,Alto,6,30.41,Sí,No,Vegetariano,Sí,276-523-5468x857,no completo,Tarjeta,8308,Robin Thomas
8531400860,68.0,Femenino,Chicago,Medio,4,29.01,Sí,No,Carnes,Sí,no completo,burtonmargaret@example.net,Efectivo,3147,Lauren Estrada
1322889502,60.0,Masculino,Chicago,Medio,5,14.61,Sí,Sí,Carnes,No,(897)387-5388x77966,uweber@example.net,Efectivo,2594,Clifford Young
7875317351,19.0,Femenino,Chicago,Bajo,2,5.97,No,Sí,Carnes,No,001-776-679-2984x646,mosleystephen@example.com,Tarjeta,1460,Kelly Hogan
8508995749,72.0,Masculino,Chicago,Medio,5,13.54,Sí,No,Vegetariano,No,849.253.2318,kellerchristine@example.com,App,1981,Adam Pineda
2491605487,38.0,Masculino,Chicago,Muy Alto,8,95.26,Sí,No,Vegetariano,Sí,7237373739,robertarnold@example.net,Efectivo,17932,Thomas Olson
8243716828,18.0,Masculino,Chicago,Muy Alto,8,14.14,Sí,No,Carnes,Sí,no completo,no completo,App,17516,John Mcmillan
8596269637,55.0,Masculino,Chicago,Bajo,2,5.04,No,Sí,Vegetariano,No,no completo,no completo,Tarjeta,1126,Anthony Boyd
4928116989,71.0,Femenino,Chicago,Muy Alto,6,12.21,Sí,No,Otro,Sí,506-897-5938,emoore@example.com,Tarjeta,17124,Jasmine Barber
7977267911,63.0,Femenino,Chicago,Medio,5,14.77,Sí,No,Pescado,No,998.215.3514x3615,no completo,Efectivo,3171,Rebecca Arias
3028519189,38.0,Femenino,Chicago,Alto,3,30.59,Sí,Sí,Carnes,Sí,no completo,karenbrown@example.net,Tarjeta,8180,Jessica Crawford
1062440902,60.0,Masculino,Chicago,Muy Alto,10,50.99,Sí,Sí,Mariscos,Sí,414.280.6251x91375,sanchezbenjamin@example.org,Efectivo,13463,Cory Duncan
3604574077,55.0,Femenino,Chicago,Medio,2,18.91,Sí,Sí,Vegano,No,no completo,dustinhughes@example.net,Tarjeta,3178,Amanda Wright
6798862126,42.0,Femenino,Chicago,Medio,3,20.09,Sí,Sí,Pescado,No,no completo,fadams@example.org,Efectivo,2694,Carla Andrade
8294551620,23.0,Femenino,Chicago,Medio,5,11.63,No,Sí,Vegano,No,660-203-2125x2915,xsmith@example.org,Tarjeta,2686,Rebecca Little
5387238367,27.0,Masculino,Chicago,Muy Alto,3,56.83,No,Sí,Vegetariano,Sí,001-433-215-3301x740,no completo,Efectivo,9766,Joseph Phillips
1519546158,34.0,Masculino,Chicago,Bajo,2,7.18,Sí,No,Mariscos,No,no completo,no completo,Tarjeta,971,Jonathan Wagner
5835392115,55.0,Femenino,Chicago,Medio,3,17.0,No,No,Vegano,No,+1-787-675-6912x4694,no completo,Efectivo,2510,Valerie Jackson
3614663568,34.0,Femenino,Chicago,Alto,5,9.09,Sí,Sí,Carnes,Sí,no completo,no completo,App,5996,Ann Ramirez
6188049277,46.0,Femenino,Chicago,Alto,5,31.86,No,Sí,Mariscos,Sí,no completo,jennifer88@example.com,Efectivo,4935,Jennifer Willis
9844857553,34.0,Femenino,Chicago,Alto,6,11.16,Sí,Sí,Otro,Sí,no completo,no completo,Tarjeta,6052,Isabella Smith
3887823121,52.0,Masculino,Chicago,Muy Alto,6,30.0,Sí,No,Pescado,Sí,6785710604,no completo,Tarjeta,17550,Danny Aguilar
8188100401,38.0,Masculino,Chicago,Alto,4,53.58,Sí,Sí,Pescado,Sí,no completo,no completo,Efectivo,8482,John Weber
3802365104,80.0,Masculino,Chicago,Alto,5,17.01,No,No,Carnes,Sí,no completo,jacksonkelly@example.org,App,5395,Jason Walsh
2199745899,27.0,Masculino,Chicago,Medio,3,12.82,Sí,Sí,Carnes,No,405.710.0725,chapmananthony@example.org,Efectivo,2105,Steven Forbes
4827896162,78.0,Masculino,Chicago,Bajo,1,9.5,Sí,No,Vegetariano,No,no completo,no completo,Efectivo,1313,Donald Smith
7280889243,69.0,Femenino,Chicago,Muy Alto,6,38.03,No,Sí,Carnes,Sí,no completo,sharon08@example.com,Efectivo,11323,Angela Parrish
3617897214,77.0,Masculino,Chicago,Medio,5,6.66,Sí,Sí,Otro,No,no completo,xsimmons@example.com,Tarjeta,3180,Jeffrey Hays
6611356986,73.0,Femenino,Chicago,Muy Alto,6,10.65,No,No,Vegano,Sí,no completo,brownkathy@example.com,Tarjeta,11786,Michelle Morris
1576717254,58.0,Femenino,Chicago,Medio,3,14.23,Sí,Sí,Pescado,No,238-460-9372x4630,lisajennings@example.net,Efectivo,1842,Lauren Thompson
9006535478,24.0,Femenino,Chicago,Bajo,1,9.54,Sí,Sí,Vegetariano,No,no completo,xhorton@example.net,App,1568,Andrea Hall
9964017816,28.0,Femenino,Chicago,Medio,3,12.44,Sí,No,Carnes,No,+1-825-642-4585x6987,hammondjoseph@example.net,Tarjeta,1660,Kathleen Moore
2904319901,60.0,Femenino,Chicago,Bajo,1,9.11,No,Sí,Mariscos,No,no completo,david58@example.com,App,1421,Yolanda Whitehead
7068917109,67.0,Masculino,Chicago,Muy Alto,10,98.69,Sí,No,Vegetariano,Sí,+1-751-679-3404x6782,charles39@example.org,Criptomoneda,9361,Eric Best
5192846042,27.0,Femenino,Chicago,Medio,3,8.75,No,Sí,Mariscos,No,no completo,dwilson@example.com,App,2540,Carrie Adams
4175852493,56.0,Masculino,Chicago,Alto,6,7.64,No,Sí,Vegano,Sí,+1-721-547-1161x12325,no completo,Tarjeta,8287,Jason Hall
2289225548,29.0,Femenino,Chicago,Medio,5,15.19,No,Sí,Carnes,No,5705773572,hugheserica@example.com,Tarjeta,1869,Angela Allen
2671929013,56.0,Masculino,Chicago,Alto,5,24.81,No,Sí,Otro,No,001-615-843-9838x6055,johnsonrachel@example.org,Efectivo,4902,Andrew Garcia
2350315405,47.0,Masculino,Chicago,Medio,4,28.32,Sí,Sí,Mariscos,No,001-875-487-5998,granthess@example.com,Tarjeta,2376,Alexander Thomas
1719780744,59.0,Femenino,Chicago,Medio,4,24.96,No,Sí,Otro,No,929-830-7571x2533,gbryant@example.com,App,1841,Mary Garcia
3926514082,78.0,Femenino,Chicago,Alto,4,16.41,Sí,No,Carnes,Sí,no completo,fweaver@example.org,Tarjeta,3661,Nicole Bentley
1400319024,60.0,Masculino,Chicago,Alto,6,56.66,No,Sí,Vegano,Sí,no completo,karnold@example.com,Efectivo,8150,John Williams
9151018395,70.0,Femenino,Chicago,Medio,5,28.48,Sí,Sí,Carnes,Sí,+1-610-794-1588x820,ellisontara@example.org,Tarjeta,2263,Ashley Jackson
3349561281,67.0,Femenino,Chicago,Medio,2,13.27,No,Sí,Vegetariano,No,770-638-1441x44489,ophillips@example.com,Tarjeta,2144,Cristina Jones
2768843874,31.0,Femenino,Chicago,Alto,6,16.15,No,Sí,Carnes,Sí,341-696-2553,gharris@example.com,Efectivo,6038,Yesenia Sparks
4449566278,52.0,Masculino,Chicago,Alto,4,45.14,Sí,No,Otro,No,+1-725-412-7565x56165,no completo,Tarjeta,5281,Alex Salas
1541964762,43.0,Femenino,Chicago,Medio,4,20.07,Sí,No,Mariscos,Sí,+1-523-505-5339x7464,no completo,Tarjeta,1986,Regina Alexander
3969311003,63.0,Femenino,Chicago,Medio,4,21.17,Sí,Sí,Vegano,No,no completo,no completo,Efectivo,2098,Heather Moyer
1187862051,21.0,Masculino,Chicago,Medio,5,12.39,Sí,Sí,Mariscos,No,no completo,ybentley@example.org,Efectivo,2858,Nicholas Hill
1639508863,76.0,Femenino,Chicago,Bajo,3,5.76,Sí,No,Carnes,No,(395)634-3156x0294,no completo,App,1552,Tracy Stevenson
7212083743,72.0,Femenino,Chicago,Alto,6,26.12,Sí,No,Mariscos,Sí,001-676-360-5264,kenneth43@example.com,App,5112,Lisa Williams
7086182821,72.0,Femenino,Chicago,Medio,2,8.18,No,Sí,Vegetariano,Sí,no completo,ecollins@example.com,Efectivo,1779,Jennifer Hughes
9951195763,35.0,Femenino,Chicago,Medio,5,9.04,No,No,Vegano,No,no completo,no completo,Efectivo,3316,Judith Barnes
3581063480,65.0,Femenino,Chicago,Alto,5,41.73,Sí,No,Pescado,Sí,no completo,piercejessica@example.org,Efectivo,6311,Beth Garcia
5434873419,37.0,Femenino,Chicago,Alto,6,53.3,No,Sí,Vegetariano,Sí,no completo,lindavelez@example.net,App,7576,Angela Morris
9441018790,44.0,Femenino,Chicago,Muy Alto,7,32.0,Sí,No,Vegetariano,No,no completo,ashleysmith@example.com,Tarjeta,16652,Wanda Rice
2889045932,24.0,Femenino,Chicago,Alto,4,34.58,No,Sí,Otro,Sí,no completo,perezphillip@example.org,App,7034,Lisa Hawkins
3930090943,55.0,Masculino,Chicago,Medio,5,19.48,No,No,Vegetariano,No,no completo,no completo,Efectivo,2891,Kyle Gonzalez
2013424800,36.0,Masculino,Chicago,Medio,3,5.08,No,No,Vegetariano,No,9327574250,richard93@example.com,Tarjeta,3117,James Montes
2324918063,54.0,Femenino,Chicago,Alto,5,48.02,No,Sí,Vegano,Sí,001-445-335-1743x799,no completo,Efectivo,6142,Melissa Valencia
6485741440,80.0,Femenino,Chicago,Medio,3,13.95,Sí,No,Mariscos,No,no completo,uthomas@example.com,Efectivo,1719,Haley Dalton
7650193311,32.0,Masculino,Chicago,Medio,5,19.29,Sí,Sí,Carnes,No,no completo,raymond44@example.net,Efectivo,2791,Craig Fields
8081184851,76.0,Femenino,Chicago,Bajo,3,9.9,Sí,Sí,Pescado,No,577-717-4930x4652,xsoto@example.org,Efectivo,1306,Laura Thomas
5066388518,45.0,Femenino,Chicago,Medio,2,7.6,No,Sí,Vegano,No,456.293.7802,no completo,Tarjeta,2685,Kimberly Weber
2391874847,23.0,Femenino,Chicago,Medio,2,20.79,No,Sí,Vegetariano,No,(616)430-8658x93821,morganjennifer@example.com,Tarjeta,3249,Sabrina Ortiz
6295669542,33.0,Masculino,Chicago,Alto,4,20.03,No,No,Pescado,Sí,8176657622,no completo,Tarjeta,6705,Raymond Hill
2032383330,67.0,Femenino,Chicago,Alto,4,19.81,No,Sí,Vegano,No,no completo,no completo,Efectivo,5388,Amanda Banks
4080507337,32.0,Masculino,Chicago,Medio,2,20.41,Sí,Sí,Vegetariano,No,no completo,wbailey@example.org,App,3084,Brian Mayer
4090456905,73.0,Masculino,Chicago,Muy Alto,10,75.78,Sí,No,Otro,Sí,896.722.6299x13909,christianhood@example.net,Efectivo,9834,Alexander Lynch
1313186891,38.0,Femenino,Chicago,Muy Alto,3,16.08,Sí,Sí,Pescado,Sí,(310)602-8822x21141,meagan28@example.com,App,17754,Amy Mccarthy
8985935017,18.0,Femenino,Chicago,Alto,6,25.33,No,Sí,Otro,Sí,001-718-917-8739x2826,patricknguyen@example.net,Tarjeta,4297,Angela Young
7940184579,56.0,Femenino,Chicago,Medio,3,6.01,Sí,Sí,Carnes,No,no completo,qclay@example.net,Tarjeta,3203,Jennifer Fisher
3158007539,29.0,Femenino,Chicago,Alto,5,51.44,No,Sí,Vegano,Sí,(782)928-5309x288,vflowers@example.com,Efectivo,7253,Katherine Peterson
2741486648,43.0,Masculino,Chicago,Bajo,1,6.23,Sí,No,Carnes,No,no completo,no completo,Efectivo,1002,Zachary Davis
5633983723,41.0,Femenino,Chicago,Alto,6,46.23,Sí,Sí,Carnes,Sí,(901)299-4281x7326,slewis@example.com,App,8196,Elizabeth Carson
7116788109,60.0,Femenino,Chicago,Alto,5,29.26,Sí,No,Carnes,No,no completo,no completo,Tarjeta,5200,Laurie Kim
6836869063,32.0,Masculino,Chicago,Bajo,2,9.81,Sí,Sí,Pescado,No,no completo,garzasavannah@example.com,Efectivo,962,Scott Wolf
3733193885,28.0,Femenino,Chicago,Bajo,1,5.97,Sí,No,Otro,No,(708)808-1916,tiffany81@example.com,Tarjeta,1246,Anna Hill
8486896984,79.0,Femenino,Chicago,Muy Alto,7,12.08,Sí,Sí,Carnes,Sí,(380)880-4479x9771,no completo,Efectivo,9010,Samantha Ramirez
5612645121,70.0,Femenino,Chicago,Bajo,2,8.67,No,Sí,Carnes,No,001-412-513-3275,no completo,Efectivo,1498,Kimberly Reyes
4617952074,64.0,Femenino,Chicago,Medio,4,5.26,No,Sí,Carnes,No,(837)688-2580,no completo,Efectivo,2336,Susan Lewis
5000675383,70.0,Femenino,Chicago,Medio,3,25.88,Sí,No,Mariscos,No,001-554-821-1479x57111,jasminlarsen@example.org,Criptomoneda,2162,Veronica Acosta
4536696963,21.0,Masculino,Chicago,Medio,3,8.48,No,Sí,Carnes,No,737-498-6745,no completo,Efectivo,2938,Joe Thompson
9325146841,58.0,Masculino,Chicago,Alto,6,57.68,Sí,Sí,Carnes,Sí,001-297-565-7367,no completo,Efectivo,3512,Christopher Austin
1146154915,67.0,Femenino,Chicago,Alto,6,58.23,No,No,Vegetariano,No,8468531250,diazchad@example.com,Efectivo,8907,Kayla Pittman
2616509145,75.0,Masculino,Chicago,Medio,3,13.89,Sí,No,Pescado,No,no completo,gregory19@example.org,Efectivo,2754,Michael Knapp
4789389791,43.0,Masculino,Chicago,Alto,6,23.56,Sí,No,Vegetariano,No,no completo,no completo,App,3597,Hector Griffin
9546760220,73.0,Femenino,Chicago,Muy Alto,7,23.95,Sí,Sí,Otro,Sí,551.652.9038,no completo,Efectivo,13563,Tonya Brown
3622572913,56.0,Masculino,Chicago,Alto,4,54.37,Sí,Sí,Vegano,Sí,(858)657-2639,no completo,App,5777,Ryan Novak
2693949971,23.0,Masculino,Chicago,Muy Alto,3,18.85,No,Sí,Pescado,Sí,no completo,no completo,Efectivo,16958,Lance Christensen
5888695763,39.0,Masculino,Chicago,Medio,5,22.79,No,Sí,Vegetariano,No,(654)542-7071,kmorris@example.net,Tarjeta,3145,Christopher Taylor
8923111040,18.0,Femenino,Chicago,Medio,3,7.09,No,Sí,Pescado,Sí,(459)394-5955,no completo,Efectivo,1657,Andrea Barnes
1632530290,33.0,Masculino,Chicago,Alto,5,7.82,Sí,No,Carnes,Sí,no completo,no completo,App,6539,Daniel Espinoza
8057994126,75.0,Femenino,Chicago,Alto,6,11.31,Sí,No,Vegano,Sí,+1-471-682-5627x414,amy02@example.org,App,6021,Melissa Bauer
4278323723,73.0,Femenino,Chicago,Medio,4,29.07,Sí,Sí,Mariscos,No,no completo,marshallheather@example.com,Efectivo,2879,Michelle Curry
7144607121,59.0,Masculino,Chicago,Alto,6,17.77,No,No,Carnes,Sí,946-766-0271x8651,no completo,Efectivo,5892,Robert Gomez
8061243669,18.0,Femenino,Chicago,Bajo,1,5.44,No,Sí,Carnes,No,no completo,peggy52@example.org,Tarjeta,940,Jill Richards
6233864644,46.0,Femenino,Chicago,Medio,5,11.36,Sí,Sí,Carnes,No,no completo,ethanjennings@example.net,Efectivo,2052,Valerie Trevino
2028769788,56.0,Femenino,Chicago,Medio,2,9.06,Sí,Sí,Carnes,No,921.240.2703x3509,no completo,Efectivo,2772,Teresa Ramirez
5922186966,31.0,Masculino,Chicago,Muy Alto,8,6.7,No,No,Vegetariano,Sí,(512)447-0164x863,no completo,Efectivo,9969,Ryan Silva
1725036551,66.0,Femenino,Chicago,Alto,5,48.71,No,No,Mariscos,Sí,+1-901-218-5501x3530,hendersongeorge@example.net,Efectivo,5875,Jocelyn Morales
8688228635,25.0,Femenino,Chicago,Muy Alto,9,65.1,No,No,Vegano,Sí,no completo,no completo,Criptomoneda,11438,Laura Cardenas
2029691143,51.0,Masculino,Chicago,Bajo,3,8.26,No,Sí,Vegano,No,no completo,no completo,Tarjeta,1465,William Powell
7948607856,42.0,Femenino,Chicago,Muy Alto,8,61.55,No,No,Vegetariano,Sí,no completo,no completo,Efectivo,16544,Susan Farmer
3849924259,20.0,Femenino,Chicago,Alto,5,52.32,No,Sí,Vegano,Sí,no completo,no completo,Efectivo,8830,Sherry Martin
8888680076,32.0,Femenino,Chicago,Alto,5,6.12,Sí,Sí,Carnes,Sí,+1-907-241-8115x711,matthew83@example.com,Efectivo,5638,Katrina Sweeney
8065996278,43.0,Femenino,Chicago,Alto,6,55.92,No,No,Carnes,No,no completo,no completo,Tarjeta,8615,Lisa Terry
6943495190,67.0,Femenino,Chicago,Alto,5,47.26,No,No,Carnes,Sí,+1-686-760-7930x1692,no completo,Tarjeta,7666,Jennifer Hines
4130767223,61.0,Femenino,Chicago,Medio,3,6.47,No,Sí,Mariscos,No,no completo,henry22@example.net,Tarjeta,3246,Emily Chambers
7490420245,35.0,Masculino,Chicago,Medio,5,5.26,No,No,Carnes,No,001-949-919-5164,no completo,Efectivo,2951,Ethan Wilson
5089069686,25.0,Masculino,Chicago,Alto,5,24.26,Sí,Sí,Vegetariano,No,no completo,angela81@example.net,App,3803,John Mcdowell
5808060977,26.0,Masculino,Chicago,Medio,3,13.65,No,Sí,Mariscos,No,no completo,michaelmoore@example.com,Tarjeta,2892,Jonathan Thompson
8357677623,29.0,Femenino,Chicago,Alto,5,28.85,Sí,Sí,Carnes,Sí,(656)484-7386x260,ambersilva@example.org,Efectivo,3764,Alison Lopez
2456001569,39.0,Masculino,Chicago,Medio,2,16.82,No,No,Vegetariano,No,+1-880-365-2049x0161,houstoncharles@example.org,Tarjeta,2281,Blake Williams
9917876228,60.0,Femenino,Chicago,Muy Alto,10,30.75,No,Sí,Mariscos,Sí,no completo,pattersonmonica@example.com,Efectivo,13405,Ashley Ruiz
2423995953,75.0,Femenino,Chicago,Alto,3,36.63,No,No,Vegetariano,Sí,no completo,no completo,Tarjeta,4364,Adrienne Morales
2724622525,55.0,Femenino,Chicago,Alto,5,37.85,No,Sí,Carnes,Sí,001-595-876-6688x322,no completo,Efectivo,8029,Kathleen Walker
6216396239,54.0,Masculino,Chicago,Bajo,3,9.42,No,Sí,Carnes,No,no completo,keith20@example.net,Efectivo,1364,Mark Guzman
9161281422,79.0,Femenino,Chicago,Muy Alto,3,102.89,Sí,Sí,Carnes,Sí,755-518-5144x10405,no completo,App,16698,Jacqueline Reed
6110943464,22.0,Femenino,Chicago,Medio,3,28.44,Sí,No,Vegano,No,(903)834-4848,michaelmcclain@example.com,App,1991,Brenda Kennedy
4220213945,72.0,Femenino,Chicago,Alto,6,18.07,Sí,No,Pescado,Sí,608-508-6855x56783,no completo,Efectivo,5856,Cheryl Cervantes
1950074184,34.0,Femenino,Chicago,Medio,5,20.3,No,Sí,Vegano,No,no completo,mike56@example.net,App,2204,Emily Ford
5562593349,63.0,Masculino,Chicago,Alto,5,17.05,Sí,No,Otro,Sí,836-873-3572x249,no completo,Efectivo,5163,Robert Reyes
1740538233,48.0,Masculino,Chicago,Muy Alto,8,55.25,Sí,No,Pescado,Sí,001-896-673-1440x1592,no completo,Tarjeta,9180,Jeffrey Hood
6121801720,78.0,Femenino,Chicago,Alto,4,30.96,Sí,Sí,Carnes,Sí,(936)340-0206x65753,brendaanthony@example.net,App,8536,Dana Thompson
5185986383,76.0,Masculino,Chicago,Muy Alto,10,77.83,No,Sí,Vegetariano,Sí,(924)448-3808,sandragreene@example.org,Tarjeta,13474,John Miller
8654155479,71.0,Femenino,Chicago,Bajo,1,8.68,Sí,No,Carnes,No,no completo,joseph77@example.org,Tarjeta,850,Lauren Johnson
3877617284,40.0,Femenino,Chicago,Muy Alto,10,71.53,No,Sí,Mariscos,Sí,no completo,nathan03@example.net,Efectivo,15088,Emma Alvarez
6527394765,56.0,Masculino,Chicago,Alto,6,29.14,Sí,Sí,Carnes,No,+1-677-418-0645x75057,no completo,Tarjeta,8029,Gregory Barnes
8523092435,75.0,Masculino,Chicago,Alto,4,45.82,Sí,No,Carnes,No,no completo,no completo,App,6132,Timothy Allen
3557273028,68.0,Femenino,Chicago,Muy Alto,7,47.23,Sí,No,Mariscos,No,001-230-658-2498x142,no completo,App,15721,Julie Cummings
4564751926,28.0,Femenino,Chicago,Medio,2,20.25,Sí,Sí,Carnes,No,no completo,haroldlyons@example.com,Tarjeta,2105,Elizabeth Moon
4100996604,22.0,Masculino,Chicago,Alto,4,20.31,Sí,Sí,Carnes,Sí,9035308369,no completo,Efectivo,5483,Christopher Morgan
2655760183,41.0,Femenino,Chicago,Bajo,2,7.5,Sí,Sí,Vegano,No,409-205-8137x38996,geraldpena@example.com,App,1430,Amanda Flores
1006202935,49.0,Femenino,Chicago,Medio,5,11.17,Sí,Sí,Carnes,No,001-828-313-1300x2682,jacob17@example.net,Efectivo,3337,Heather Washington
1373690685,19.0,Masculino,Chicago,Muy Alto,9,61.74,No,Sí,Vegetariano,Sí,+1-892-438-6190,wsmith@example.net,Tarjeta,9695,Anthony Gutierrez
6761494575,79.0,Masculino,Chicago,Medio,4,13.94,No,No,Vegetariano,No,001-912-615-2280x557,no completo,Efectivo,2037,Kevin Sanchez
9006868283,47.0,Masculino,Chicago,Alto,5,17.43,Sí,Sí,Carnes,No,no completo,no completo,Tarjeta,6578,Devin Parker
7316470791,23.0,Femenino,Chicago,Bajo,1,6.07,Sí,Sí,Vegetariano,No,no completo,no completo,Criptomoneda,947,Martha Molina
3791714419,61.0,Masculino,Chicago,Bajo,3,8.39,No,Sí,Mariscos,No,no completo,no completo,Efectivo,902,Bill Marks
2900641393,76.0,Femenino,Chicago,Alto,5,42.44,No,Sí,Carnes,Sí,465.279.8097,no completo,Tarjeta,5218,Elizabeth White
5728765136,43.0,Masculino,Chicago,Medio,3,26.17,Sí,No,Vegetariano,No,no completo,smithcarrie@example.org,App,1686,Richard Francis
6466597005,62.0,Masculino,Chicago,Alto,4,33.71,Sí,No,Otro,Sí,no completo,morgansharon@example.net,Tarjeta,8544,David Douglas
7865183702,68.0,Femenino,Chicago,Medio,2,16.74,No,Sí,Vegetariano,No,+1-616-692-7252x03796,no completo,Efectivo,1952,Nicole Murphy
7107533494,41.0,Masculino,Chicago,Bajo,2,8.68,No,No,Mariscos,No,001-245-977-8419x887,barbara45@example.com,Efectivo,1071,Cory Jones
5244473159,74.0,Masculino,Chicago,Medio,2,26.03,No,No,Otro,No,no completo,no completo,App,3276,Luis Murray
3611667974,42.0,Femenino,Chicago,Medio,3,5.94,Sí,Sí,Vegetariano,No,no completo,no completo,Efectivo,3223,Paula Duncan
7213257327,76.0,Masculino,Chicago,Medio,4,27.52,No,No,Carnes,No,(497)398-5146,no completo,Efectivo,3065,Patrick Brown
3113322013,66.0,Femenino,Chicago,Medio,5,10.74,No,Sí,Otro,No,576-439-1496,corygarrison@example.org,Criptomoneda,2957,Julie Fry
6329589780,37.0,Masculino,Chicago,Medio,3,27.62,Sí,Sí,Carnes,Sí,2669501845,no completo,App,2152,Johnny Welch
8376116786,36.0,Femenino,Chicago,Bajo,3,7.1,No,No,Mariscos,No,no completo,no completo,Efectivo,1311,Julia Massey
9688833791,21.0,Masculino,Chicago,Medio,5,7.09,No,Sí,Vegetariano,No,304.701.5129x18402,no completo,Tarjeta,1901,Todd Griffin
3613130146,47.0,Femenino,Chicago,Bajo,1,6.24,Sí,No,Mariscos,No,no completo,mckeeroger@example.org,App,1123,Olivia Curtis
7573691558,56.0,Femenino,Chicago,Muy Alto,10,78.45,Sí,Sí,Vegetariano,Sí,759-325-1449x24448,kellylopez@example.net,App,13302,Kimberly Mathis
3471601626,45.0,Masculino,Chicago,Bajo,2,7.26,Sí,No,Pescado,No,(863)791-7099x58727,bradley27@example.net,App,1414,David Holmes
2414208068,80.0,Femenino,Chicago,Bajo,2,6.25,No,No,Carnes,No,(928)790-4314x78210,no completo,Tarjeta,990,Crystal Andersen
9605798260,42.0,Femenino,Chicago,Medio,5,19.11,No,No,Otro,No,no completo,tbrowning@example.net,App,2963,Pamela Murphy
4654033874,44.0,Femenino,Chicago,Medio,3,16.28,Sí,No,Carnes,No,480-590-6238x780,no completo,App,1971,Pamela Stewart
5135595227,24.0,Femenino,Chicago,Medio,2,23.82,Sí,Sí,Carnes,No,no completo,qandrews@example.net,App,2107,Emily Pearson
4300794369,76.0,Masculino,Chicago,Bajo,3,8.07,No,No,Otro,No,no completo,lalvarez@example.net,Efectivo,1281,Anthony Nielsen
1639859220,56.0,Femenino,Chicago,Bajo,2,9.91,No,No,Mariscos,No,863.787.7497,graycharles@example.net,App,951,Kaylee Webster
7543376659,30.0,Femenino,Chicago,Medio,5,24.39,Sí,Sí,Mariscos,No,no completo,lynnryan@example.com,Tarjeta,2247,Brittany Williams
7555256315,41.0,Femenino,Chicago,Medio,5,5.69,No,No,Mariscos,No,7473066216,rebeccaphelps@example.net,Tarjeta,1955,Cathy Barnes
3955578324,46.0,Femenino,Chicago,Medio,3,16.06,No,Sí,Vegetariano,Sí,no completo,susan62@example.net,Efectivo,3314,Teresa Fox
4601723703,35.0,Femenino,Chicago,Medio,3,24.15,Sí,No,Vegano,No,no completo,no completo,Tarjeta,2653,Amanda Pitts
2705016899,63.0,Femenino,Chicago,Medio,4,29.2,No,Sí,Otro,No,no completo,hollandbrian@example.com,Efectivo,2053,Leah Brown
1487730383,21.0,Masculino,Chicago,Muy Alto,9,25.91,Sí,Sí,Carnes,Sí,+1-855-994-7535x160,lorettawarren@example.com,Efectivo,12927,Charles Stafford
6324118242,40.0,Femenino,Chicago,Medio,3,18.08,No,Sí,Mariscos,Sí,no completo,camposjessica@example.org,Efectivo,2288,Amanda Jones
5091875722,79.0,Femenino,Chicago,Medio,2,26.1,Sí,No,Carnes,No,777.873.8693x04180,no completo,App,1865,Mary Adams
3867914693,31.0,Femenino,Chicago,Alto,5,,No,No,Vegano,No,001-210-490-4875x8407,no completo,Efectivo,5403,Lori Jackson
9623446290,42.0,Masculino,Chicago,Alto,4,,Sí,No,Vegano,Sí,448.533.6826x155,ivincent@example.net,Tarjeta,6115,Kevin Copeland
3051229531,69.0,Masculino,Chicago,Muy Alto,10,56.5,No,No,Vegetariano,Sí,no completo,william90@example.com,Tarjeta,17378,William Thompson
9898781512,39.0,Masculino,Chicago,Alto,4,18.06,Sí,No,Carnes,Sí,no completo,no completo,Tarjeta,7462,Mark Lucero
1786630878,72.0,Femenino,Chicago,Alto,6,32.09,Sí,No,Carnes,Sí,422-816-3409,no completo,Tarjeta,5041,Kelly Clark
6712402493,50.0,Femenino,Chicago,Medio,3,13.52,No,Sí,Vegetariano,No,no completo,williamsamy@example.com,Tarjeta,3312,Tracy Harmon
2634803757,21.0,Masculino,Chicago,Alto,3,29.67,Sí,Sí,Carnes,No,706.962.0159x3667,meredithwaller@example.com,Tarjeta,7772,David Jones
5239348773,69.0,Masculino,Chicago,Alto,4,32.24,Sí,No,Mariscos,Sí,no completo,matthew05@example.org,Tarjeta,3790,Edward Rush
1550343227,73.0,Femenino,Chicago,Muy Alto,9,92.2,No,No,Carnes,Sí,+1-867-823-3948x4365,no completo,App,16367,Amanda Wilson
3333886923,21.0,Masculino,Chicago,Medio,3,14.52,No,Sí,Carnes,No,(656)547-1388,samanthamorales@example.org,Efectivo,1712,Rodney Brown
5706925695,48.0,Femenino,Chicago,Alto,4,50.87,Sí,Sí,Carnes,No,291-589-9239x59913,no completo,Efectivo,6896,Danielle Stewart
7643177611,41.0,Masculino,Chicago,Bajo,2,5.95,Sí,Sí,Carnes,No,530-931-9456x035,jason28@example.net,Efectivo,1505,Jonathan Smith
8840503950,72.0,Femenino,Chicago,Medio,5,24.51,Sí,No,Vegetariano,No,no completo,no completo,Tarjeta,3034,Lauren Logan
8543106319,39.0,Masculino,Chicago,Alto,4,51.04,Sí,No,Otro,No,no completo,no completo,Efectivo,6120,John King
5039707796,80.0,Femenino,Chicago,Bajo,3,6.18,Sí,No,Carnes,No,811-983-4645x876,no completo,App,1222,Jacqueline Williams
3071888568,37.0,Femenino,Chicago,Medio,2,7.35,No,No,Pescado,No,9475535979,elizabeth16@example.com,Efectivo,2338,Cheryl Suarez
2282343274,75.0,Femenino,Chicago,Alto,6,28.99,Sí,Sí,Carnes,Sí,no completo,jordan16@example.net,Efectivo,8963,Jade Reese
3280137701,46.0,Femenino,Chicago,Alto,4,33.83,Sí,No,Mariscos,Sí,no completo,no completo,Efectivo,8111,Kari Le
4463521320,28.0,Femenino,Chicago,Alto,4,39.77,Sí,Sí,Vegano,Sí,no completo,aaron60@example.com,Efectivo,7525,Robin Santos
9886169511,35.0,Masculino,Chicago,Bajo,1,9.34,Sí,No,Otro,No,+1-786-636-3707x792,no completo,Tarjeta,1488,Zachary Thornton
3164240104,47.0,Masculino,Chicago,Medio,3,27.71,Sí,No,Vegano,No,856.878.6958x8730,no completo,Efectivo,1988,Travis Hernandez
5542371107,67.0,Masculino,Chicago,Medio,5,27.29,No,No,Carnes,No,no completo,douglasschneider@example.net,Efectivo,3475,Jorge Nicholson
5294535887,78.0,Femenino,Chicago,Alto,4,39.49,No,Sí,Mariscos,Sí,001-325-428-1429x4384,ronald01@example.net,Efectivo,5531,Angel Grimes
8292722149,41.0,Femenino,Chicago,Medio,2,13.16,Sí,No,Carnes,Sí,(709)518-4790x084,no completo,App,3031,Kathy Campbell
4979644466,24.0,Masculino,Chicago,Muy Alto,7,52.62,Sí,Sí,Mariscos,Sí,+1-280-314-0119,no completo,Tarjeta,17574,Joshua Mcconnell
9060359831,29.0,Femenino,Chicago,Medio,3,15.22,Sí,Sí,Mariscos,No,no completo,cartermadeline@example.net,Efectivo,2799,Taylor Brown
8011943488,61.0,Masculino,Chicago,Alto,5,31.83,No,Sí,Mariscos,Sí,no completo,no completo,Tarjeta,5475,Dalton Miranda
9476123135,64.0,Masculino,Chicago,Bajo,3,9.81,Sí,Sí,Mariscos,No,no completo,amygonzales@example.org,Efectivo,1511,Jason Phillips
5749304490,68.0,Femenino,Chicago,Alto,6,29.21,No,No,Carnes,Sí,+1-328-516-7694x3872,michael99@example.net,Efectivo,6305,Rachel Le
6208260061,53.0,Femenino,Chicago,Alto,6,,No,Sí,Carnes,Sí,738.580.1558,no completo,Tarjeta,6712,Kristi Rodriguez
5241013099,42.0,Masculino,Chicago,Muy Alto,6,30.45,Sí,No,Pescado,Sí,no completo,elizabethtaylor@example.org,Efectivo,13193,Robert Barr
7537228950,19.0,Masculino,Chicago,Alto,6,52.71,Sí,No,Mariscos,Sí,+1-865-509-4134x828,petersondaniel@example.org,Efectivo,6529,Charles Moore
7880903123,51.0,Masculino,Chicago,Bajo,1,6.62,Sí,Sí,Vegetariano,No,no completo,no completo,App,1367,Daniel Mckee
4384950465,40.0,Femenino,Chicago,Alto,5,29.86,No,Sí,Vegano,No,no completo,no completo,App,8079,Jessica James
2349641982,27.0,Masculino,Chicago,Muy Alto,7,34.07,Sí,Sí,Carnes,Sí,no completo,edwardspamela@example.net,App,12754,Daniel Palmer
6994611702,23.0,Femenino,Chicago,Medio,3,13.17,No,Sí,Vegetariano,No,no completo,no completo,Tarjeta,1777,Mackenzie Moore
6144541225,66.0,Femenino,Chicago,Medio,2,24.46,No,Sí,Carnes,No,+1-341-266-4900x12991,no completo,Efectivo,3380,Sophia Anderson
3562236196,71.0,Masculino,Chicago,Alto,4,24.0,Sí,No,Carnes,Sí,no completo,no completo,App,5054,Ricky Delacruz
7550503261,75.0,Femenino,Chicago,Muy Alto,6,103.62,No,No,Vegano,Sí,+1-901-783-2565x17908,icampbell@example.com,Efectivo,16091,Paula Mills
8227134108,36.0,Femenino,Chicago,Alto,5,57.39,No,Sí,Pescado,Sí,917.908.7993x4351,no completo,Tarjeta,6379,Elizabeth Arnold
4662016740,51.0,Masculino,Chicago,Alto,5,7.0,Sí,No,Mariscos,Sí,no completo,heidi16@example.org,Efectivo,7104,Brian Mcfarland
7993576122,62.0,Femenino,Chicago,Alto,5,7.55,Sí,Sí,Mariscos,Sí,no completo,joshua17@example.com,Efectivo,6043,Shelby Hammond
3638670490,51.0,Femenino,Chicago,Medio,3,10.81,Sí,Sí,Vegano,No,no completo,no completo,Efectivo,2439,Lisa Clark
4847485935,25.0,Femenino,Chicago,Medio,3,27.64,No,No,Carnes,No,255.424.9975x2949,no completo,Efectivo,3046,Alyssa Wolfe
8822525355,68.0,Masculino,Chicago,Bajo,1,7.48,No,Sí,Carnes,No,no completo,no completo,App,1452,Peter James
5005670148,60.0,Masculino,Chicago,Muy Alto,5,11.82,No,No,Pescado,No,538-887-7452x259,no completo,Tarjeta,17113,Andrew Padilla
3478044003,47.0,Masculino,Chicago,Alto,4,24.39,No,Sí,Pescado,Sí,397.674.2629,no completo,Efectivo,7789,Benjamin Davis
4112867135,23.0,Masculino,Chicago,Medio,5,9.29,No,Sí,Mariscos,No,+1-934-598-8963x67005,no completo,App,2784,Benjamin Cox
6613888489,20.0,Masculino,Chicago,Muy Alto,9,89.26,No,No,Mariscos,Sí,+1-770-678-3596x57704,josephcox@example.org,App,13952,Jerry Garcia
8089025836,41.0,Femenino,Chicago,Medio,2,28.78,Sí,No,Carnes,No,001-742-294-0530,stephaniethompson@example.net,App,3120,Darlene Owens
2040298142,31.0,Femenino,Chicago,Alto,6,16.7,Sí,No,Vegano,Sí,no completo,johnsonbrandy@example.org,Tarjeta,8958,Diana Powers
1438543129,18.0,Masculino,Chicago,Medio,3,18.7,No,Sí,Pescado,No,no completo,donna99@example.org,Efectivo,1736,James Santiago
6913007233,28.0,Masculino,Chicago,Medio,3,12.78,No,No,Carnes,No,no completo,no completo,App,2837,Manuel Haynes
2960488639,60.0,Masculino,Chicago,Muy Alto,8,96.39,No,Sí,Vegano,Sí,(705)833-7599x035,christian44@example.com,Tarjeta,9333,Richard Caldwell
2543015709,63.0,Masculino,Chicago,Medio,5,6.94,No,Sí,Pescado,No,no completo,no completo,Tarjeta,2804,John Simmons
2490549501,34.0,Masculino,Chicago,Medio,3,23.7,Sí,No,Vegetariano,Sí,(550)835-2041,stevengreen@example.net,Efectivo,3189,Kenneth Jimenez
7285695527,80.0,Masculino,Chicago,Alto,5,59.84,Sí,No,Otro,Sí,(663)569-4321,no completo,Tarjeta,6386,Christopher Cunningham
2126975893,31.0,Femenino,Chicago,Alto,5,45.37,No,No,Vegetariano,Sí,9336191482,no completo,Efectivo,6882,Brittany Richmond
5808575323,58.0,Femenino,Chicago,Medio,4,20.29,No,Sí,Mariscos,No,no completo,no completo,Tarjeta,3289,Whitney Bradley
5529870909,35.0,Masculino,Chicago,Medio,5,26.03,No,No,Otro,No,no completo,no completo,Efectivo,2484,Jamie Mack
2536500998,67.0,Femenino,Chicago,Alto,4,56.5,Sí,Sí,Vegano,Sí,no completo,no completo,Tarjeta,8844,Stacey Ochoa
2372969823,26.0,Masculino,Chicago,Medio,5,23.4,Sí,Sí,Vegetariano,Sí,(560)422-4962x37524,no completo,App,2174,Eric Washington
8600431394,60.0,Masculino,Chicago,Bajo,3,6.56,No,Sí,Carnes,No,no completo,amygonzales@example.org,Efectivo,1193,Jason Phillips
3925995469,34.0,Masculino,Chicago,Alto,5,53.55,Sí,Sí,Pescado,No,(642)492-6027x177,no completo,App,6567,William Gibson
2627677155,36.0,Masculino,Chicago,Medio,4,17.31,No,Sí,Vegano,No,no completo,salinasjose@example.com,Efectivo,3206,Dennis Eaton
1937736487,18.0,Masculino,Chicago,Medio,3,16.67,No,Sí,Vegetariano,No,no completo,no completo,Efectivo,2187,Jeffery Williams
3918101563,28.0,Masculino,Chicago,Alto,4,26.58,No,Sí,Mariscos,Sí,(797)546-8736x699,nanderson@example.com,Tarjeta,4140,Brian Robinson
3959863754,55.0,Masculino,Chicago,Medio,3,21.83,Sí,Sí,Vegetariano,No,no completo,no completo,App,1908,John Townsend
2638858985,61.0,Masculino,Chicago,Medio,2,16.03,Sí,Sí,Carnes,No,no completo,ashleystokes@example.org,App,1769,Donald Collins
7810716109,67.0,Masculino,Chicago,Medio,3,16.39,Sí,Sí,Vegetariano,Sí,498.439.1781x370,no completo,App,2432,Jon White
8490860098,58.0,Masculino,Chicago,Alto,5,56.7,No,No,Carnes,Sí,no completo,woodmatthew@example.net,Efectivo,6793,Robert Jones
4304924750,18.0,Femenino,Chicago,Medio,2,15.07,No,Sí,Otro,No,no completo,no completo,Tarjeta,3139,Brittany Dixon
7226622354,41.0,Masculino,Chicago,Bajo,3,8.34,No,No,Pescado,No,no completo,pricekim@example.org,Efectivo,1384,Sean Lopez
5777488574,50.0,Masculino,Chicago,Muy Alto,9,67.4,Sí,Sí,Mariscos,Sí,no completo,carolynolson@example.org,Efectivo,15484,John White
8477042141,61.0,Masculino,Chicago,Muy Alto,8,77.37,Sí,Sí,Mariscos,Sí,no completo,no completo,Efectivo,16330,Robert Sawyer
8108182561,45.0,Femenino,Chicago,Bajo,2,8.05,Sí,Sí,Carnes,No,8825227015,no completo,Efectivo,1262,Amanda Anderson
8337300002,40.0,Femenino,Chicago,Alto,5,15.84,Sí,Sí,Vegetariano,Sí,983-437-1041x2461,thomasconnie@example.net,App,5310,Whitney Wilson
5965308273,35.0,Masculino,Chicago,Medio,3,17.11,Sí,No,Mariscos,No,no completo,no completo,App,1627,Joseph Humphrey
7501816569,30.0,Masculino,Chicago,Bajo,2,9.66,Sí,Sí,Carnes,No,no completo,whitneycarter@example.org,Tarjeta,1256,Zachary Ware
8137083361,29.0,Femenino,Chicago,Alto,4,28.84,No,Sí,Pescado,Sí,402-910-7151,no completo,App,6936,Linda Greene
9357958386,32.0,Femenino,Chicago,Bajo,3,8.71,Sí,No,Vegano,No,(366)262-1575x96832,no completo,App,1038,Lauren Perez
4988068944,47.0,Masculino,Chicago,Alto,5,23.64,No,Sí,Carnes,Sí,no completo,no completo,Tarjeta,6754,Raymond Taylor
7554921233,70.0,Femenino,Chicago,Muy Alto,5,80.88,No,No,Carnes,Sí,no completo,no completo,Efectivo,13623,Diamond Oneal
6303233497,54.0,Masculino,Chicago,Medio,5,25.49,No,No,Mariscos,No,no completo,no completo,Efectivo,2856,William French
7845813576,68.0,Femenino,Chicago,Medio,3,17.34,Sí,Sí,Carnes,No,361.541.8399x16434,no completo,Tarjeta,2887,Lisa Perez
3802974096,60.0,Femenino,Chicago,Medio,3,15.68,No,Sí,Mariscos,No,no completo,mark11@example.org,Efectivo,2381,Ashley Hunter
6352599207,69.0,Femenino,Chicago,Alto,3,7.92,Sí,No,Vegano,Sí,no completo,no completo,Criptomoneda,8430,Anne Williams
5120584320,28.0,Masculino,Chicago,Medio,4,14.08,Sí,Sí,Carnes,No,no completo,no completo,Criptomoneda,2184,Tony Shepherd
6015011118,18.0,Masculino,Chicago,Medio,3,15.78,Sí,Sí,Carnes,No,001-617-340-4027,no completo,Tarjeta,2985,Ronald Francis
2879196938,61.0,Femenino,Chicago,Medio,5,28.39,No,Sí,Carnes,No,502.971.8607x239,no completo,App,2819,Linda Juarez
5320534569,45.0,Femenino,Chicago,Muy Alto,10,28.71,Sí,Sí,Carnes,Sí,no completo,no completo,Efectivo,16737,Heather Case
7897570670,69.0,Masculino,Chicago,Medio,2,22.28,No,Sí,Carnes,No,2443441441,no completo,Efectivo,3187,Paul Lopez
7640122370,49.0,Femenino,Chicago,Bajo,2,6.08,Sí,No,Pescado,No,no completo,no completo,Efectivo,1190,Alexandra Reid
4355785660,29.0,Masculino,Chicago,Medio,4,12.84,Sí,No,Mariscos,No,+1-601-608-7148x29333,garytucker@example.com,Efectivo,2147,Mark Kline
6918771637,43.0,Masculino,Chicago,Alto,4,58.81,No,Sí,Mariscos,Sí,001-920-735-0295x19362,no completo,Tarjeta,4936,John Lopez
5750814737,18.0,Masculino,Chicago,Alto,6,35.84,Sí,No,Mariscos,Sí,(724)543-4112x075,thomasdesiree@example.net,App,8842,Ronald Lee
2496521991,22.0,Masculino,Chicago,Muy Alto,3,93.67,Sí,Sí,Carnes,No,001-595-220-8837x135,pollardthomas@example.net,Efectivo,10274,Joshua Cline
2005296686,49.0,Femenino,Chicago,Bajo,3,9.44,Sí,No,Pescado,No,no completo,no completo,Tarjeta,1214,Cynthia Stark
1652180311,19.0,Masculino,Chicago,Muy Alto,10,35.46,Sí,Sí,Vegano,Sí,(911)770-5500,no completo,Efectivo,9051,Jose Simpson
6784307829,80.0,Femenino,Chicago,Alto,4,26.67,Sí,Sí,Mariscos,No,no completo,no completo,Efectivo,8846,Patricia Bartlett
1230504525,79.0,Masculino,Chicago,Bajo,3,8.13,Sí,No,Carnes,No,708-708-1498x141,sonyagordon@example.com,App,1215,Alexander Perez
4731102823,63.0,Masculino,Chicago,Medio,5,28.24,No,Sí,Pescado,No,no completo,no completo,Tarjeta,2737,Randy Hawkins
3484505591,80.0,Femenino,Chicago,Alto,6,24.36,Sí,Sí,Otro,Sí,+1-470-643-9179x006,no completo,App,4278,Catherine Young
1130060495,19.0,Masculino,Chicago,Alto,4,29.54,No,Sí,Carnes,Sí,315-289-2642,no completo,Tarjeta,7983,Michael Odonnell
4967909438,54.0,Masculino,Chicago,Alto,3,17.66,Sí,Sí,Otro,Sí,755-872-5408x988,no completo,Tarjeta,6098,Daniel Kidd
1625387656,70.0,Masculino,Chicago,Medio,2,15.85,No,Sí,Carnes,No,530-931-9456x035,jason28@example.net,Tarjeta,3214,Jonathan Smith
4067853612,74.0,Femenino,Chicago,Alto,5,42.63,No,Sí,Pescado,Sí,305.559.8454x6544,no completo,Efectivo,7992,Faith Charles
7854506045,35.0,Masculino,Chicago,Alto,4,14.33,No,No,Carnes,Sí,no completo,ryan67@example.net,Efectivo,6781,Michael Rosales
9900834623,39.0,Masculino,Chicago,Muy Alto,5,84.83,No,No,Vegetariano,Sí,no completo,michaelmcdaniel@example.com,Efectivo,14976,James Taylor
3809101628,72.0,Masculino,Chicago,Alto,5,21.47,Sí,Sí,Mariscos,No,no completo,no completo,Tarjeta,7834,Dale Rodriguez
2374567624,60.0,Masculino,Chicago,Bajo,3,5.89,Sí,Sí,Carnes,No,no completo,larsonsteven@example.org,Tarjeta,1383,George Morris
3084649514,57.0,Masculino,Chicago,Medio,2,7.68,No,No,Mariscos,Sí,(502)382-5179x01807,no completo,Tarjeta,2511,Daniel Henson
1473165474,69.0,Femenino,Chicago,Muy Alto,10,73.2,Sí,No,Vegetariano,Sí,no completo,no completo,Tarjeta,9605,Jacqueline Davis
7555489638,50.0,Femenino,Chicago,Alto,6,49.81,Sí,No,Carnes,No,(410)940-9348x514,ubrennan@example.net,Efectivo,5144,Natalie Watson
6504968210,31.0,Masculino,Chicago,Alto,5,48.51,Sí,Sí,Carnes,Sí,no completo,andersonryan@example.org,Efectivo,5568,Gary Thompson
3106166906,32.0,Masculino,Chicago,Medio,5,22.93,Sí,Sí,Mariscos,No,(619)449-7849x232,no completo,Tarjeta,1672,Joseph Huerta
8502417867,36.0,Femenino,Chicago,Medio,3,23.81,Sí,Sí,Mariscos,No,no completo,lauracross@example.com,Tarjeta,1672,Barbara Ford
6698484994,64.0,Masculino,Chicago,Alto,4,49.01,Sí,No,Vegetariano,No,+1-524-336-5141x1053,probinson@example.net,Tarjeta,7288,Michael Garcia
8862504698,71.0,Femenino,Chicago,Medio,5,28.58,No,Sí,Carnes,No,001-334-275-1906x98343,anthony74@example.net,Efectivo,3136,Tammy Black
2497435811,47.0,Femenino,Chicago,Muy Alto,5,72.59,No,No,Pescado,Sí,no completo,christopherlee@example.com,Tarjeta,17252,Bonnie Mckenzie
2182134112,55.0,Femenino,Chicago,Bajo,1,9.71,No,Sí,Vegetariano,No,(798)265-1687,cortezkimberly@example.org,Tarjeta,1408,Carolyn Patel
9218525137,51.0,Masculino,Chicago,Alto,5,19.87,No,No,Carnes,Sí,no completo,no completo,Tarjeta,6999,Ricky Jordan
2467549493,69.0,Femenino,Chicago,Muy Alto,9,5.85,No,Sí,Pescado,Sí,no completo,davismark@example.com,Tarjeta,17446,Lindsey Kelly
2835762276,80.0,Femenino,Chicago,Muy Alto,6,28.98,No,Sí,Pescado,Sí,no completo,isaiah07@example.com,Efectivo,16231,Stephanie Gutierrez
9430468809,64.0,Masculino,Chicago,Medio,5,18.22,No,Sí,Carnes,No,203.608.3866x677,no completo,App,2822,Jeffrey Fitzpatrick
9109638107,52.0,Masculino,Chicago,Alto,5,44.0,No,No,Otro,Sí,337.765.5575x7906,no completo,App,5773,Charles Smith
9669835245,58.0,Femenino,Chicago,Medio,4,20.81,Sí,Sí,Pescado,No,no completo,no completo,Tarjeta,1745,Debbie Mckay
6957280598,68.0,Femenino,Chicago,Bajo,1,6.76,No,Sí,Carnes,No,no completo,no completo,Efectivo,926,Erin Thompson
5940711655,76.0,Femenino,Chicago,Alto,4,27.27,No,No,Carnes,Sí,no completo,no completo,Efectivo,4077,Wanda Brown
4764763617,24.0,Femenino,Chicago,Bajo,3,7.35,No,Sí,Carnes,No,(979)200-1100,vegakaitlyn@example.com,Tarjeta,1127,Danielle Thompson
4492695244,70.0,Masculino,Chicago,Muy Alto,10,11.83,No,Sí,Carnes,Sí,no completo,torreseric@example.org,Tarjeta,13684,Victor Johnson
8288721755,78.0,Femenino,Chicago,Bajo,3,8.79,Sí,Sí,Vegetariano,No,(745)320-1961x5658,samuelreyes@example.org,App,1419,Casey Anderson
2266828055,18.0,Masculino,Chicago,Muy Alto,9,39.17,Sí,Sí,Carnes,Sí,8643052084,no completo,Efectivo,16579,Jonathan Reed
1662210977,72.0,Masculino,Chicago,Bajo,2,5.3,Sí,Sí,Carnes,No,001-918-801-7062x8544,no completo,Efectivo,1448,Andrew Richardson
7715313992,18.0,Masculino,Chicago,Bajo,2,5.52,No,Sí,Carnes,No,no completo,no completo,App,810,Robert Miller
6170668914,73.0,Masculino,Chicago,Medio,3,25.45,Sí,Sí,Vegetariano,No,no completo,no completo,Tarjeta,2159,Anthony Lee
1542965681,42.0,Masculino,Chicago,Muy Alto,7,71.12,Sí,Sí,Carnes,Sí,939-331-8528x78516,kylebradley@example.com,Efectivo,10017,Sean Nguyen
7508223624,33.0,Femenino,Chicago,Muy Alto,9,58.07,No,No,Mariscos,Sí,no completo,vcraig@example.org,Efectivo,15088,Carol Smith
7817406921,58.0,Masculino,Chicago,Medio,5,19.34,Sí,Sí,Vegano,No,897-207-8983x634,prattroger@example.org,Tarjeta,3258,Hunter Gilmore
8201624910,35.0,Masculino,Chicago,Alto,5,27.81,No,No,Carnes,Sí,no completo,no completo,Efectivo,6816,Jerome Jones
9205484268,80.0,Masculino,Chicago,Medio,4,9.87,No,No,Vegetariano,No,no completo,juliemcneil@example.org,Efectivo,2689,Benjamin Rogers
8528638280,48.0,Masculino,Chicago,Muy Alto,6,94.19,No,No,Otro,Sí,623.586.1315,no completo,App,16785,Jesus Hernandez
4854990179,45.0,Femenino,Chicago,Medio,3,9.77,Sí,Sí,Pescado,No,001-449-254-9595,salinaslori@example.org,Tarjeta,2243,Danielle Bowman
4956696850,35.0,Masculino,Chicago,Bajo,1,5.92,No,Sí,Carnes,No,no completo,no completo,Tarjeta,1216,Christopher Myers
6906686859,75.0,Femenino,Chicago,Bajo,3,8.17,No,Sí,Pescado,No,no completo,no completo,Efectivo,1558,Jennifer Hicks
6570239455,44.0,Masculino,Chicago,Alto,4,39.97,Sí,No,Otro,No,(455)552-8635,no completo,Tarjeta,8565,Ryan Moore
7275745423,58.0,Masculino,Chicago,Alto,4,56.74,Sí,Sí,Vegetariano,Sí,no completo,no completo,Efectivo,4882,Matthew Bartlett
4203606856,35.0,Masculino,Chicago,Medio,4,20.33,Sí,Sí,Carnes,No,no completo,no completo,Efectivo,1988,Marcus Snow
1629990079,21.0,Femenino,Chicago,Medio,4,19.58,Sí,Sí,Carnes,Sí,no completo,no completo,Efectivo,1795,Paula Warren
5639729419,30.0,Femenino,Chicago,Bajo,2,7.22,No,Sí,Pescado,No,no completo,no completo,Efectivo,1166,Andrea Martinez
1833736583,39.0,Masculino,Chicago,Medio,4,7.37,Sí,No,Otro,No,(500)847-0548,brittany09@example.net,Efectivo,3202,Jerry Schmitt
4248149900,70.0,Femenino,Chicago,Muy Alto,9,44.65,No,Sí,Otro,Sí,719-552-5877x800,no completo,Efectivo,15888,Wendy Skinner
8409800073,60.0,Femenino,Chicago,Alto,5,53.85,Sí,Sí,Vegetariano,No,+1-780-522-2140x5958,no completo,Tarjeta,8843,Anna Smith
6245361301,62.0,Femenino,Chicago,Muy Alto,9,69.19,Sí,Sí,Otro,Sí,no completo,nwalker@example.com,Tarjeta,9184,Sharon Stanley
8797858241,63.0,Masculino,Chicago,Bajo,3,7.42,No,Sí,Carnes,No,+1-828-522-7237,afrank@example.org,Tarjeta,1238,Brandon Coleman
9368441828,47.0,Femenino,Chicago,Medio,5,27.4,Sí,Sí,Carnes,Sí,no completo,pennymontgomery@example.net,Efectivo,2143,Alicia Thompson
8854694485,23.0,Femenino,Chicago,Bajo,1,7.42,No,Sí,Vegano,No,no completo,no completo,Efectivo,844,Shannon Harrison
3632200990,64.0,Femenino,Chicago,Bajo,3,7.47,No,Sí,Vegetariano,No,no completo,rmurphy@example.com,Tarjeta,1267,Angela Gray
3180143731,54.0,Masculino,Chicago,Alto,5,8.68,Sí,Sí,Vegetariano,Sí,285.235.1386x087,yhawkins@example.org,Efectivo,3627,Daniel Galvan
8017536640,69.0,Masculino,Chicago,Bajo,1,6.88,No,No,Vegetariano,No,353-472-3607x054,no completo,Efectivo,1055,Jose Garrett
5938892361,43.0,Masculino,Chicago,Medio,5,22.67,No,Sí,Carnes,No,no completo,wilsoncarla@example.net,Tarjeta,2343,Marc Allen
1578276003,64.0,Femenino,Chicago,Muy Alto,7,47.24,No,Sí,Carnes,Sí,001-492-969-2667,matthewyoung@example.net,App,9642,Barbara Flores
8751240060,77.0,Masculino,Chicago,Alto,4,5.92,Sí,Sí,Carnes,Sí,781-219-3267x3526,kaitlyn59@example.com,Tarjeta,7034,James Vasquez
1859624501,28.0,Femenino,Chicago,Medio,3,22.12,Sí,No,Vegetariano,No,no completo,no completo,Efectivo,3376,Angela Cunningham
7417801208,70.0,Masculino,Chicago,Alto,3,21.41,Sí,Sí,Carnes,No,no completo,hgray@example.net,Tarjeta,7963,Philip Baker
7220543303,56.0,Femenino,Chicago,Medio,4,22.47,Sí,Sí,Carnes,No,no completo,woodardkenneth@example.org,Tarjeta,1728,Maria Green
6256172838,74.0,Femenino,Chicago,Alto,6,20.8,No,Sí,Otro,No,no completo,natalie16@example.org,App,8224,Danielle Miller
1169126385,74.0,Masculino,Chicago,Alto,6,19.43,Sí,Sí,Vegano,Sí,(374)700-2023x49448,sjohnson@example.net,App,7743,Christopher Davis
7992508294,63.0,Masculino,Chicago,Muy Alto,3,64.47,No,No,Carnes,Sí,no completo,no completo,Tarjeta,14188,Stephen Mcpherson
9573092728,58.0,Femenino,Chicago,Alto,5,10.84,Sí,Sí,Otro,No,628-216-1865x014,no completo,Tarjeta,6510,Connie Rose
5909845099,72.0,Femenino,Chicago,Medio,3,24.33,No,No,Vegano,No,no completo,no completo,Tarjeta,2445,Amy Brown
1608660728,43.0,Femenino,Chicago,Medio,3,6.51,No,No,Carnes,No,no completo,no completo,Efectivo,2188,Hannah Navarro
4496307098,46.0,Femenino,Chicago,Muy Alto,8,50.88,No,No,Pescado,Sí,no completo,corey62@example.com,Tarjeta,12621,Sophia Bonilla
5252346522,53.0,Femenino,Chicago,Bajo,2,7.95,Sí,Sí,Pescado,No,no completo,no completo,App,1283,Alyssa Zuniga
3292900762,72.0,Masculino,Chicago,Alto,6,14.15,No,No,Vegano,No,no completo,katherineyoung@example.com,Efectivo,4510,Michael Williams
7018498442,72.0,Masculino,Chicago,Alto,4,54.14,Sí,No,Mariscos,Sí,+1-405-275-5160,smithcathy@example.org,App,3651,Peter Davis
7468023195,44.0,Femenino,Chicago,Medio,5,18.73,Sí,Sí,Carnes,No,no completo,tinaallen@example.org,App,1707,Yvonne Benson
2607425063,44.0,Masculino,Chicago,Medio,2,7.68,Sí,Sí,Carnes,No,+1-537-910-8123x9016,allengregory@example.net,Tarjeta,1921,Ryan Mahoney
2966554388,41.0,Masculino,Chicago,Muy Alto,8,86.52,No,Sí,Otro,Sí,001-508-681-0603x313,martinjoseph@example.org,App,16745,James Raymond
5855605194,69.0,Masculino,Chicago,Bajo,2,7.64,No,Sí,Otro,No,no completo,davisandrew@example.com,Efectivo,1413,Kevin Miller
9107661797,37.0,Masculino,Chicago,Bajo,2,6.73,Sí,Sí,Otro,No,no completo,amyjimenez@example.com,Efectivo,1565,Alexander Herrera
4180066307,25.0,Masculino,Chicago,Muy Alto,8,104.22,No,Sí,Mariscos,Sí,3269122472,rodriguezterry@example.net,Tarjeta,16930,Christopher Rodriguez
4720851289,33.0,Masculino,Chicago,Muy Alto,9,92.81,Sí,Sí,Mariscos,Sí,no completo,no completo,App,16557,Earl Ellison
9643415727,19.0,Masculino,Chicago,Bajo,2,8.08,Sí,Sí,Pescado,No,no completo,no completo,Tarjeta,1110,Jamie Berger
9516763729,34.0,Femenino,Chicago,Medio,2,19.38,No,No,Vegetariano,No,no completo,no completo,App,2112,Stephanie Thompson
1549781341,18.0,Femenino,Chicago,Muy Alto,8,6.15,No,Sí,Vegetariano,Sí,no completo,jordanedward@example.org,Tarjeta,17070,Jenna Miles
1786734434,68.0,Femenino,Chicago,Bajo,3,9.17,No,Sí,Vegetariano,No,+1-814-905-0877x3747,seanmason@example.com,Efectivo,1350,Susan Todd
3104853839,67.0,Masculino,Chicago,Medio,4,28.24,No,Sí,Otro,Sí,(272)507-4250,westtina@example.org,Efectivo,2954,Michael Taylor
1857316576,26.0,Masculino,Chicago,Muy Alto,8,21.01,No,Sí,Otro,Sí,+1-999-830-9522,no completo,Efectivo,16280,Jesus Ruiz
5986013420,29.0,Masculino,Chicago,Alto,5,18.14,No,No,Carnes,Sí,no completo,baileymackenzie@example.com,Tarjeta,3659,Glen Robbins
8565406848,79.0,Femenino,Chicago,Medio,3,13.64,Sí,No,Carnes,No,no completo,gsantos@example.net,Tarjeta,3480,Dawn Bell
4443376154,33.0,Masculino,Chicago,Alto,6,11.82,No,No,Carnes,Sí,4476271131,no completo,Efectivo,5751,Cameron Pierce
6410634827,29.0,Femenino,Chicago,Medio,4,23.11,Sí,Sí,Pescado,No,583.748.7495x0563,no completo,Efectivo,1876,Madeline Simmons
5114483788,71.0,Masculino,Chicago,Medio,2,21.1,No,No,Vegano,No,no completo,harmonwhitney@example.org,Efectivo,3004,Scott Webster
9616880989,36.0,Femenino,Chicago,Bajo,3,9.83,Sí,Sí,Vegetariano,No,no completo,no completo,App,999,Erika Sanders
1908277410,60.0,Masculino,Chicago,Alto,6,49.3,Sí,Sí,Otro,Sí,no completo,allenmatthew@example.org,App,5384,Brandon Cervantes
5768489573,71.0,Femenino,Chicago,Medio,5,17.99,No,No,Carnes,No,no completo,no completo,Efectivo,2830,Tanya Nichols
4713467995,39.0,Masculino,Chicago,Bajo,2,5.13,No,Sí,Carnes,No,no completo,kjones@example.org,Efectivo,828,Dale Fleming
4328037907,41.0,Masculino,Chicago,Medio,4,24.13,No,Sí,Carnes,No,410-538-1954,amyschmidt@example.com,Efectivo,3318,Thomas Drake
3416830709,80.0,Masculino,Chicago,Alto,6,9.3,Sí,No,Carnes,No,no completo,ramirezdavid@example.com,Tarjeta,7161,Juan Haynes
3988775646,22.0,Masculino,Chicago,Muy Alto,8,48.18,Sí,Sí,Pescado,Sí,no completo,brownyvonne@example.org,App,11432,Michael Brown
4068402648,30.0,Masculino,Chicago,Muy Alto,10,41.97,No,Sí,Vegetariano,Sí,no completo,psmith@example.org,Efectivo,12730,Andrew Braun
9331815077,27.0,Masculino,Chicago,Muy Alto,8,20.9,No,Sí,Carnes,Sí,no completo,no completo,App,16834,Kyle Washington
8560754503,36.0,Masculino,Chicago,Medio,3,11.28,Sí,Sí,Carnes,No,001-937-685-6128x09593,no completo,Efectivo,2428,Kevin Graham
3415582507,39.0,Femenino,Chicago,Alto,4,36.33,No,Sí,Carnes,No,no completo,carteramanda@example.org,Efectivo,7744,Elizabeth Ray
6913322591,69.0,Masculino,Chicago,Alto,5,32.56,Sí,No,Otro,No,(243)269-6974,jeremy00@example.org,Tarjeta,8171,Derrick Brown
9156189060,18.0,Masculino,Chicago,Medio,4,11.59,No,Sí,Carnes,No,+1-397-916-7674,no completo,Efectivo,3054,Cody Massey
1190763336,79.0,Femenino,Chicago,Muy Alto,5,7.33,No,No,Carnes,Sí,no completo,amywilkins@example.net,App,9242,Erika Thompson
3322580659,19.0,Masculino,Chicago,Medio,3,19.16,No,Sí,Carnes,No,6322739592,nicolaschapman@example.com,Tarjeta,2425,Jerome Carter
8764282353,33.0,Femenino,Chicago,Alto,6,9.18,Sí,Sí,Mariscos,Sí,499-688-0533x6019,no completo,Tarjeta,8698,Angela Johnson
8401597987,53.0,Femenino,Chicago,Alto,6,48.97,No,Sí,Vegetariano,Sí,no completo,no completo,Tarjeta,7989,Madison White
8804053782,72.0,Masculino,Chicago,Bajo,2,9.51,Sí,No,Carnes,No,(397)762-1913x72669,tracey64@example.net,Efectivo,1096,Ricardo Collier
4989509333,59.0,Masculino,Chicago,Bajo,2,9.35,Sí,No,Vegetariano,No,no completo,no completo,Efectivo,1146,Aaron Green
2763419718,27.0,Masculino,Chicago,Alto,4,53.84,No,Sí,Mariscos,No,no completo,tasha57@example.net,Efectivo,8230,William Farmer
2705667018,42.0,Masculino,Chicago,Alto,5,44.94,No,No,Otro,Sí,no completo,robertsoncourtney@example.com,Efectivo,7217,Aaron Peterson
6165207446,79.0,Femenino,Chicago,Alto,4,28.35,Sí,No,Otro,Sí,(864)520-6037x001,carrilloricky@example.net,Efectivo,7010,Jennifer Nelson
5097705819,78.0,Masculino,Chicago,Alto,6,8.47,No,No,Vegetariano,No,254-632-5017,no completo,App,5726,Jimmy Shaw
6058963940,42.0,Masculino,Chicago,Medio,4,18.76,No,Sí,Carnes,No,(346)940-0586x992,pamelarobinson@example.com,Tarjeta,1768,Joseph Bennett
3830262384,56.0,Femenino,Chicago,Bajo,3,7.83,No,Sí,Carnes,No,no completo,no completo,Efectivo,989,Amanda Pearson
7555747409,59.0,Femenino,Chicago,Medio,3,23.45,Sí,Sí,Otro,No,413.464.3973x53209,no completo,Tarjeta,2074,Jennifer Bennett
8825222689,71.0,Masculino,Chicago,Muy Alto,8,71.86,No,Sí,Vegano,Sí,+1-695-416-4633x39385,allenmargaret@example.com,Tarjeta,15864,Ronald Kline
9273125114,66.0,Femenino,Chicago,Muy Alto,7,37.1,Sí,No,Pescado,Sí,no completo,no completo,Efectivo,14494,Jody Mcclure
5245302960,76.0,Masculino,Chicago,Muy Alto,7,20.02,Sí,No,Vegano,Sí,2708425023,david54@example.com,Efectivo,16424,Matthew Simmons
5216493005,33.0,Femenino,Chicago,Bajo,2,6.62,No,Sí,Vegetariano,No,+1-868-831-3050x1919,no completo,App,1306,Sara Blake
3853422914,79.0,Femenino,Chicago,Muy Alto,9,93.51,Sí,No,Vegetariano,Sí,no completo,sharoncook@example.com,App,10464,Christina Myers
3864307279,45.0,Masculino,Chicago,Muy Alto,8,15.54,Sí,No,Otro,Sí,no completo,no completo,Tarjeta,16249,Michael Carrillo
2249665211,18.0,Masculino,Chicago,Alto,6,54.59,Sí,Sí,Mariscos,Sí,no completo,laurenjacobs@example.net,App,7330,John Gallagher
3957398102,67.0,Femenino,Chicago,Muy Alto,5,77.63,No,Sí,Mariscos,Sí,no completo,no completo,Efectivo,12798,Kimberly Walker
1640660765,25.0,Femenino,Chicago,Alto,5,36.38,Sí,Sí,Vegano,Sí,(918)310-0740x3293,no completo,Efectivo,6770,Claire Raymond
4297584712,34.0,Masculino,Chicago,Alto,6,13.09,No,No,Vegetariano,No,no completo,no completo,Criptomoneda,7761,Austin Waters
8687594450,45.0,Femenino,Chicago,Medio,3,15.03,No,Sí,Vegano,No,(247)867-1005x1198,no completo,Tarjeta,2549,Andrea Williams
8698339953,25.0,Femenino,Chicago,Muy Alto,8,19.92,No,Sí,Otro,Sí,801-290-4612,josephryan@example.net,Efectivo,17706,Dominique Barton
5584657798,21.0,Masculino,Chicago,Medio,5,19.13,No,Sí,Mariscos,No,no completo,no completo,Efectivo,2861,Randy Mata
7412673916,70.0,Femenino,Chicago,Medio,3,18.04,Sí,No,Vegetariano,No,+1-911-267-2599,jaredmcdonald@example.com,Tarjeta,2265,Amy Lynn
2014128816,29.0,Masculino,Chicago,Medio,4,26.9,No,Sí,Otro,No,(782)827-3331x976,lammichael@example.org,Efectivo,2484,Larry Howell
9455553667,65.0,Masculino,Chicago,Medio,3,5.98,No,No,Carnes,No,no completo,jacob69@example.net,Efectivo,2922,Christopher Rivera
6773938304,22.0,Femenino,Chicago,Medio,2,17.53,Sí,Sí,Mariscos,No,no completo,no completo,Efectivo,2554,Beth Krueger
1778744573,29.0,Masculino,Chicago,Alto,4,17.01,No,Sí,Vegano,Sí,(297)720-6219x675,michael08@example.org,App,7885,Robert Lee
9815793150,25.0,Masculino,Chicago,Medio,3,20.3,Sí,Sí,Vegano,No,no completo,no completo,Efectivo,2265,Bob Martin
4794327780,66.0,Femenino,Chicago,Alto,4,35.24,Sí,Sí,Vegetariano,Sí,(844)721-6920,no completo,Efectivo,5169,Karen Williams
4982151132,54.0,Masculino,Chicago,Alto,6,56.38,No,Sí,Mariscos,Sí,no completo,gonzalezryan@example.net,Efectivo,6121,Antonio Swanson
3309042717,38.0,Masculino,Chicago,Medio,2,6.74,No,Sí,Vegano,No,no completo,no completo,Tarjeta,2443,Gregory Diaz
6731560214,34.0,Masculino,Chicago,Muy Alto,6,50.79,No,No,Otro,Sí,no completo,rosebrendan@example.org,Efectivo,9074,Samuel Wiley
1190220066,21.0,Femenino,Chicago,Bajo,1,7.18,No,No,Vegano,No,001-478-346-1588,smithcraig@example.net,Tarjeta,1530,Jenna Johnson
6340134175,26.0,Femenino,Chicago,Alto,5,17.09,Sí,Sí,Carnes,Sí,no completo,no completo,Tarjeta,3683,Karen King
6424808975,46.0,Masculino,Chicago,Muy Alto,5,57.92,No,Sí,Vegetariano,Sí,no completo,rodriguezchristopher@example.net,App,17843,Jeffrey Williams
3793024711,71.0,Masculino,Chicago,Bajo,1,6.04,No,No,Carnes,No,no completo,no completo,Tarjeta,896,David Brown
2091807434,74.0,Femenino,Chicago,Bajo,3,5.95,No,No,Pescado,No,no completo,kristie20@example.com,Tarjeta,1188,Amanda Hardy
7337225482,38.0,Masculino,Chicago,Bajo,3,6.45,Sí,Sí,Otro,No,370.407.7289x09326,no completo,Efectivo,1343,Marc Holland
3551496716,58.0,Femenino,Chicago,Alto,5,12.75,No,Sí,Carnes,Sí,no completo,villanuevaemily@example.com,App,4626,Rebecca Calhoun
3633988037,51.0,Femenino,Chicago,Bajo,3,5.35,No,Sí,Carnes,No,675-748-4791x87750,no completo,Efectivo,1170,Pamela Jimenez
4431139894,40.0,Masculino,Chicago,Muy Alto,6,91.68,Sí,Sí,Carnes,Sí,651-849-4007,williamfreeman@example.net,Efectivo,12464,Robert Mayer
3002904954,57.0,Masculino,Chicago,Alto,4,54.34,Sí,Sí,Vegetariano,Sí,+1-392-983-1021x73212,no completo,Efectivo,7744,Blake George
9270323795,79.0,Femenino,Chicago,Bajo,1,6.04,Sí,Sí,Mariscos,No,463.769.7700,no completo,Efectivo,1267,Gabrielle Davis
3465246851,77.0,Masculino,Chicago,Alto,6,5.09,Sí,Sí,Pescado,Sí,001-695-710-1891,johnsonjennifer@example.com,Efectivo,6108,Christopher Scott
4570605732,35.0,Femenino,Chicago,Alto,4,58.13,No,Sí,Vegetariano,No,001-614-707-7699x52232,jacob72@example.net,Efectivo,7377,Rebecca Herrera
8626114388,28.0,Femenino,Chicago,Medio,3,7.67,Sí,Sí,Carnes,No,no completo,no completo,Tarjeta,2627,Cheryl Petty
1085507405,34.0,Masculino,Chicago,Medio,2,25.08,Sí,Sí,Vegetariano,No,562.254.0865x454,no completo,Tarjeta,3412,James Murray
5593251639,65.0,Femenino,Chicago,Alto,5,34.06,No,Sí,Mariscos,Sí,no completo,smurphy@example.net,Efectivo,6864,Jennifer Hahn
3427258822,22.0,Masculino,Chicago,Alto,4,37.63,Sí,Sí,Carnes,No,no completo,no completo,App,6062,James Chang
9526061191,49.0,Masculino,Chicago,Alto,4,14.43,No,No,Otro,No,no completo,no completo,Efectivo,7522,Stephen Cole
7446355231,56.0,Masculino,Chicago,Alto,4,22.34,No,Sí,Otro,Sí,no completo,skelly@example.com,Efectivo,7619,Chad Walls
3759588762,67.0,Masculino,Chicago,Alto,5,54.28,Sí,No,Carnes,No,925-847-9335x61127,no completo,App,6902,Tanner Sullivan
6390474759,23.0,Masculino,Chicago,Alto,6,33.9,Sí,Sí,Vegetariano,Sí,(754)617-6435x008,jenniferhutchinson@example.org,Efectivo,6767,Joseph White
9436074012,68.0,Femenino,Chicago,Medio,5,14.67,No,Sí,Mariscos,No,791.431.2497x88895,no completo,Tarjeta,3477,Amy Salinas
8861351706,80.0,Femenino,Chicago,Bajo,3,6.39,Sí,Sí,Vegetariano,No,no completo,abigail38@example.com,Tarjeta,1287,Kelly Adams
8025126426,59.0,Femenino,Chicago,Bajo,2,9.76,No,No,Carnes,No,no completo,no completo,App,1569,Kaitlyn Woodward
9671304166,25.0,Femenino,Chicago,Muy Alto,9,71.53,Sí,Sí,Otro,Sí,001-853-709-3816,pricemarc@example.org,Efectivo,15198,Ashley Sanchez
7704591830,56.0,Femenino,Chicago,Medio,4,6.94,Sí,Sí,Otro,No,629-537-7540x77337,jfry@example.org,Efectivo,2067,Rachael Matthews
7092268944,74.0,Masculino,Chicago,Alto,6,30.75,No,Sí,Vegano,Sí,411-980-6353x8527,vickiejohnson@example.com,App,7308,Vincent Collier
1662530809,46.0,Masculino,Chicago,Alto,5,45.7,Sí,No,Carnes,Sí,no completo,no completo,Tarjeta,6641,Brandon Carson
1151805831,41.0,Femenino,Chicago,Muy Alto,6,32.17,No,No,Otro,Sí,no completo,debra85@example.net,Tarjeta,17951,Angelica Wiggins
8902207709,24.0,Femenino,Chicago,Alto,6,14.88,No,Sí,Mariscos,Sí,612-907-3064,rebecca59@example.net,Tarjeta,8271,Judy Fox
4619620406,63.0,Masculino,Chicago,Muy Alto,10,78.23,Sí,No,Vegetariano,Sí,no completo,lekaitlin@example.net,App,15158,Donald Cook
5813434185,48.0,Masculino,Chicago,Muy Alto,5,7.17,Sí,Sí,Vegetariano,Sí,no completo,henrylisa@example.net,App,12280,Darren Smith
9132262513,37.0,Masculino,Chicago,Muy Alto,8,55.51,No,No,Vegetariano,Sí,no completo,no completo,App,10646,Michael Smith
5402242178,66.0,Femenino,Chicago,Muy Alto,6,35.34,No,Sí,Vegetariano,No,no completo,bretttrujillo@example.com,App,12668,Maureen Fitzgerald
9885757271,72.0,Femenino,Chicago,Muy Alto,10,96.41,Sí,Sí,Vegano,Sí,795-583-0003x5883,matthewwalker@example.com,Efectivo,12120,Kimberly Carter
2376463094,31.0,Masculino,Chicago,Bajo,3,7.87,Sí,No,Carnes,No,no completo,watsonpatricia@example.com,Tarjeta,1254,Randy Levine
3647358248,39.0,Masculino,Chicago,Medio,3,18.67,No,No,Carnes,No,625-214-6192x45432,jenniferjackson@example.net,Tarjeta,3058,Ryan Gonzalez
1276260166,41.0,Femenino,Chicago,Bajo,3,7.96,Sí,Sí,Carnes,No,no completo,maureen55@example.com,Efectivo,1376,Denise Daniel
9717085580,35.0,Femenino,Chicago,Medio,2,18.11,Sí,Sí,Vegetariano,No,434-969-1517,gregg85@example.com,Efectivo,2599,Nicole Barker
7366337616,60.0,Masculino,Chicago,Bajo,3,8.77,Sí,Sí,Vegetariano,No,+1-474-503-3798x166,no completo,App,1254,Kevin Durham
9092533958,76.0,Femenino,Chicago,Alto,4,15.69,No,Sí,Carnes,Sí,no completo,barbara31@example.com,App,8678,Vanessa Tran
4719242291,23.0,Femenino,Chicago,Alto,6,38.14,No,Sí,Mariscos,Sí,201.670.3417x7975,carpenterlinda@example.net,App,8501,Christine Reed
9505656654,48.0,Masculino,Chicago,Muy Alto,5,51.05,No,No,Mariscos,Sí,001-989-652-1294x2399,gregory93@example.net,Tarjeta,17836,Edward Monroe
7965886270,79.0,Masculino,Chicago,Muy Alto,7,70.9,Sí,No,Pescado,No,no completo,no completo,Efectivo,14922,Jose Anderson
5519711134,54.0,Masculino,Chicago,Medio,3,14.75,No,No,Vegano,No,001-377-846-9833x18343,annette22@example.net,Tarjeta,2496,Jared Scott
8999384161,41.0,Femenino,Chicago,Alto,5,55.29,Sí,Sí,Carnes,No,(482)580-0314,no completo,Tarjeta,4714,Marisa Romero
2969952716,18.0,Femenino,Chicago,Medio,4,29.9,Sí,Sí,Carnes,Sí,no completo,no completo,Efectivo,2193,Angela Hall
7410048427,67.0,Masculino,Chicago,Muy Alto,9,38.38,No,Sí,Otro,Sí,(525)653-3477x575,no completo,Tarjeta,14497,Kevin Graham
7290602977,69.0,Masculino,Chicago,Bajo,3,9.45,Sí,No,Mariscos,No,no completo,no completo,App,1219,Mathew Richardson
2109020054,54.0,Femenino,Chicago,Medio,3,17.24,No,Sí,Carnes,No,no completo,no completo,Efectivo,3042,Caitlin Ortiz
8547068234,46.0,Femenino,Chicago,Medio,3,7.1,Sí,No,Carnes,No,334-403-3253x37870,kelsey89@example.com,Efectivo,1783,Danielle Brown
9022967507,23.0,Masculino,Chicago,Medio,5,12.96,No,Sí,Vegano,No,no completo,ejohnson@example.com,Efectivo,1827,Brett Spencer
3762609435,32.0,Masculino,Chicago,Alto,6,5.08,No,No,Carnes,Sí,(793)936-3382,hawkinsmary@example.com,Efectivo,8567,Joseph Campbell
5031793156,31.0,Masculino,Chicago,Muy Alto,7,88.64,No,Sí,Vegetariano,Sí,no completo,no completo,Tarjeta,16840,Joseph Johnson
9822771825,40.0,Femenino,Chicago,Medio,5,16.97,No,No,Vegetariano,No,no completo,no completo,App,2833,Rebecca Wallace
1261413688,38.0,Femenino,Chicago,Muy Alto,6,100.26,Sí,No,Vegetariano,Sí,889.550.6527,rtaylor@example.net,Efectivo,10719,Susan Aguirre
9422110981,40.0,Femenino,Chicago,Muy Alto,5,73.8,No,Sí,Carnes,Sí,496-796-2671,no completo,App,13027,Elizabeth Webster
1192253086,66.0,Femenino,Chicago,Medio,5,17.44,No,Sí,Carnes,No,001-429-586-2039x9667,slara@example.com,App,2345,Gina Ramirez
8102515984,60.0,Femenino,Chicago,Medio,3,18.14,No,Sí,Carnes,Sí,no completo,no completo,Tarjeta,1806,Andrea Sosa
1360187252,48.0,Femenino,Chicago,Bajo,2,7.38,No,Sí,Mariscos,No,no completo,danny46@example.org,Efectivo,1009,Tracy Riley
4272650222,73.0,Masculino,Chicago,Medio,4,8.08,Sí,No,Vegetariano,Sí,no completo,tguzman@example.org,Tarjeta,2663,Joshua Reynolds
7166868574,61.0,Masculino,Chicago,Bajo,3,7.05,No,Sí,Carnes,No,869-945-5254x9283,john57@example.net,Efectivo,1491,David Ramirez
5917622576,53.0,Femenino,Chicago,Medio,5,26.25,No,Sí,Vegetariano,Sí,no completo,no completo,Efectivo,3092,Patricia Park
2412483267,54.0,Femenino,Chicago,Muy Alto,3,12.91,Sí,Sí,Mariscos,Sí,(514)284-0792,no completo,App,12542,Michelle Watson
6782719632,36.0,Femenino,Chicago,Alto,4,26.27,No,No,Carnes,Sí,no completo,no completo,App,5648,Kathryn Lam
3341235566,31.0,Femenino,Chicago,Alto,6,21.33,Sí,Sí,Otro,Sí,001-204-983-5110x041,no completo,Tarjeta,6218,Monica Scott
1178466107,23.0,Masculino,Chicago,Medio,5,14.58,No,Sí,Vegano,No,no completo,no completo,Tarjeta,2653,Troy Mitchell
1610899978,28.0,Masculino,Chicago,Alto,4,35.02,No,No,Carnes,Sí,no completo,floresaaron@example.net,Efectivo,4747,Jeremy Gilbert
7815604345,67.0,Femenino,Chicago,Medio,5,21.37,No,No,Carnes,No,no completo,no completo,Tarjeta,2311,Erin Gray
1521521078,30.0,Femenino,Chicago,Medio,4,7.67,No,Sí,Carnes,Sí,no completo,no completo,Efectivo,1723,Anna Williams
6080288631,46.0,Femenino,Chicago,Bajo,2,7.12,Sí,No,Carnes,No,no completo,steveroman@example.com,Tarjeta,1189,Heather Simmons
8710173569,30.0,Femenino,Chicago,Medio,3,16.32,Sí,Sí,Carnes,No,333-536-3695,no completo,App,2865,Elizabeth Young
8847888035,53.0,Femenino,Chicago,Alto,5,59.84,Sí,No,Carnes,No,(952)923-0814x899,no completo,Tarjeta,8749,Leslie Martinez
5286400604,69.0,Masculino,Chicago,Medio,2,9.27,Sí,Sí,Vegano,Sí,629.798.1486,montoyastephen@example.com,Tarjeta,2677,Christopher Perez
8189916797,48.0,Femenino,Chicago,Bajo,3,5.2,No,No,Mariscos,No,001-730-274-9671x4774,randerson@example.com,Efectivo,1561,Stefanie Thomas
3811717813,57.0,Masculino,Chicago,Muy Alto,5,87.29,Sí,Sí,Vegano,Sí,+1-792-651-4611x990,no completo,Efectivo,11142,Ethan Bradley
2057617830,46.0,Femenino,Chicago,Muy Alto,8,49.78,No,No,Mariscos,Sí,no completo,no completo,Efectivo,11046,Elizabeth Mathews
8253451457,70.0,Femenino,Chicago,Bajo,1,8.8,Sí,No,Carnes,Sí,no completo,no completo,Tarjeta,1455,Lisa Le
7184823268,53.0,Femenino,Chicago,Alto,5,14.78,No,No,Mariscos,No,no completo,derrick82@example.net,Efectivo,4046,Candice Newman
6605256729,65.0,Masculino,Chicago,Medio,3,21.43,No,Sí,Carnes,No,001-981-439-3010,michelejohnson@example.com,Efectivo,1742,Jeffrey Steele
2227662866,40.0,Femenino,Chicago,Medio,4,25.61,No,No,Vegano,No,796-471-6668x476,charlesmosley@example.net,Efectivo,1682,Heidi Griffin
3742489414,39.0,Masculino,Chicago,Medio,2,23.93,No,Sí,Mariscos,No,no completo,no completo,Efectivo,2681,Jeffrey Weber
1597882268,43.0,Masculino,Chicago,Muy Alto,8,91.97,Sí,Sí,Vegetariano,Sí,no completo,no completo,Tarjeta,12694,Andrew Thompson
5787791586,66.0,Masculino,Chicago,Muy Alto,5,18.8,Sí,Sí,Mariscos,Sí,no completo,samantha23@example.org,App,16807,John Jones
5887450229,71.0,Masculino,Chicago,Bajo,1,6.8,Sí,Sí,Pescado,No,408.628.1646x665,no completo,App,905,Michael Martin
4303253485,41.0,Masculino,Chicago,Medio,4,26.5,No,Sí,Otro,No,no completo,lindseywalker@example.com,Efectivo,3119,Dylan Hodges
3096836292,29.0,Femenino,Chicago,Medio,4,13.61,Sí,Sí,Carnes,No,716-447-3715x734,no completo,Efectivo,2405,Kathryn Holmes
8430369688,49.0,Masculino,Chicago,Medio,2,21.22,Sí,No,Mariscos,No,no completo,mbennett@example.com,Efectivo,2606,Jonathon Ross
2271255209,77.0,Masculino,Chicago,Muy Alto,10,74.55,Sí,No,Vegetariano,Sí,738-289-0627x0575,johnny17@example.org,Efectivo,16892,Tristan Randall
1644608746,57.0,Masculino,Chicago,Muy Alto,6,37.49,Sí,No,Mariscos,Sí,237-604-2115x832,no completo,App,15415,Jared Hernandez
2307442635,74.0,Masculino,Chicago,Muy Alto,7,85.77,Sí,Sí,Pescado,Sí,001-663-905-8531x15637,no completo,Efectivo,10795,John Sanchez
5792345210,60.0,Masculino,Chicago,Bajo,2,8.64,No,Sí,Pescado,No,001-753-230-4428x88591,no completo,Efectivo,1280,Justin Lyons
8458717057,71.0,Femenino,Chicago,Muy Alto,6,84.11,Sí,No,Vegano,Sí,no completo,no completo,Tarjeta,13471,Barbara Williams
8296810996,60.0,Femenino,Chicago,Alto,5,43.02,No,Sí,Vegano,No,001-922-882-8603x41218,no completo,Tarjeta,5936,Brandi Salazar
3862189654,29.0,Masculino,Chicago,Medio,4,20.4,Sí,Sí,Carnes,No,no completo,no completo,Efectivo,3364,Dylan Guerrero
2145119397,78.0,Masculino,Chicago,Bajo,1,9.08,Sí,No,Vegetariano,No,no completo,shaun43@example.net,Efectivo,1233,James Gomez
1940956660,46.0,Masculino,Chicago,Medio,5,21.16,No,Sí,Mariscos,Sí,637.616.8908,shelleymorales@example.net,Tarjeta,1764,Dustin Matthews
8820087287,55.0,Masculino,Chicago,Medio,4,6.84,Sí,Sí,Vegetariano,Sí,+1-919-278-7849x4587,mary77@example.net,App,1963,Charles Alvarado
9259907294,47.0,Femenino,Chicago,Muy Alto,6,70.48,Sí,Sí,Otro,Sí,001-757-478-8025x535,no completo,Efectivo,14460,Jacqueline Mcfarland
8184053697,58.0,Masculino,Chicago,Alto,4,20.91,Sí,Sí,Carnes,Sí,no completo,no completo,Tarjeta,5450,Jason Ryan
4006240351,55.0,Masculino,Chicago,Medio,2,10.61,Sí,No,Carnes,Sí,no completo,no completo,App,3254,Darryl Glenn
8388580360,69.0,Masculino,Chicago,Alto,6,39.76,No,Sí,Vegetariano,No,no completo,katherinedavidson@example.net,App,3879,Frank Weber
5094088928,26.0,Femenino,Chicago,Alto,6,48.68,Sí,Sí,Pescado,Sí,no completo,pottertracie@example.org,Tarjeta,7238,Caitlin Carey
2677082743,76.0,Masculino,Chicago,Medio,3,22.35,Sí,Sí,Vegano,No,(899)432-2341x754,no completo,App,3089,Martin Hall
3774110439,38.0,Masculino,Chicago,Medio,3,16.76,No,No,Carnes,No,7512304332,gabrielle08@example.com,Tarjeta,2078,Kevin Thompson
6074996463,35.0,Femenino,Chicago,Bajo,3,8.84,Sí,Sí,Carnes,No,(771)461-0889,cooperzachary@example.com,Efectivo,1425,Jennifer Wallace
3316326341,47.0,Femenino,Chicago,Medio,2,25.2,No,No,Carnes,No,001-210-273-5932x9078,no completo,Tarjeta,2641,Veronica Harrington
6230593697,20.0,Femenino,Chicago,Muy Alto,7,72.05,No,Sí,Otro,Sí,416.518.5160x670,no completo,Tarjeta,13550,Tammy Cox
4622545857,65.0,Femenino,Chicago,Muy Alto,5,12.71,No,Sí,Carnes,Sí,no completo,no completo,App,9081,Stacy Novak
7819176070,19.0,Masculino,Chicago,Muy Alto,9,46.07,No,Sí,Mariscos,Sí,001-346-881-4663,kellyanita@example.org,Efectivo,10296,Dustin Anderson
2326914126,53.0,Masculino,Chicago,Muy Alto,9,86.69,Sí,No,Vegetariano,Sí,316-881-6882,no completo,App,17526,Craig Jones
1842572532,23.0,Masculino,Chicago,Alto,6,15.44,No,Sí,Otro,Sí,no completo,no completo,Efectivo,3822,Bryan Taylor
2121139613,65.0,Femenino,Chicago,Alto,6,35.96,Sí,No,Mariscos,Sí,no completo,no completo,Tarjeta,4549,Lisa Nolan
5149075560,76.0,Masculino,Chicago,Medio,5,17.69,No,No,Mariscos,No,no completo,no completo,Tarjeta,2568,Timothy Byrd
2436605335,42.0,Femenino,Chicago,Alto,5,7.51,No,No,Carnes,No,no completo,no completo,Tarjeta,6054,Jodi George
1867741277,54.0,Femenino,Chicago,Medio,3,7.24,No,No,Carnes,No,001-499-592-4387x1280,no completo,Efectivo,1982,Martha Gonzales
4419729234,20.0,Masculino,Chicago,Bajo,2,6.07,No,Sí,Mariscos,No,no completo,cjames@example.net,Tarjeta,1249,Raymond Brown
6580445587,46.0,Femenino,Chicago,Muy Alto,7,74.58,Sí,No,Pescado,Sí,no completo,dan64@example.org,Tarjeta,12732,Mallory Bell
1742678111,48.0,Femenino,Chicago,Alto,6,38.21,Sí,No,Otro,No,no completo,kennedywilliam@example.org,App,5481,Cynthia Jones
8181574001,39.0,Masculino,Chicago,Medio,3,7.34,Sí,No,Vegetariano,No,853-868-7541,xtran@example.org,Tarjeta,2225,Robert Griffith
7473270708,37.0,Femenino,Chicago,Muy Alto,9,40.21,Sí,Sí,Carnes,Sí,no completo,carlsoncody@example.net,Tarjeta,13953,Shannon White
3014723958,56.0,Femenino,Chicago,Bajo,3,6.8,No,Sí,Carnes,No,+1-613-415-2112x5720,christina26@example.com,Efectivo,1267,Stephanie Hernandez
4945172663,63.0,Masculino,Chicago,Medio,2,11.82,No,No,Pescado,No,no completo,ssmith@example.com,Efectivo,3198,Thomas Rice
9057984307,44.0,Femenino,Chicago,Alto,6,20.39,No,Sí,Carnes,Sí,no completo,rstevenson@example.net,Efectivo,4111,Catherine Freeman
1566056427,53.0,Masculino,Chicago,Bajo,2,9.13,Sí,Sí,Otro,No,(721)802-1786x2551,no completo,App,1548,Christopher Bowman
5681431406,35.0,Femenino,Chicago,Alto,4,45.3,Sí,Sí,Carnes,No,827-914-2648,bfisher@example.net,Efectivo,4310,Sandra Wilson
1816045580,55.0,Masculino,Chicago,Muy Alto,10,61.02,Sí,No,Pescado,Sí,no completo,no completo,Tarjeta,11956,Cameron Clark
1793092370,42.0,Masculino,Chicago,Medio,2,20.01,Sí,No,Otro,No,(740)397-0877,casey95@example.net,App,1933,Daniel Gordon
6684237496,20.0,Masculino,Chicago,Bajo,3,9.42,No,No,Mariscos,No,+1-394-378-8121x1444,parsonsjoshua@example.org,Tarjeta,1216,David Rangel
3030638564,62.0,Masculino,Chicago,Muy Alto,9,35.39,No,Sí,Vegano,Sí,no completo,aprilmaldonado@example.org,Tarjeta,17462,Richard Miller
4492228998,37.0,Masculino,Chicago,Medio,2,19.45,No,No,Mariscos,No,(338)473-9654x3389,stephanie79@example.org,Tarjeta,1785,Justin Cox
7750449098,65.0,Masculino,Chicago,Medio,5,19.83,Sí,Sí,Vegetariano,No,(832)909-5805,brownsamantha@example.net,Tarjeta,1689,Travis Frank
7345130956,72.0,Masculino,Chicago,Medio,2,17.2,No,No,Carnes,No,no completo,no completo,App,2784,Matthew Peck
9312125622,29.0,Masculino,Chicago,Bajo,2,6.32,Sí,Sí,Vegetariano,No,243-789-8525x6396,joshua45@example.net,Efectivo,1382,Matthew Moore
2188332531,44.0,Femenino,Chicago,Medio,3,24.59,Sí,Sí,Carnes,No,(792)680-7423x97033,no completo,Tarjeta,3081,Stephanie King
7815551519,26.0,Masculino,Chicago,Medio,2,29.98,Sí,Sí,Carnes,No,no completo,no completo,Tarjeta,3158,Steven Taylor
4875855229,57.0,Masculino,Chicago,Muy Alto,6,16.6,Sí,Sí,Pescado,Sí,no completo,no completo,Tarjeta,16275,Dakota Johnson
6877893955,29.0,Femenino,Chicago,Bajo,2,9.25,Sí,Sí,Carnes,No,877.868.3507x754,no completo,Criptomoneda,891,Jacqueline Stevens
9102990960,60.0,Masculino,Chicago,Alto,6,34.9,No,No,Vegano,Sí,001-267-206-5264x39143,no completo,App,5135,David Dunlap
8684460654,80.0,Femenino,Chicago,Medio,2,25.52,No,No,Vegetariano,No,(624)649-8495x659,no completo,App,2859,Michelle Anthony
1741498005,43.0,Masculino,Chicago,Alto,6,50.74,Sí,Sí,Carnes,No,(573)600-4668x30972,no completo,Efectivo,7906,Scott Holmes
4268713302,22.0,Masculino,Chicago,Muy Alto,8,46.81,No,Sí,Carnes,Sí,no completo,nicole18@example.org,Tarjeta,10211,John Reyes
2936702153,55.0,Masculino,Chicago,Bajo,1,9.1,No,Sí,Vegano,No,no completo,no completo,Tarjeta,1258,Joshua Riley
1170004678,71.0,Femenino,Chicago,Muy Alto,8,96.67,No,Sí,Carnes,Sí,no completo,no completo,Efectivo,16850,Donna Stark
6575353619,55.0,Femenino,Chicago,Muy Alto,8,33.64,Sí,Sí,Vegetariano,Sí,+1-252-810-6318x61533,christinakeller@example.com,Tarjeta,16965,Melissa Cooley
5384395326,65.0,Femenino,Chicago,Bajo,3,5.77,Sí,No,Otro,No,no completo,no completo,Tarjeta,1361,Amanda Kelly
3467689742,35.0,Femenino,Chicago,Bajo,2,9.48,Sí,Sí,Carnes,No,no completo,no completo,Tarjeta,1351,Alexandra Lester
3562814290,27.0,Masculino,Chicago,Alto,3,28.84,No,Sí,Vegano,No,304-537-9950,patrick22@example.net,Tarjeta,8660,Dillon Wright
9113438941,69.0,Femenino,Chicago,Alto,3,34.89,Sí,No,Vegetariano,Sí,no completo,no completo,Tarjeta,7497,Megan Hunter
7929934027,45.0,Femenino,Chicago,Muy Alto,5,94.05,No,No,Carnes,Sí,795-583-0003x5883,brandonhoward@example.com,Efectivo,11752,Kimberly Carter
3681421120,31.0,Masculino,Chicago,Bajo,2,9.26,No,Sí,Vegano,No,(528)606-1683x141,sknapp@example.org,Efectivo,1135,David Randolph
7791186780,30.0,Masculino,Chicago,Medio,5,15.76,Sí,Sí,Pescado,No,no completo,smithashley@example.com,Tarjeta,2899,Kyle Peterson
3365062104,31.0,Masculino,Chicago,Medio,4,28.81,Sí,No,Mariscos,No,no completo,whester@example.org,Tarjeta,2737,Jeremy Taylor
7408205117,33.0,Femenino,Chicago,Alto,6,57.23,No,Sí,Otro,No,(846)706-4441x9248,courtneypowers@example.net,Efectivo,4620,Mackenzie Garcia
4104553529,71.0,Femenino,Chicago,Bajo,3,7.39,Sí,Sí,Otro,No,no completo,bsweeney@example.com,Efectivo,1148,Jade Mcclure
3060076582,70.0,Femenino,Chicago,Alto,5,38.05,No,Sí,Vegano,No,no completo,no completo,App,4812,Julie Anderson
8188838518,58.0,Masculino,Chicago,Medio,4,22.45,Sí,Sí,Vegetariano,No,no completo,no completo,Criptomoneda,2827,Douglas Ho
4035639663,55.0,Femenino,Chicago,Medio,5,11.89,Sí,No,Carnes,No,no completo,ucase@example.org,Efectivo,3462,Jillian English
3297221425,51.0,Femenino,Chicago,Medio,3,14.99,Sí,Sí,Pescado,No,no completo,danielburton@example.net,Efectivo,2973,Wanda Sanchez
7315974248,68.0,Masculino,Chicago,Alto,4,18.18,Sí,No,Carnes,Sí,+1-698-623-6069x36383,robertcollins@example.net,Tarjeta,4715,Matthew Young
9805451776,18.0,Femenino,Chicago,Muy Alto,10,79.72,Sí,Sí,Mariscos,Sí,no completo,no completo,Tarjeta,17750,Tracy Matthews
9245756514,68.0,Masculino,Chicago,Bajo,3,6.86,Sí,Sí,Vegetariano,No,no completo,rebecca63@example.net,App,985,Ronald Gilbert
9215678197,70.0,Femenino,Chicago,Medio,3,10.64,Sí,Sí,Vegano,No,+1-987-658-5380x0421,oleblanc@example.com,App,1939,Lisa Mcpherson
8658596381,49.0,Femenino,Chicago,Alto,3,11.28,Sí,Sí,Pescado,No,+1-280-894-2927,lauren57@example.net,App,4310,Samantha Anderson
8352913188,51.0,Masculino,Chicago,Medio,3,29.45,No,Sí,Pescado,No,no completo,no completo,App,3412,Christopher Castillo
3769413993,58.0,Femenino,Chicago,Alto,6,13.58,Sí,Sí,Otro,Sí,no completo,kristen50@example.org,Tarjeta,7883,Paige Martin
2144197944,72.0,Femenino,Chicago,Muy Alto,9,25.65,No,No,Mariscos,Sí,001-769-893-3037x445,ichen@example.org,Efectivo,9441,Heidi King
1108592659,51.0,Femenino,Chicago,Bajo,3,7.28,Sí,No,Vegano,No,+1-428-928-0550x037,no completo,Efectivo,938,Julia Hill
7038056729,42.0,Masculino,Chicago,Alto,6,10.12,No,Sí,Carnes,Sí,no completo,no completo,Tarjeta,8276,Dennis Padilla
2313906126,45.0,Masculino,Chicago,Muy Alto,7,40.71,No,No,Vegetariano,Sí,no completo,no completo,App,9700,James Page
4765583254,36.0,Masculino,Chicago,Muy Alto,7,74.46,Sí,No,Carnes,Sí,2078567866,no completo,App,16664,Aaron Long
9560990739,61.0,Masculino,Chicago,Alto,5,20.9,Sí,Sí,Pescado,Sí,(392)864-0704,no completo,Efectivo,6603,Donald Alvarez
7259805159,78.0,Femenino,Chicago,Medio,3,18.41,No,No,Vegetariano,No,no completo,no completo,Tarjeta,3407,Shannon Sullivan
5064162365,27.0,Masculino,Chicago,Alto,6,8.59,Sí,No,Pescado,Sí,no completo,scottmelissa@example.com,App,7460,Michael Bowman
6932017991,69.0,Femenino,Chicago,Medio,3,5.25,No,Sí,Vegetariano,No,no completo,ubarrett@example.org,Efectivo,1648,Wendy David
8183216649,48.0,Femenino,Chicago,Medio,3,5.55,Sí,No,Mariscos,No,+1-809-288-3686,no completo,Efectivo,2935,Mary Simon
9989406946,28.0,Femenino,Chicago,Bajo,2,9.65,No,Sí,Otro,No,no completo,no completo,App,826,Yvonne Duran
7016293621,30.0,Femenino,Chicago,Bajo,2,8.52,No,Sí,Otro,No,no completo,clarkdiane@example.com,Tarjeta,1526,Kimberly Cochran
3301389619,66.0,Masculino,Chicago,Muy Alto,8,30.68,Sí,Sí,Vegetariano,Sí,no completo,joshua90@example.org,Efectivo,16202,Kevin Yang
6985569796,73.0,Masculino,Chicago,Bajo,1,9.48,No,Sí,Mariscos,No,544.691.6031x30093,no completo,Tarjeta,1535,Nicholas Larson
9144903196,71.0,Masculino,Chicago,Bajo,3,8.94,No,No,Pescado,No,no completo,no completo,App,1474,Johnny Mcdonald
6551405716,23.0,Masculino,Chicago,Medio,3,17.66,No,No,Carnes,No,(754)733-3130x6103,no completo,Efectivo,2910,Eric Foster
3611336587,57.0,Masculino,Chicago,Muy Alto,9,34.99,No,Sí,Otro,No,8926691825,gina66@example.org,Tarjeta,14878,Roger Rogers
1246716110,28.0,Femenino,Chicago,Medio,3,24.79,No,Sí,Carnes,No,617-425-8842x474,flemingwilliam@example.com,Efectivo,2500,Christine Meyer
2813424011,42.0,Masculino,Chicago,Medio,5,26.98,No,Sí,Otro,No,632.759.2540,michaelgutierrez@example.org,App,3320,John Merritt
6739009474,20.0,Femenino,Chicago,Bajo,3,6.2,Sí,Sí,Carnes,No,001-208-602-3303x190,no completo,App,1413,Valerie Henderson
8381403065,28.0,Femenino,Chicago,Alto,5,16.04,Sí,Sí,Mariscos,No,001-665-219-8866x6895,jennifer26@example.net,Tarjeta,7624,Alexis Joyce
4363847086,64.0,Femenino,Chicago,Bajo,2,8.9,No,No,Mariscos,No,+1-961-797-4659x82544,vcasey@example.org,Tarjeta,830,Virginia Barber
1465578258,34.0,Masculino,Chicago,Alto,6,41.79,No,Sí,Vegetariano,Sí,no completo,no completo,Efectivo,7906,Jason Holt
6284745480,74.0,Femenino,Chicago,Muy Alto,10,9.7,No,No,Pescado,Sí,no completo,fholmes@example.com,Tarjeta,9914,Cathy Schmidt
8480475386,53.0,Femenino,Chicago,Bajo,2,6.04,Sí,Sí,Vegetariano,No,no completo,greerjeffrey@example.net,Efectivo,1026,Marisa Mcguire
1013417859,34.0,Masculino,Chicago,Alto,5,43.59,No,No,Mariscos,Sí,no completo,mckinneyjulie@example.net,App,3872,Paul Perry
5749515773,69.0,Femenino,Chicago,Medio,3,28.52,Sí,Sí,Vegano,No,no completo,stevencolon@example.org,Efectivo,1922,Karen Griffith
1156391160,49.0,Masculino,Chicago,Medio,3,26.7,Sí,No,Vegetariano,No,no completo,thomas27@example.org,Tarjeta,2397,James Leblanc
6251628992,32.0,Femenino,Chicago,Bajo,3,6.71,Sí,Sí,Pescado,Sí,no completo,sharrell@example.net,Efectivo,1076,Miranda Hayes
9094089209,30.0,Femenino,Chicago,Bajo,2,5.65,Sí,Sí,Pescado,No,no completo,sandersjudith@example.org,Tarjeta,1223,Sarah Rivera
8500485631,18.0,Femenino,Chicago,Alto,6,40.21,No,Sí,Vegetariano,Sí,no completo,no completo,Efectivo,4221,Whitney Potter
6854191999,70.0,Femenino,Chicago,Medio,3,6.46,No,Sí,Vegetariano,No,no completo,no completo,Tarjeta,2185,Michelle Brown
6369130994,41.0,Masculino,Chicago,Alto,5,51.18,No,Sí,Mariscos,Sí,no completo,shane18@example.com,Efectivo,8949,Jason Castro
1969934690,58.0,Masculino,Chicago,Bajo,2,6.77,Sí,No,Mariscos,No,941.889.2602,no completo,App,1568,Mark Powell
2610694200,59.0,Masculino,Chicago,Alto,3,36.98,No,Sí,Carnes,Sí,811-267-8378x975,no completo,Tarjeta,5627,Ronald Townsend
2011318028,50.0,Femenino,Chicago,Bajo,2,5.25,No,Sí,Carnes,No,no completo,janetgood@example.net,App,863,Kimberly Ford
2124420145,42.0,Femenino,Chicago,Alto,5,53.84,No,No,Vegetariano,Sí,no completo,danielleschneider@example.com,Efectivo,4168,Rachel Hall
2287243206,78.0,Masculino,Chicago,Medio,3,16.46,Sí,Sí,Carnes,No,001-327-952-0300x8723,bgreen@example.com,App,2178,Kyle Bush
9128707462,28.0,Masculino,Chicago,Alto,6,30.92,Sí,Sí,Carnes,Sí,no completo,pamela88@example.net,App,4873,Michael Lewis
3618855603,45.0,Masculino,Chicago,Medio,4,20.23,Sí,Sí,Vegano,No,+1-697-443-7580x24628,robert17@example.org,Efectivo,3129,Fernando Smith
1536963767,72.0,Femenino,Chicago,Muy Alto,7,48.0,No,Sí,Vegetariano,Sí,+1-848-832-4132,ebuchanan@example.com,Tarjeta,11446,Renee Logan
7366961179,47.0,Femenino,Chicago,Alto,4,51.6,Sí,Sí,Vegetariano,Sí,4326206855,no completo,App,7860,Colleen Maddox
1470694264,45.0,Femenino,Chicago,Muy Alto,5,80.33,Sí,Sí,Vegano,Sí,001-793-558-6708x2348,no completo,Tarjeta,16578,Brittany Anderson
6746860557,53.0,Femenino,Chicago,Muy Alto,9,40.55,No,No,Carnes,Sí,no completo,no completo,Efectivo,11849,Susan Roth
8892108904,25.0,Femenino,Chicago,Bajo,1,7.69,Sí,Sí,Carnes,No,no completo,leslie07@example.net,Tarjeta,995,Mariah Price
2072981699,41.0,Masculino,Chicago,Bajo,2,6.53,No,Sí,Mariscos,No,no completo,no completo,Efectivo,952,Paul Price
9938055806,79.0,Masculino,Chicago,Muy Alto,7,18.76,Sí,No,Otro,Sí,5194933742,no completo,Tarjeta,15707,Michael Murphy
5520985207,44.0,Masculino,Chicago,Muy Alto,5,19.19,Sí,Sí,Carnes,Sí,no completo,no completo,Tarjeta,14981,Michael Evans
3266941706,38.0,Femenino,Chicago,Alto,4,44.76,Sí,No,Otro,Sí,no completo,lisa28@example.org,App,5699,Brandi Riley
3517195150,59.0,Masculino,Chicago,Bajo,2,8.18,Sí,Sí,Pescado,No,411-497-5408,no completo,App,999,Kyle Combs
9913444771,62.0,Masculino,Chicago,Medio,5,10.64,Sí,Sí,Carnes,No,no completo,no completo,Efectivo,2730,Marcus Carr
1118433510,37.0,Femenino,Chicago,Medio,2,20.37,Sí,Sí,Carnes,No,no completo,nhenson@example.org,App,1610,Katie Wilson
1985197631,54.0,Femenino,Chicago,Bajo,2,5.87,No,No,Carnes,No,210-596-9214x22221,no completo,Tarjeta,1219,Amy Kirby
2117979954,60.0,Masculino,Chicago,Bajo,2,6.61,Sí,Sí,Vegetariano,No,610-991-5710x16011,heidi90@example.org,Tarjeta,888,Bryan Brown
1817906089,73.0,Masculino,Chicago,Medio,2,14.72,No,Sí,Vegano,No,no completo,no completo,App,3461,David Lawrence
7189929378,24.0,Femenino,Chicago,Bajo,3,9.78,Sí,Sí,Carnes,No,no completo,no completo,Tarjeta,997,Colleen Taylor
6368239069,48.0,Femenino,Chicago,Alto,6,9.44,Sí,Sí,Carnes,Sí,no completo,chogan@example.net,Efectivo,6539,Mary Jensen
8763735407,80.0,Femenino,Chicago,Medio,2,27.39,No,No,Carnes,No,001-938-963-4290x010,mccallthomas@example.net,Efectivo,1997,Danielle Bryant
6191270918,52.0,Femenino,Chicago,Alto,6,33.44,No,Sí,Carnes,Sí,no completo,no completo,App,3531,Melissa Pearson
9534149013,20.0,Femenino,Chicago,Muy Alto,9,93.81,Sí,Sí,Vegano,Sí,496-796-2671,no completo,Efectivo,10238,Elizabeth Webster
3351236804,43.0,Femenino,Chicago,Medio,5,10.06,No,Sí,Carnes,No,+1-758-350-6485,joshua38@example.org,Tarjeta,2831,Tiffany Santos
7845366946,33.0,Femenino,Chicago,Bajo,2,6.54,No,Sí,Carnes,No,(955)925-5063x9903,no completo,Efectivo,1382,Brooke Sheppard
8292912555,28.0,Femenino,Chicago,Muy Alto,6,15.82,Sí,Sí,Otro,Sí,7264392133,no completo,App,14273,Amanda Summers
8870317583,23.0,Femenino,Chicago,Medio,4,8.61,Sí,Sí,Pescado,No,no completo,no completo,Efectivo,1701,Ashley Bell
5976642492,47.0,Femenino,Chicago,Medio,2,18.91,No,Sí,Vegano,No,no completo,lrose@example.com,Tarjeta,2930,Elizabeth Dunn
1368287033,18.0,Masculino,Chicago,Alto,3,58.31,No,Sí,Pescado,No,no completo,no completo,Efectivo,8374,Michael Schroeder
7850841338,48.0,Femenino,Chicago,Bajo,2,7.91,Sí,No,Vegetariano,No,no completo,garzacindy@example.org,Tarjeta,803,Anita Lopez
7173665159,49.0,Femenino,Chicago,Alto,6,40.46,Sí,No,Carnes,Sí,no completo,ophillips@example.com,Tarjeta,4237,Cindy Brown
3156968684,19.0,Femenino,Chicago,Medio,5,26.19,Sí,Sí,Pescado,No,no completo,harrisroberto@example.com,App,3278,Melissa Flowers
3457732693,74.0,Masculino,Chicago,Medio,3,8.29,Sí,Sí,Carnes,No,no completo,gcobb@example.org,Tarjeta,2867,James Stephens
2221876389,45.0,Femenino,Chicago,Medio,4,5.51,No,No,Otro,No,no completo,helenvelasquez@example.org,App,2538,Sara Sandoval
6019825060,40.0,Masculino,Chicago,Medio,3,11.2,No,Sí,Vegano,No,(490)859-8530x3285,no completo,Tarjeta,2019,Ryan Howell
8742542384,46.0,Femenino,Chicago,Bajo,2,9.5,No,No,Pescado,No,no completo,brittany57@example.net,Tarjeta,1519,Suzanne Jacobs
9441699194,33.0,Femenino,Chicago,Alto,6,15.87,Sí,Sí,Carnes,No,264.282.7499x127,no completo,App,7075,Shelia Jackson
3878719791,30.0,Femenino,Chicago,Bajo,3,9.61,Sí,Sí,Carnes,No,no completo,no completo,Efectivo,1134,Anne Martinez
1955630767,72.0,Femenino,Chicago,Medio,3,14.53,No,No,Mariscos,No,595-920-6397,joshua49@example.net,Efectivo,3022,Kaylee Avila
4712367625,60.0,Masculino,Chicago,Alto,6,24.16,No,No,Mariscos,No,+1-353-508-3301,no completo,Efectivo,5159,Don Dixon
2281380475,70.0,Femenino,Chicago,Medio,2,21.1,Sí,No,Carnes,No,981-602-7474,no completo,Efectivo,3085,Jasmine Smith
2421289722,49.0,Masculino,Chicago,Muy Alto,7,51.76,No,Sí,Carnes,Sí,no completo,no completo,Tarjeta,15062,Johnny Rodgers
1278979168,27.0,Masculino,Chicago,Alto,5,56.2,Sí,Sí,Carnes,Sí,001-451-575-5569x059,brandyclark@example.net,Efectivo,7109,John Pugh
4172961663,27.0,Masculino,Chicago,Bajo,3,7.62,Sí,Sí,Vegetariano,No,no completo,qwalters@example.com,Tarjeta,1333,Adam Molina
8492914483,61.0,Femenino,Chicago,Bajo,3,7.21,Sí,No,Carnes,No,no completo,no completo,App,1259,Olivia Bailey
3843651882,71.0,Masculino,Chicago,Medio,5,25.46,Sí,Sí,Pescado,No,(984)663-2209,no completo,Tarjeta,3165,Wesley Smith
5938315384,80.0,Femenino,Chicago,Muy Alto,5,69.3,No,Sí,Carnes,Sí,no completo,no completo,Efectivo,11593,Christina Molina
4320430686,63.0,Masculino,Chicago,Bajo,3,6.86,No,No,Mariscos,No,001-572-950-3561x735,jennifer51@example.org,Tarjeta,1093,Joshua Mcgee
4987388889,40.0,Femenino,Chicago,Medio,3,5.31,No,Sí,Mariscos,No,+1-737-859-1504x25328,no completo,Tarjeta,2467,Kristen Little
9625656293,45.0,Masculino,Chicago,Medio,4,11.04,Sí,Sí,Carnes,No,no completo,bakerstephen@example.net,Tarjeta,2177,David Graves
5500086353,41.0,Femenino,Chicago,Muy Alto,9,30.66,No,Sí,Pescado,Sí,no completo,no completo,Tarjeta,12419,Tracy Carr
4323437534,18.0,Femenino,Chicago,Muy Alto,5,87.1,Sí,Sí,Mariscos,Sí,no completo,adamserin@example.org,Efectivo,13340,Brooke Douglas
9111377542,55.0,Masculino,Chicago,Muy Alto,7,80.08,No,Sí,Carnes,Sí,no completo,no completo,Tarjeta,15734,Brad Hernandez
7750819485,37.0,Femenino,Chicago,Bajo,3,7.73,Sí,Sí,Carnes,No,no completo,billyhill@example.org,Tarjeta,1524,Linda Robinson
8971931625,68.0,Masculino,Chicago,Muy Alto,5,14.9,No,Sí,Carnes,Sí,no completo,christopher89@example.net,Efectivo,17802,Alex Crosby
4306064478,69.0,Femenino,Chicago,Medio,3,15.68,Sí,Sí,Carnes,No,no completo,sally07@example.org,Efectivo,2146,Samantha Huff
6960329328,42.0,Femenino,Chicago,Bajo,1,7.1,No,Sí,Carnes,No,no completo,no completo,App,1300,Lauren Mcdonald
5196703393,20.0,Masculino,Chicago,Alto,4,17.89,Sí,Sí,Carnes,No,+1-414-701-3141x48162,tammy43@example.net,Tarjeta,6070,Mark Thompson
4229124671,63.0,Femenino,Chicago,Alto,6,6.24,No,No,Carnes,Sí,(672)283-7765x0120,no completo,Efectivo,7814,Deborah Jensen
3825013396,34.0,Masculino,Chicago,Muy Alto,5,44.99,Sí,Sí,Carnes,Sí,+1-678-426-8920,no completo,Tarjeta,16773,Raymond Hernandez
1785430175,28.0,Masculino,Chicago,Alto,4,28.64,No,Sí,Carnes,Sí,no completo,timothymartin@example.net,Tarjeta,6982,Alec Johnson
3718004140,20.0,Femenino,Chicago,Alto,6,40.57,Sí,Sí,Carnes,Sí,001-465-394-2770x266,no completo,Efectivo,5178,Beth Rojas
4628648524,73.0,Masculino,Chicago,Alto,5,44.97,No,No,Vegetariano,Sí,no completo,no completo,App,5938,Ralph Miller
5852914708,30.0,Femenino,Chicago,Alto,4,6.96,No,Sí,Vegano,Sí,2926857230,browndaniel@example.org,App,6304,Melissa Johnson
2404951301,51.0,Masculino,Chicago,Medio,2,18.86,No,Sí,Pescado,Sí,no completo,no completo,App,1849,Richard Smith
9977193987,61.0,Masculino,Chicago,Alto,4,18.64,Sí,Sí,Vegetariano,Sí,no completo,no completo,App,4407,Charles Contreras
4122901114,36.0,Masculino,Chicago,Alto,6,53.94,No,No,Otro,No,no completo,no completo,Criptomoneda,7553,David Lawson
1519336819,76.0,Femenino,Chicago,Muy Alto,10,79.05,No,No,Vegetariano,Sí,001-958-551-8423x406,no completo,Efectivo,12242,Marissa Thompson
1915111272,55.0,Masculino,Chicago,Medio,5,7.72,Sí,Sí,Carnes,No,no completo,rachel17@example.org,Efectivo,1860,Christopher Hunt
4452419330,54.0,Femenino,Chicago,Medio,2,14.15,Sí,No,Vegano,No,no completo,kevinfleming@example.net,App,2604,Laura Chavez
1368293703,29.0,Femenino,Chicago,Alto,4,44.9,No,Sí,Mariscos,No,no completo,no completo,App,5599,Rebecca Brown
4498248368,71.0,Femenino,Chicago,Alto,5,12.16,Sí,No,Carnes,No,803-346-6280,no completo,Criptomoneda,5633,Carol Manning
9513913427,26.0,Femenino,Chicago,Bajo,3,5.96,No,Sí,Mariscos,No,no completo,henrybrennan@example.org,Tarjeta,1266,Meghan Moore
7591206374,18.0,Masculino,Chicago,Muy Alto,3,40.44,Sí,Sí,Vegetariano,Sí,(264)258-9017x4577,no completo,App,15888,Daniel Oliver
7167194592,46.0,Femenino,Chicago,Bajo,2,9.08,Sí,No,Carnes,No,(522)552-5354x994,eric00@example.net,Efectivo,1443,Susan Martinez
4058918847,56.0,Femenino,Chicago,Muy Alto,3,100.15,No,No,Carnes,Sí,no completo,bellandrew@example.org,Tarjeta,9834,Sherry Allen
7574249203,26.0,Femenino,Chicago,Medio,2,14.82,No,Sí,Vegano,Sí,7447732108,ryanphillips@example.org,App,2697,Amanda Hunt
5369604613,20.0,Masculino,Chicago,Muy Alto,5,13.77,Sí,Sí,Mariscos,Sí,no completo,no completo,Tarjeta,14332,Dominic Carter
2249440068,51.0,Femenino,Chicago,Muy Alto,3,54.15,Sí,No,Carnes,Sí,562.532.3736x76766,bharmon@example.com,Efectivo,12584,Angela Marks
5173107724,22.0,Masculino,Chicago,Medio,4,7.75,Sí,Sí,Carnes,No,no completo,no completo,Efectivo,3249,Henry Haynes
6947441035,44.0,Femenino,Chicago,Bajo,3,9.92,No,Sí,Vegano,No,no completo,ksmith@example.com,Tarjeta,840,Courtney Lee
5681614306,44.0,Femenino,Chicago,Medio,4,22.18,No,Sí,Vegano,No,no completo,davidclements@example.com,App,1638,Karen Diaz
4247486765,59.0,Femenino,Chicago,Bajo,3,8.17,No,Sí,Carnes,No,no completo,william64@example.net,App,1147,Madeline Jacobs
6937993272,53.0,Femenino,Chicago,Alto,3,16.61,No,Sí,Vegetariano,No,no completo,kschneider@example.com,Efectivo,3940,Kimberly Rich
5833424629,38.0,Masculino,Chicago,Alto,4,57.0,No,Sí,Otro,No,8469745253,no completo,Tarjeta,8882,Michael Reid
5419054626,79.0,Femenino,Chicago,Bajo,3,7.27,No,No,Vegetariano,No,001-565-685-2956x635,no completo,App,1150,Alexis Foster
1058951224,61.0,Masculino,Chicago,Bajo,1,5.98,No,Sí,Vegetariano,No,9578541987,no completo,App,1023,Todd Jones
3731524909,30.0,Masculino,Chicago,Medio,4,14.5,Sí,Sí,Pescado,No,no completo,no completo,Tarjeta,2731,Robert King
2783074271,76.0,Femenino,Chicago,Bajo,1,8.28,No,No,Vegano,No,6108369071,no completo,Efectivo,855,Amanda Kirby
6804025676,34.0,Femenino,Chicago,Alto,6,18.01,Sí,Sí,Vegano,Sí,+1-547-689-1492,donnaaustin@example.net,Tarjeta,8329,Katelyn Silva
6348324494,20.0,Femenino,Chicago,Alto,4,26.63,No,Sí,Vegetariano,Sí,no completo,no completo,Efectivo,5117,Susan Jones
6981119730,50.0,Femenino,Chicago,Bajo,2,7.2,No,No,Carnes,No,no completo,no completo,Tarjeta,1559,Ellen Huff
8688960845,29.0,Femenino,Chicago,Medio,2,21.42,Sí,Sí,Mariscos,No,(950)353-1563,brooksandrea@example.org,App,3219,Courtney Rodriguez
2024522901,47.0,Masculino,Chicago,Medio,4,29.37,No,Sí,Carnes,No,721.703.7620x1102,marcnelson@example.com,Efectivo,2537,Charles Jones
6991340184,24.0,Masculino,Chicago,Alto,5,17.59,No,Sí,Mariscos,No,no completo,qduffy@example.org,Tarjeta,6253,George Horton
4221140729,21.0,Femenino,Chicago,Alto,4,48.46,Sí,No,Vegetariano,Sí,2202571413,no completo,Tarjeta,7337,Jill Reeves
6777569073,23.0,Femenino,Chicago,Muy Alto,7,93.97,Sí,Sí,Vegetariano,Sí,+1-500-759-8053x59656,walkerrandy@example.com,Tarjeta,15082,Shannon Ho
3647215340,33.0,Masculino,Chicago,Alto,6,14.61,No,No,Vegetariano,Sí,no completo,simpsonhoward@example.org,Tarjeta,4593,Daniel White
9955497193,22.0,Masculino,Chicago,Medio,4,13.14,Sí,Sí,Carnes,No,no completo,gtate@example.org,Tarjeta,2978,Anthony Robinson
6314382205,64.0,Femenino,Chicago,Bajo,1,6.38,No,Sí,Vegetariano,No,no completo,no completo,Efectivo,858,Deborah Baldwin
3022150839,23.0,Femenino,Chicago,Medio,3,18.54,No,Sí,Otro,No,no completo,no completo,Efectivo,2566,Regina Olson
7826758231,79.0,Masculino,Chicago,Medio,5,9.56,Sí,No,Mariscos,No,001-567-261-4758x4831,no completo,Tarjeta,2924,Michael Mitchell
1172357124,52.0,Masculino,Chicago,Bajo,2,8.23,No,Sí,Vegetariano,No,no completo,katherineyoung@example.com,Efectivo,939,Michael Williams
9878792256,36.0,Femenino,Chicago,Medio,4,29.79,No,No,Mariscos,No,+1-549-947-0413x17047,no completo,App,2859,Amanda Reynolds
6925401543,51.0,Femenino,Chicago,Muy Alto,5,96.56,Sí,No,Carnes,Sí,no completo,no completo,Tarjeta,11898,Karen Buck
4537559864,27.0,Femenino,Chicago,Muy Alto,10,93.29,Sí,Sí,Carnes,Sí,no completo,no completo,Efectivo,9214,Sherri Smith
2839999414,54.0,Masculino,Chicago,Medio,5,20.78,No,Sí,Otro,Sí,no completo,no completo,Tarjeta,3048,William Burns
5449634185,63.0,Masculino,Chicago,Medio,3,21.47,No,Sí,Vegano,No,(894)414-6735x9283,karen74@example.net,Tarjeta,2070,Matthew Martinez
6130310284,75.0,Masculino,Chicago,Bajo,1,9.41,Sí,Sí,Pescado,No,no completo,ycamacho@example.org,Criptomoneda,1256,Geoffrey Khan
7581349462,42.0,Femenino,Chicago,Alto,4,51.64,Sí,No,Pescado,Sí,778-883-5389x17905,grayrachel@example.com,Efectivo,7364,Amanda Avila
4485497280,25.0,Masculino,Chicago,Medio,5,25.45,Sí,Sí,Vegetariano,No,no completo,andrew38@example.com,Tarjeta,2484,Andrew Thomas
4092037989,76.0,Masculino,Chicago,Muy Alto,5,95.77,No,No,Vegetariano,Sí,+1-478-780-5118x192,no completo,Tarjeta,15171,David Forbes
3905225852,76.0,Masculino,Chicago,Medio,4,23.41,No,No,Vegano,No,no completo,youngstephen@example.org,Efectivo,2520,Joshua Robinson
2858846803,68.0,Masculino,Chicago,Alto,5,14.68,No,No,Vegetariano,Sí,001-655-674-4663,shannonroberts@example.org,Efectivo,3752,Robert Frazier
1967100189,74.0,Masculino,Chicago,Bajo,3,8.39,Sí,Sí,Carnes,No,no completo,no completo,Tarjeta,1242,Jay Oconnell
7121326227,64.0,Masculino,Chicago,Muy Alto,5,17.33,Sí,Sí,Mariscos,Sí,3817391824,jonesjeffrey@example.net,Efectivo,16214,Michael Bell
6818334907,19.0,Femenino,Chicago,Alto,6,47.52,No,No,Mariscos,Sí,(985)723-4947x2750,david83@example.net,Tarjeta,7458,Maria Mann
8153819885,49.0,Masculino,Chicago,Alto,6,35.46,No,Sí,Carnes,Sí,no completo,no completo,App,6142,Mason Lynch
4046458781,61.0,Femenino,Chicago,Alto,6,20.32,No,Sí,Vegetariano,No,no completo,huberelizabeth@example.com,Tarjeta,5866,Mariah Webb
2358701712,50.0,Masculino,Chicago,Alto,6,13.74,No,Sí,Otro,Sí,no completo,tlynch@example.net,App,7254,Philip Wright
7387607079,62.0,Femenino,Chicago,Alto,5,52.92,Sí,No,Mariscos,Sí,+1-255-451-4460x42503,no completo,Efectivo,6517,Jodi Price
1335482872,77.0,Femenino,Chicago,Alto,6,17.68,Sí,Sí,Vegetariano,Sí,no completo,caldwelljonathan@example.net,App,4566,Paula Petersen
4853705045,80.0,Femenino,Chicago,Alto,5,,Sí,No,Otro,Sí,no completo,no completo,Tarjeta,5271,Angel Gray
5569964977,19.0,Masculino,Chicago,Medio,2,21.14,No,No,Pescado,No,700-302-3046,nicole13@example.org,Efectivo,2423,Christopher Hill
1779601691,39.0,Femenino,Chicago,Alto,6,5.06,Sí,Sí,Vegetariano,Sí,no completo,no completo,Efectivo,7287,Stephanie Ortiz
2950534019,22.0,Masculino,Chicago,Alto,4,32.33,No,Sí,Vegetariano,No,no completo,no completo,App,4930,Thomas Robinson
4381741645,27.0,Femenino,Chicago,Alto,6,13.77,No,Sí,Vegano,No,no completo,coreyanderson@example.org,App,6564,Michelle Garrett
8047751134,71.0,Femenino,Chicago,Muy Alto,8,12.95,No,Sí,Carnes,Sí,no completo,no completo,Tarjeta,15225,Patricia Jordan
1100094623,44.0,Masculino,Chicago,Muy Alto,9,31.42,Sí,No,Vegetariano,Sí,no completo,no completo,Tarjeta,11564,Matthew Valenzuela
6640042225,67.0,Masculino,Chicago,Muy Alto,10,33.65,Sí,Sí,Vegetariano,Sí,(832)470-7510,no completo,Tarjeta,13001,Robert Marshall
5088975453,56.0,Masculino,Chicago,Muy Alto,8,85.24,No,Sí,Vegetariano,Sí,no completo,no completo,Tarjeta,16106,Nicholas Carpenter
4998184156,20.0,Masculino,Chicago,Alto,6,14.88,No,No,Pescado,Sí,no completo,stephenbryant@example.net,Efectivo,4938,Travis Johnson
6713560960,77.0,Femenino,Chicago,Alto,4,,Sí,No,Vegetariano,Sí,+1-898-268-7265x061,martinezdale@example.net,Efectivo,8107,Madison Reynolds
4096686730,32.0,Femenino,Chicago,Medio,3,18.7,Sí,Sí,Carnes,No,001-791-975-8163x47378,zford@example.com,Efectivo,2002,Christina Jimenez
3324795806,44.0,Femenino,Chicago,Medio,4,13.12,No,No,Vegetariano,No,469.276.3116,kevinwest@example.org,App,2978,Diana Nguyen
2149938334,70.0,Femenino,Chicago,Medio,4,19.88,No,Sí,Vegano,No,no completo,james77@example.com,Efectivo,1672,Regina King
4315873227,48.0,Masculino,Chicago,Medio,4,13.26,No,Sí,Mariscos,No,(319)536-1039x7949,hollyhenry@example.com,App,1829,Steven Richardson
2281002335,33.0,Masculino,Chicago,Medio,3,18.16,Sí,Sí,Pescado,No,no completo,benjamin11@example.com,Tarjeta,2470,Tanner Miller
9738571759,40.0,Masculino,Chicago,Muy Alto,10,89.58,No,No,Mariscos,Sí,no completo,no completo,Efectivo,13631,Mason Fox
4872505234,69.0,Masculino,Chicago,Bajo,2,5.52,Sí,No,Carnes,No,619-380-3327,noahjones@example.com,Tarjeta,1115,Allen Coleman
2552594336,29.0,Masculino,Chicago,Medio,5,27.8,Sí,Sí,Vegetariano,No,597-803-1015x048,no completo,App,1788,Douglas Griffin
8032350212,47.0,Femenino,Chicago,Bajo,1,7.28,Sí,Sí,Mariscos,No,955.362.3666x71332,rileymichael@example.org,Tarjeta,1485,Laura Franklin
4712840820,40.0,Femenino,Chicago,Bajo,2,9.54,Sí,Sí,Otro,No,no completo,shane40@example.org,Efectivo,1271,Melissa Blair
2513714920,62.0,Femenino,Chicago,Medio,3,19.55,No,No,Vegetariano,No,+1-697-391-0915x876,no completo,Efectivo,1767,Carmen Herman
5097613658,58.0,Femenino,Chicago,Muy Alto,7,88.88,Sí,Sí,Mariscos,Sí,no completo,emmamoody@example.net,Tarjeta,14182,Kaitlin Sims
5958959143,74.0,Femenino,Chicago,Medio,4,16.22,Sí,No,Vegano,No,947.409.8034x3626,no completo,Tarjeta,3327,Rachel Weber
4920767083,27.0,Femenino,Chicago,Muy Alto,10,52.24,Sí,Sí,Vegano,Sí,+1-419-306-4039,brownjames@example.com,Efectivo,12498,Holly Obrien
5167514715,44.0,Masculino,Chicago,Medio,3,20.31,Sí,No,Vegano,No,+1-797-473-6895x88676,no completo,App,2251,Dale Wood
2016027792,48.0,Femenino,Chicago,Muy Alto,6,16.7,Sí,Sí,Vegano,Sí,793.395.7075x62422,no completo,Tarjeta,17069,Sharon Reid
5544439617,76.0,Femenino,Chicago,Bajo,3,7.25,No,No,Carnes,No,no completo,no completo,Tarjeta,1569,Jessica Rodriguez
2621903972,59.0,Femenino,Chicago,Muy Alto,9,101.01,Sí,Sí,Carnes,Sí,no completo,taylor83@example.com,Efectivo,15978,Jessica Kennedy
9222888042,68.0,Masculino,Chicago,Alto,4,46.91,No,Sí,Carnes,Sí,(758)316-8437x663,no completo,Tarjeta,7090,John Trujillo
6549256329,47.0,Masculino,Chicago,Alto,6,13.29,No,Sí,Otro,Sí,(247)449-5210,no completo,Tarjeta,7028,Brian Schmidt
8417143675,44.0,Masculino,Chicago,Alto,4,57.66,No,No,Vegetariano,Sí,646.993.4534x8601,no completo,Tarjeta,8011,Jonathan Schmidt
3831490250,57.0,Femenino,Chicago,Alto,6,14.57,Sí,Sí,Carnes,Sí,+1-644-536-1332x2432,brianingram@example.org,Tarjeta,7660,Sarah Kennedy
6464693977,61.0,Masculino,Chicago,Muy Alto,9,23.44,No,Sí,Mariscos,Sí,no completo,no completo,Efectivo,12982,Jason Robertson
6212012255,72.0,Femenino,Chicago,Alto,5,12.8,Sí,Sí,Mariscos,Sí,440.601.1879,youngtroy@example.net,Criptomoneda,3881,Wendy Davidson
1754973803,51.0,Femenino,Chicago,Muy Alto,3,39.04,No,Sí,Carnes,Sí,no completo,heathersummers@example.com,Efectivo,16174,Tasha Taylor
5428529806,63.0,Masculino,Chicago,Alto,5,20.67,No,Sí,Vegetariano,Sí,787.942.4818x02825,jason28@example.net,Tarjeta,6650,Jonathan Smith
5825180516,33.0,Masculino,Chicago,Medio,3,16.39,Sí,No,Vegano,Sí,416.875.8313,melvin63@example.com,Tarjeta,2791,Kenneth Sanders
5774749450,36.0,Masculino,Chicago,Medio,5,18.29,Sí,Sí,Pescado,No,no completo,melaniehunter@example.net,Efectivo,2791,David Ford
9376277483,60.0,Femenino,Chicago,Medio,2,13.0,No,Sí,Pescado,No,001-407-207-5798x44258,evanhernandez@example.net,Efectivo,1865,Kayla Hale
9923903038,57.0,Femenino,Chicago,Muy Alto,5,22.8,No,No,Pescado,Sí,001-951-659-4053x523,no completo,Efectivo,12969,Mary Bradshaw
2311141183,57.0,Femenino,Chicago,Alto,6,13.03,No,No,Mariscos,Sí,929.401.1683x9594,harmonsharon@example.org,Tarjeta,5309,Cynthia Shelton
6239629045,25.0,Masculino,Chicago,Muy Alto,10,60.19,No,Sí,Carnes,No,no completo,no completo,Efectivo,13485,Daniel Adams
7405744932,51.0,Femenino,Chicago,Alto,3,56.24,Sí,Sí,Vegetariano,No,849.937.0827x88032,no completo,Efectivo,5450,Donna Stanton
4235503705,43.0,Femenino,Chicago,Bajo,3,8.9,No,Sí,Carnes,No,no completo,no completo,App,1101,Erica Morgan
2099746134,21.0,Femenino,Chicago,Medio,3,22.02,No,Sí,Vegetariano,No,+1-968-805-7554x852,no completo,Tarjeta,3022,Crystal Lambert
4811867564,64.0,Femenino,Chicago,Muy Alto,7,95.7,Sí,Sí,Carnes,Sí,no completo,no completo,App,17323,Sandra Berry
1431494396,70.0,Masculino,Chicago,Bajo,3,9.98,No,Sí,Vegano,No,no completo,no completo,Efectivo,818,Joshua Robertson
3282277114,74.0,Femenino,Chicago,Medio,5,5.72,Sí,No,Vegano,No,no completo,cooperchristopher@example.net,Efectivo,3375,Amy Phillips
9673555193,61.0,Femenino,Chicago,Alto,5,45.48,No,No,Vegetariano,Sí,no completo,no completo,Efectivo,5346,Dana Hansen
9591922042,75.0,Femenino,Chicago,Alto,4,52.31,No,No,Vegetariano,Sí,202-652-1366,no completo,App,4837,Linda Werner
9707760853,56.0,Femenino,Chicago,Muy Alto,7,50.51,Sí,Sí,Carnes,Sí,no completo,no completo,Efectivo,12410,Rhonda Rivera
4911263963,45.0,Femenino,Chicago,Alto,4,35.43,No,No,Vegetariano,Sí,001-891-869-7371x30755,williamsgabriel@example.com,Tarjeta,6839,Jessica Stevenson
7398286267,47.0,Femenino,Chicago,Alto,5,20.35,Sí,No,Pescado,No,662-535-3619x8834,dennis50@example.com,Tarjeta,5035,Gina Walters
3220691279,26.0,Masculino,Chicago,Bajo,3,9.28,Sí,Sí,Vegano,No,001-853-886-9269x04305,no completo,Tarjeta,961,Ethan Holland
5878272186,37.0,Femenino,Chicago,Medio,3,18.13,Sí,No,Vegetariano,No,449.329.8693x0280,ecook@example.net,Tarjeta,2737,Jade Smith
9194529772,19.0,Masculino,Chicago,Alto,6,37.19,No,Sí,Mariscos,Sí,no completo,tallen@example.org,Tarjeta,8689,Adrian Benson
4971329303,35.0,Masculino,Chicago,Bajo,3,5.23,No,No,Pescado,No,no completo,tonya71@example.org,App,877,Robert Cantu
6224234130,60.0,Femenino,Chicago,Alto,4,50.69,Sí,No,Vegetariano,Sí,no completo,no completo,App,8455,Michele Rodgers
9447713287,68.0,Masculino,Chicago,Medio,3,7.83,No,Sí,Pescado,No,no completo,no completo,Efectivo,1758,William Perez
9181113838,74.0,Masculino,Chicago,Muy Alto,7,83.6,Sí,Sí,Vegetariano,Sí,no completo,no completo,Efectivo,13789,Gabriel Anderson
6215910542,31.0,Femenino,Chicago,Muy Alto,6,24.21,No,Sí,Vegano,Sí,721-862-0890,no completo,Efectivo,14037,Holly Perez
8137185704,46.0,Masculino,Chicago,Muy Alto,8,97.16,Sí,Sí,Otro,No,772-362-9647,no completo,App,9735,Steven Swanson
9352152255,77.0,Femenino,Chicago,Medio,3,28.33,Sí,Sí,Carnes,No,940.605.2745x296,kristie46@example.org,Tarjeta,3271,Kelly Ortega
1098171183,24.0,Masculino,Chicago,Bajo,1,5.37,No,Sí,Vegano,No,718-652-2720x6567,debra61@example.com,Efectivo,1467,Kevin Bell
4604093744,80.0,Masculino,Chicago,Alto,4,54.16,No,No,Carnes,Sí,435-782-3246x345,no completo,Tarjeta,6678,Jonathan Harris
6957546450,18.0,Masculino,Chicago,Muy Alto,8,88.62,Sí,Sí,Mariscos,Sí,481.767.7505,murphychristine@example.net,Tarjeta,11705,Jason Smith
2205296403,67.0,Masculino,Chicago,Alto,6,13.0,No,Sí,Carnes,Sí,493.832.5841,no completo,App,3577,Luis Morrow
1807327369,56.0,Masculino,Chicago,Medio,4,7.85,No,Sí,Carnes,No,no completo,tphillips@example.org,Efectivo,1940,Brian Sanders
3255052081,54.0,Masculino,Chicago,Medio,3,7.7,No,Sí,Vegano,No,001-860-919-0621x95971,waltersvictor@example.com,Efectivo,1965,Daniel Thompson
3800443319,38.0,Masculino,Chicago,Alto,6,47.93,No,Sí,Vegano,Sí,no completo,no completo,Efectivo,7487,Aaron Hahn
2843567009,45.0,Femenino,Chicago,Alto,5,36.66,No,No,Carnes,Sí,9174374359,no completo,Efectivo,6075,Joanna Walker
8339532919,26.0,Femenino,Chicago,Medio,5,25.71,Sí,Sí,Carnes,No,480.779.3705x821,no completo,Tarjeta,2984,Christina Vazquez
2175225470,33.0,Masculino,Chicago,Medio,5,20.21,Sí,No,Carnes,No,001-622-899-4045x358,hjones@example.com,Efectivo,2011,Nicholas Warren
7678655886,38.0,Femenino,Chicago,Bajo,2,5.34,No,Sí,Carnes,No,439-655-0933,katelynsuarez@example.com,Efectivo,1195,Tiffany Strickland
3018495252,59.0,Femenino,Chicago,Muy Alto,5,69.58,Sí,Sí,Carnes,Sí,001-674-390-5350x4437,hahnlisa@example.com,App,10732,Alisha Williams
1730074215,60.0,Masculino,Chicago,Bajo,1,7.55,Sí,No,Pescado,No,850-768-0484,no completo,App,1507,John Young
7875495831,62.0,Femenino,Chicago,Alto,6,23.7,No,Sí,Carnes,Sí,(918)682-0391x57737,no completo,Tarjeta,3971,Ashley West
5082874154,47.0,Femenino,Chicago,Medio,2,27.81,Sí,Sí,Otro,No,324-728-3328x15241,no completo,Efectivo,2425,Brenda Barrett
2059077154,59.0,Masculino,Chicago,Muy Alto,7,58.69,Sí,Sí,Vegano,Sí,no completo,matthew04@example.com,App,10241,Daniel Davis
3884603338,52.0,Masculino,Chicago,Medio,5,24.06,No,No,Carnes,No,no completo,jasonmoore@example.net,Efectivo,2481,Dakota Mayer
4406118702,47.0,Femenino,Chicago,Bajo,2,8.37,No,Sí,Vegetariano,No,no completo,jacobsandrew@example.com,App,1009,Kathy Lutz
5756841512,50.0,Femenino,Chicago,Muy Alto,10,63.35,Sí,No,Vegano,Sí,no completo,nataliegaines@example.net,Tarjeta,16601,Sarah Moran
5128257207,57.0,Masculino,Chicago,Alto,6,19.13,Sí,Sí,Pescado,Sí,no completo,james72@example.com,Efectivo,5477,James Glover
9619052162,28.0,Femenino,Chicago,Bajo,2,6.55,Sí,Sí,Pescado,No,no completo,no completo,Efectivo,931,Linda Lewis
7094992705,64.0,Masculino,Chicago,Medio,3,11.85,No,Sí,Carnes,No,(635)807-4317x251,kristin43@example.org,Tarjeta,2575,Ian Melendez
4368754912,57.0,Femenino,Chicago,Medio,3,21.19,No,No,Carnes,No,(224)730-5119,lpowell@example.org,Efectivo,3091,Rebecca Nunez
8879002701,24.0,Masculino,Chicago,Alto,3,46.32,No,Sí,Vegetariano,Sí,no completo,no completo,App,6032,Jay Stout
4413598790,45.0,Femenino,Chicago,Medio,3,19.57,Sí,Sí,Pescado,No,(991)373-7765x4802,marcuspowers@example.net,App,3367,Heather Smith
4923471181,30.0,Masculino,Chicago,Bajo,1,8.35,No,Sí,Mariscos,No,(453)483-4172x014,no completo,Tarjeta,893,Samuel Holmes
4327057610,48.0,Masculino,Chicago,Medio,3,9.64,Sí,No,Vegano,No,no completo,no completo,Tarjeta,3076,Matthew Adams
8138282344,32.0,Masculino,Chicago,Muy Alto,6,25.96,No,Sí,Carnes,Sí,9199752353,no completo,Tarjeta,13558,Richard Gray
7430757004,31.0,Femenino,Chicago,Alto,5,15.97,No,Sí,Otro,No,no completo,donaldhowe@example.org,Efectivo,4856,Sarah Williams
7919799704,29.0,Femenino,Chicago,Muy Alto,6,62.62,No,Sí,Vegetariano,Sí,891.489.1621x416,no completo,Tarjeta,16483,Susan Taylor
1071624258,40.0,Masculino,Chicago,Medio,3,19.03,Sí,Sí,Carnes,Sí,no completo,victoria35@example.com,Tarjeta,2357,Greg Lopez
6943137103,65.0,Masculino,Chicago,Muy Alto,6,41.7,Sí,No,Vegetariano,Sí,no completo,no completo,App,9979,Robert Roth
3660223333,40.0,Masculino,Chicago,Bajo,2,9.07,Sí,No,Vegetariano,No,6055479091,no completo,Tarjeta,927,Carlos Olson
2968302927,69.0,Femenino,Chicago,Medio,3,22.9,Sí,Sí,Vegetariano,No,no completo,john54@example.com,Efectivo,1709,Rachel Smith
8925417562,27.0,Femenino,Chicago,Alto,5,53.24,Sí,Sí,Mariscos,Sí,001-375-336-4360x0334,no completo,Tarjeta,5608,Ashley Livingston
6392415228,79.0,Masculino,Chicago,Alto,6,18.27,No,No,Pescado,Sí,no completo,no completo,App,6980,Jeffrey Lawrence
1102885858,49.0,Masculino,Chicago,Medio,4,25.39,No,No,Carnes,No,573-447-8699,amanda52@example.com,Tarjeta,1831,Jerome Durham
9810722788,66.0,Femenino,Chicago,Bajo,1,6.79,Sí,Sí,Carnes,No,001-221-973-4887,kelly58@example.net,App,918,Amber Murray
8485676646,27.0,Femenino,Chicago,Medio,2,10.53,Sí,Sí,Vegano,No,no completo,rachael87@example.net,Efectivo,2546,Kylie Peterson
3155369361,29.0,Masculino,Chicago,Bajo,3,8.95,Sí,Sí,Carnes,No,no completo,no completo,Tarjeta,1027,Matthew Hernandez
2335743785,54.0,Femenino,Chicago,Medio,5,24.25,Sí,Sí,Vegetariano,No,no completo,no completo,Efectivo,2080,Madeline Boyle
5708007278,54.0,Femenino,Chicago,Medio,5,10.91,Sí,No,Otro,No,no completo,no completo,Efectivo,2477,Julie Tapia
3355354732,27.0,Femenino,Chicago,Bajo,2,5.53,Sí,Sí,Pescado,No,no completo,bradyjohnny@example.org,Tarjeta,1410,Kathy Jenkins
2961246220,80.0,Femenino,Chicago,Muy Alto,8,,Sí,No,Carnes,Sí,001-458-424-2458x6296,whitneyjohnson@example.net,Tarjeta,10960,Nancy Obrien
8943645600,22.0,Femenino,Chicago,Bajo,1,8.96,No,Sí,Mariscos,No,+1-700-579-8697x65188,claireroth@example.org,Efectivo,978,Emily Harrison
5501918293,44.0,Masculino,Chicago,Muy Alto,10,79.77,No,No,Vegetariano,Sí,no completo,kcook@example.org,App,11349,Glenn Tyler
8581383167,53.0,Femenino,Chicago,Medio,2,28.27,Sí,Sí,Carnes,No,no completo,no completo,Efectivo,1964,Kelly Dunn
3503945864,56.0,Masculino,Chicago,Bajo,2,5.18,Sí,Sí,Mariscos,No,(860)732-9278,no completo,Tarjeta,966,Corey Elliott
1651549487,45.0,Femenino,Chicago,Medio,4,13.21,Sí,Sí,Vegano,No,no completo,no completo,App,3345,Nicole Newman
8139469360,34.0,Femenino,Chicago,Medio,4,24.98,No,No,Mariscos,No,no completo,karina22@example.org,Efectivo,1639,Sandra Lee
4487126307,72.0,Masculino,Chicago,Muy Alto,9,69.64,Sí,No,Mariscos,Sí,no completo,no completo,Tarjeta,14510,Tyler Acosta
1259396992,69.0,Femenino,Chicago,Medio,5,6.75,Sí,Sí,Mariscos,No,3537821535,thuffman@example.org,App,3379,Joanne Hale
4753650032,29.0,Femenino,Chicago,Medio,3,27.96,Sí,Sí,Mariscos,No,no completo,williamsvincent@example.org,Efectivo,2905,Jennifer Harris
8975021081,28.0,Masculino,Chicago,Medio,5,26.01,No,Sí,Vegano,No,no completo,lee90@example.com,Tarjeta,2328,Thomas Singh
4265213289,74.0,Masculino,Chicago,Bajo,2,6.02,No,No,Carnes,No,no completo,no completo,App,1259,Keith Cannon
1581277647,42.0,Masculino,Chicago,Bajo,3,6.57,No,No,Vegetariano,No,(650)690-1514x799,tylerwalton@example.net,Tarjeta,1025,Brian Morrison
7005342676,34.0,Femenino,Chicago,Medio,3,23.45,No,Sí,Pescado,No,207-480-4489x00426,no completo,Efectivo,2105,Megan Crosby
5766175685,28.0,Femenino,Chicago,Bajo,1,7.03,No,Sí,Vegano,No,394-214-8838,no completo,Efectivo,1089,Amanda Nelson
2720902231,28.0,Masculino,Chicago,Medio,2,,No,Sí,Carnes,No,001-932-410-4474x478,wbrown@example.net,App,2517,Mark Gordon
6622834251,66.0,Femenino,Chicago,Medio,5,14.78,No,Sí,Vegetariano,No,no completo,jeremygomez@example.org,App,1891,Amy Diaz
4560994202,41.0,Femenino,Chicago,Muy Alto,6,65.07,Sí,No,Pescado,Sí,(504)708-8380,sandra12@example.net,App,9502,Denise Spencer
1480526186,64.0,Femenino,Chicago,Muy Alto,7,64.66,No,No,Carnes,Sí,829.534.0719,no completo,App,11728,Peggy Jordan
4984207486,57.0,Masculino,Chicago,Bajo,1,9.35,No,Sí,Carnes,No,no completo,ismith@example.com,Efectivo,936,Steve Roberson
6648132115,20.0,Femenino,Chicago,Bajo,1,6.73,Sí,Sí,Pescado,No,no completo,iskinner@example.com,Efectivo,1514,Anne Nelson
7318605516,40.0,Femenino,Chicago,Medio,2,8.57,No,No,Vegetariano,No,+1-510-597-8128x6041,steven99@example.com,Efectivo,2588,Victoria Boyd
7939111649,65.0,Masculino,Chicago,Muy Alto,9,17.86,No,No,Carnes,Sí,no completo,matthewgonzales@example.net,Tarjeta,17416,Ryan Tanner
6103312578,55.0,Femenino,Chicago,Bajo,3,5.33,No,No,Carnes,No,813.461.1610x5417,no completo,Efectivo,1595,Courtney Pierce
9933763424,24.0,Femenino,Chicago,Bajo,2,8.61,Sí,Sí,Carnes,No,8464896894,mary89@example.org,Tarjeta,805,Monica Jones
3231444194,72.0,Femenino,Chicago,Medio,3,25.99,No,Sí,Otro,No,298.971.1623x4813,no completo,Tarjeta,3247,Jordan Johnson
7050091525,50.0,Masculino,Chicago,Muy Alto,6,50.0,Sí,Sí,Vegano,Sí,837.419.1841x726,no completo,App,17999,Michael Aguirre
9961215440,43.0,Femenino,Chicago,Medio,2,14.33,Sí,Sí,Mariscos,No,no completo,alvaradojohn@example.org,Efectivo,3454,Angela Smith
1533937899,53.0,Femenino,Chicago,Alto,5,55.97,Sí,Sí,Carnes,Sí,no completo,mcooper@example.com,Efectivo,7076,Denise Scott
1567130806,21.0,Masculino,Chicago,Bajo,3,8.75,No,Sí,Vegetariano,No,no completo,no completo,Efectivo,1193,Paul Curtis
7080024940,29.0,Femenino,Chicago,Alto,5,17.55,Sí,Sí,Carnes,Sí,+1-608-555-7492x694,paulreed@example.net,Tarjeta,7927,Traci Turner
4234059678,76.0,Masculino,Chicago,Medio,4,23.7,No,Sí,Vegetariano,No,no completo,fsantana@example.org,App,2717,Brent Castro
7638836058,80.0,Masculino,Chicago,Medio,5,9.2,No,Sí,Mariscos,No,277.701.6892x14884,tarawhite@example.com,App,2492,Daniel Taylor
4296962245,41.0,Masculino,Chicago,Muy Alto,7,85.45,No,Sí,Carnes,Sí,no completo,no completo,App,10349,Jim Carr
6438958606,31.0,Femenino,Chicago,Medio,2,8.58,Sí,Sí,Carnes,No,610-942-0050x190,no completo,Tarjeta,3107,Taylor Carroll
7441140696,61.0,Masculino,Chicago,Muy Alto,8,96.51,No,Sí,Otro,Sí,(856)305-2038,brittneywilson@example.com,App,16330,Christopher Ibarra
4147025728,67.0,Masculino,Chicago,Medio,5,8.82,No,Sí,Carnes,No,no completo,no completo,App,2319,Jonathan Ray
7281181318,59.0,Masculino,Chicago,Medio,2,28.83,No,Sí,Vegetariano,Sí,no completo,vhansen@example.com,Tarjeta,1628,Tommy Garcia
6099476875,68.0,Femenino,Chicago,Alto,6,44.83,Sí,Sí,Mariscos,Sí,(583)730-0070x04586,no completo,App,6611,Amy Baird
3476626386,71.0,Masculino,Chicago,Muy Alto,6,83.72,Sí,No,Vegetariano,Sí,001-274-267-1296x31382,susan68@example.com,Efectivo,13407,Austin Long
5524971263,40.0,Femenino,Chicago,Medio,4,26.94,No,No,Carnes,No,+1-627-505-3629x220,no completo,Tarjeta,2187,Angela Davidson
7422130581,18.0,Femenino,Chicago,Alto,4,50.17,Sí,Sí,Carnes,Sí,no completo,vrobertson@example.net,App,4420,Ashley Nelson
5356690340,51.0,Masculino,Chicago,Medio,3,24.61,No,No,Otro,No,no completo,imclaughlin@example.com,Tarjeta,2563,Brian Ortiz
4684975691,28.0,Masculino,Chicago,Alto,6,9.63,No,Sí,Mariscos,Sí,no completo,no completo,Tarjeta,6027,Timothy Jordan
1268905309,49.0,Masculino,Chicago,Medio,4,29.44,No,Sí,Vegano,No,(962)882-0718,no completo,Efectivo,1932,Nicholas Bolton
2083760177,21.0,Masculino,Chicago,Medio,3,26.86,No,No,Vegetariano,No,+1-534-689-9958x742,no completo,Efectivo,2593,Jason Morgan
5930446862,61.0,Masculino,Chicago,Medio,3,21.53,No,Sí,Vegetariano,No,no completo,no completo,App,3231,Gregory Huber
5765183910,29.0,Masculino,Chicago,Medio,5,11.58,Sí,Sí,Carnes,No,no completo,no completo,Tarjeta,2340,Juan Clark
2463024548,65.0,Femenino,Chicago,Alto,6,24.61,Sí,No,Carnes,Sí,001-265-394-5505x87180,no completo,Efectivo,8417,Karen Stevens
4026816435,44.0,Masculino,Chicago,Bajo,3,5.33,Sí,No,Otro,No,(613)703-0656,shawn03@example.net,App,1046,Daniel Obrien
9940066964,34.0,Masculino,Chicago,Bajo,1,5.93,Sí,Sí,Carnes,No,no completo,no completo,App,1323,Christopher Krause
5740482074,27.0,Femenino,Chicago,Alto,5,28.62,No,Sí,Vegetariano,Sí,3469134906,jonathanjones@example.com,App,3932,Brenda Hayes
3547396720,65.0,Femenino,Chicago,Bajo,2,6.74,No,Sí,Pescado,No,001-620-983-7064x15203,emilypatel@example.net,Efectivo,1273,Laurie Lee
9242240289,75.0,Masculino,Chicago,Muy Alto,7,34.09,No,No,Carnes,No,no completo,no completo,Tarjeta,15131,Kevin Sweeney
8625962172,27.0,Femenino,Chicago,Bajo,2,7.99,No,Sí,Carnes,No,no completo,newmantodd@example.net,Tarjeta,1435,Megan Moran
5354115970,43.0,Femenino,Chicago,Medio,4,10.98,Sí,Sí,Mariscos,No,no completo,charlottetorres@example.org,Tarjeta,3426,Elizabeth Smith
2157246930,64.0,Femenino,Chicago,Muy Alto,7,45.61,Sí,Sí,Carnes,No,no completo,mcguirematthew@example.org,Efectivo,12767,Kimberly Adams
1151894319,78.0,Masculino,Chicago,Bajo,2,6.81,No,No,Vegetariano,No,no completo,andrewflores@example.net,Efectivo,1194,Derrick Powers
2270239066,50.0,Masculino,Chicago,Alto,6,48.24,No,Sí,Carnes,Sí,no completo,mcclurejeremy@example.org,App,3975,Ian Johnson
8173724981,27.0,Femenino,Chicago,Medio,4,7.96,No,No,Carnes,Sí,(790)565-6423x0339,no completo,Efectivo,1881,Olivia Cohen
4224296509,22.0,Femenino,Chicago,Alto,6,13.68,No,Sí,Pescado,Sí,+1-984-842-4015x2559,martinantonio@example.com,App,4648,Hayley Hardy
7972821255,28.0,Femenino,Chicago,Medio,5,24.23,Sí,Sí,Otro,No,859-726-1760x51132,charles71@example.net,Efectivo,2052,Cynthia Williams
8467833157,42.0,Femenino,Chicago,Medio,2,16.28,Sí,Sí,Vegetariano,No,889.835.1039x8156,zgibson@example.net,App,2355,Leslie Moon
4826492627,45.0,Femenino,Chicago,Bajo,1,7.17,Sí,No,Mariscos,No,no completo,no completo,App,1465,Samantha Leblanc
3701200744,43.0,Femenino,Chicago,Bajo,3,8.07,Sí,Sí,Carnes,No,(229)956-9828x5040,no completo,Tarjeta,1193,Sheila Hernandez
8050374523,24.0,Femenino,Chicago,Alto,6,8.7,No,Sí,Vegetariano,Sí,no completo,no completo,Efectivo,4412,Gabriela Tate
8012854012,32.0,Femenino,Chicago,Alto,5,50.92,Sí,Sí,Carnes,Sí,no completo,no completo,Tarjeta,8767,Katherine Fischer
4463448166,27.0,Masculino,Chicago,Alto,4,23.53,No,Sí,Mariscos,No,no completo,mullinsanthony@example.org,App,4438,Eugene Meyer
2290179211,56.0,Femenino,Chicago,Medio,3,6.46,No,Sí,Vegano,No,848-619-3427x32921,no completo,Tarjeta,1706,Lori Shelton
4907484958,75.0,Femenino,Chicago,Medio,5,5.84,No,Sí,Pescado,No,no completo,no completo,Efectivo,2573,Angela Rojas
8065652224,69.0,Femenino,Chicago,Medio,3,23.29,No,No,Vegetariano,No,(211)507-4963x5963,gregory80@example.org,App,3196,Rebecca Long
3670792703,55.0,Femenino,Chicago,Medio,5,19.77,No,Sí,Otro,No,001-833-567-5916x0731,no completo,Efectivo,1742,Julie Maldonado
1026224160,76.0,Masculino,Chicago,Bajo,1,5.59,Sí,No,Carnes,No,no completo,no completo,Efectivo,898,Chase Smith
5131090776,32.0,Masculino,Chicago,Medio,3,8.15,No,Sí,Vegetariano,No,no completo,robinsonjoshua@example.org,Tarjeta,1635,Michael Brown
3880327491,23.0,Femenino,Chicago,Alto,4,10.71,No,Sí,Vegetariano,No,842.936.3648x99038,no completo,Tarjeta,5670,Jessica Nielsen
4767634417,77.0,Masculino,Chicago,Medio,3,10.55,Sí,No,Carnes,No,no completo,adamhoover@example.org,Tarjeta,3323,Anthony Wright
5874683426,27.0,Femenino,Chicago,Medio,2,9.44,Sí,Sí,Pescado,No,no completo,dana75@example.org,Tarjeta,2967,Lisa Knight
3881675356,72.0,Masculino,Chicago,Alto,6,42.03,No,Sí,Vegetariano,Sí,001-358-920-4451,no completo,Tarjeta,6659,George Salinas
2337723268,41.0,Femenino,Chicago,Alto,5,34.27,No,Sí,Pescado,No,no completo,karen72@example.net,App,8402,Crystal Simmons
8903905660,40.0,Masculino,Chicago,Alto,4,29.7,No,Sí,Mariscos,Sí,no completo,no completo,Tarjeta,3806,Steven Stevens
4702151315,36.0,Femenino,Chicago,Medio,3,21.5,Sí,Sí,Carnes,No,no completo,no completo,App,3462,Emily Stein
5821629965,62.0,Masculino,Chicago,Muy Alto,5,43.75,No,Sí,Mariscos,Sí,(817)725-7329x5788,cassandra02@example.net,Efectivo,11077,Matthew Palmer
5243253355,74.0,Masculino,Chicago,Bajo,3,7.3,Sí,Sí,Carnes,No,no completo,tferrell@example.net,Efectivo,959,Ryan Santiago
5737189443,69.0,Masculino,Chicago,Alto,5,56.5,No,Sí,Vegetariano,Sí,(358)776-9325,no completo,Tarjeta,7235,Ryan Johnson
1763707572,65.0,Masculino,Chicago,Muy Alto,5,83.37,No,Sí,Mariscos,Sí,943.352.2496,no completo,Criptomoneda,9861,Benjamin Spencer
4299204248,21.0,Femenino,Chicago,Medio,4,7.94,No,Sí,Carnes,No,778.358.0773x1343,vyoung@example.net,App,3159,Marissa Brooks
7715782053,66.0,Femenino,Chicago,Bajo,1,5.01,No,Sí,Pescado,No,(277)772-8994x741,ann54@example.net,Tarjeta,997,Elizabeth Maldonado
7671481212,54.0,Masculino,Chicago,Medio,3,,No,Sí,Vegano,No,no completo,no completo,Tarjeta,2773,Raymond Guzman
6379538484,62.0,Femenino,Chicago,Alto,5,45.88,No,Sí,Vegano,Sí,392-541-1895,no completo,Tarjeta,5243,Judith Klein
2010689368,75.0,Femenino,Chicago,Alto,5,54.1,Sí,No,Vegetariano,No,001-299-754-9691,no completo,Tarjeta,4380,Carmen Henry
6592613320,70.0,Femenino,Chicago,Alto,4,59.49,Sí,Sí,Carnes,No,(802)411-8754,hendrixheather@example.org,Efectivo,4083,Mary Brown
6711813678,60.0,Masculino,Chicago,Muy Alto,8,94.95,Sí,Sí,Carnes,Sí,200.679.1588,maria36@example.net,Efectivo,15356,William Larsen
3540356546,56.0,Masculino,Chicago,Muy Alto,7,54.67,Sí,Sí,Carnes,Sí,no completo,no completo,Tarjeta,12706,John Daniel
3107691941,58.0,Masculino,Chicago,Alto,4,28.9,No,No,Vegetariano,No,001-704-234-6764x0859,darrell34@example.com,Tarjeta,4788,John Dominguez
7426707393,34.0,Femenino,Chicago,Medio,3,21.14,No,No,Carnes,No,733.802.4525x9468,patrick29@example.com,Tarjeta,2103,Denise Hodges
6242604762,71.0,Masculino,Chicago,Alto,4,15.97,Sí,Sí,Carnes,Sí,no completo,daniel16@example.com,Efectivo,8532,Nathan Coleman
7671999794,74.0,Masculino,Chicago,Muy Alto,7,95.93,No,No,Vegetariano,Sí,+1-244-292-4323x6235,chrisjohnson@example.net,Efectivo,15927,Steven Guzman
9798289219,80.0,Masculino,Chicago,Medio,5,25.68,No,No,Carnes,No,677.970.7162x768,kylekeller@example.org,App,2296,Scott Simmons
9982501269,56.0,Masculino,Chicago,Muy Alto,10,48.93,No,Sí,Vegetariano,Sí,no completo,barrettjordan@example.org,Tarjeta,13906,Ronald Jones
9441483852,43.0,Masculino,Chicago,Muy Alto,6,85.04,No,Sí,Carnes,Sí,952-931-1165x943,no completo,App,10299,Michael Baker
1388024358,61.0,Femenino,Chicago,Medio,3,27.5,Sí,Sí,Carnes,No,001-587-259-9939x43762,no completo,App,2502,Stephanie Mcclain
1122712790,55.0,Masculino,Chicago,Muy Alto,5,28.2,No,No,Vegetariano,Sí,+1-666-882-8290x326,no completo,Criptomoneda,9783,Michael Spencer
3978287288,52.0,Femenino,Chicago,Bajo,1,9.65,Sí,No,Carnes,No,no completo,no completo,Efectivo,1254,Michelle Anderson
8607662849,26.0,Femenino,Chicago,Medio,4,17.6,Sí,Sí,Carnes,Sí,no completo,asmith@example.net,App,3441,Karla Patterson
6711729538,24.0,Masculino,Chicago,Alto,6,15.63,No,Sí,Carnes,Sí,no completo,fsoto@example.com,Tarjeta,8385,Steve Sweeney
3192004264,36.0,Masculino,Chicago,Bajo,3,6.33,No,No,Carnes,No,001-387-700-5107x263,no completo,Tarjeta,1102,Mark Johnson
7040384625,69.0,Masculino,Chicago,Muy Alto,7,67.76,Sí,Sí,Carnes,Sí,416-963-8143x60902,no completo,App,14762,Michael Sharp
2884078385,46.0,Femenino,Chicago,Alto,5,51.97,Sí,Sí,Carnes,No,no completo,uyoung@example.org,Efectivo,8214,Jessica Mccoy
8830461508,42.0,Masculino,Chicago,Alto,4,35.94,Sí,No,Vegetariano,Sí,(506)813-3629x1083,no completo,Efectivo,4502,Alexander Reed
9396340039,23.0,Femenino,Chicago,Alto,4,37.18,Sí,Sí,Carnes,Sí,no completo,no completo,Efectivo,7553,Mariah Cook
5189586192,64.0,Femenino,Chicago,Medio,5,12.77,No,No,Otro,Sí,737.731.8722x7156,no completo,App,2335,Ellen Jones
7437780154,80.0,Femenino,Chicago,Alto,4,46.97,Sí,Sí,Carnes,Sí,280.711.6504x0255,no completo,App,3923,Donna Hensley
9415867828,56.0,Masculino,Chicago,Muy Alto,7,95.63,Sí,Sí,Vegetariano,Sí,742.913.3554x732,no completo,Tarjeta,16973,Anthony Johnson
8340099132,35.0,Masculino,Chicago,Medio,3,7.89,No,No,Carnes,No,728.727.4711x782,no completo,Tarjeta,3407,Joshua Campbell
8332696194,43.0,Masculino,Chicago,Medio,3,16.11,No,Sí,Carnes,No,(538)846-1220,williamssydney@example.com,Tarjeta,3073,Kenneth Marshall
7894724809,24.0,Masculino,Chicago,Alto,4,6.98,No,Sí,Carnes,No,936-826-5166,no completo,App,3762,Victor Douglas
1594312071,47.0,Masculino,Chicago,Muy Alto,6,15.86,Sí,No,Mariscos,Sí,no completo,no completo,App,15346,Antonio Snyder
9957643727,38.0,Femenino,Chicago,Medio,4,8.48,No,No,Mariscos,No,566-710-8612x26017,laura89@example.net,Efectivo,2213,Allison Lewis
4406121844,57.0,Femenino,Chicago,Bajo,3,7.85,Sí,Sí,Vegano,No,+1-978-361-2815x649,no completo,Tarjeta,1195,Victoria Salinas
5928967807,39.0,Masculino,Chicago,Muy Alto,6,97.55,No,No,Pescado,Sí,no completo,arianarussell@example.com,App,13428,Robert Hill
1224150855,39.0,Femenino,Chicago,Medio,5,28.19,No,Sí,Carnes,No,no completo,no completo,App,2071,Misty Jordan
4824841317,50.0,Femenino,Chicago,Medio,4,20.52,No,No,Vegano,No,+1-529-709-0524x4964,no completo,Efectivo,2924,Kimberly Brown
4929412506,24.0,Femenino,Chicago,Bajo,2,5.81,No,Sí,Vegano,No,no completo,cynthia47@example.com,Efectivo,1320,Crystal Smith
6422260735,63.0,Femenino,Chicago,Medio,3,22.96,Sí,No,Vegetariano,No,001-735-449-7874x887,no completo,Tarjeta,2296,Rachel Edwards
1299072274,24.0,Masculino,Chicago,Bajo,3,9.87,No,Sí,Carnes,No,no completo,no completo,App,833,Scott Williams
4471692340,37.0,Femenino,Chicago,Alto,6,19.83,Sí,Sí,Vegetariano,Sí,no completo,clarkpatricia@example.com,Tarjeta,6637,Elizabeth Johnson
8856273191,33.0,Masculino,Chicago,Muy Alto,8,61.95,No,No,Pescado,Sí,(427)219-7665x018,no completo,Tarjeta,11269,Jonathan Bonilla
8902082046,37.0,Masculino,Chicago,Alto,4,30.06,Sí,No,Carnes,Sí,+1-716-987-3205x44210,eric61@example.com,Efectivo,7465,William Smith
1036351450,24.0,Masculino,Chicago,Muy Alto,5,97.52,Sí,Sí,Vegetariano,Sí,no completo,no completo,Efectivo,10431,Gordon Sherman
5704787996,32.0,Masculino,Chicago,Medio,4,10.81,Sí,Sí,Carnes,No,(663)634-3030,dustinwebb@example.net,Tarjeta,3293,Zachary Black
5449848690,63.0,Masculino,Chicago,Medio,2,7.75,No,Sí,Carnes,No,001-821-281-5419x333,no completo,App,2473,Travis Knight
1408988968,52.0,Femenino,Chicago,Medio,3,12.12,No,Sí,Carnes,No,no completo,pwalker@example.org,Tarjeta,1785,Julie Wang
1982217497,30.0,Masculino,Chicago,Medio,2,5.47,Sí,Sí,Pescado,No,233.285.0403,no completo,Efectivo,3354,Anthony Jacobs
2926870597,60.0,Femenino,Chicago,Medio,5,16.25,Sí,Sí,Vegetariano,No,+1-470-373-1410x63361,no completo,Efectivo,1667,Linda Irwin
3620498703,33.0,Masculino,Chicago,Bajo,2,5.59,No,No,Carnes,No,+1-525-660-5271x1499,sheila54@example.org,Tarjeta,883,Michael Sanchez
8245604266,21.0,Masculino,Chicago,Medio,4,10.25,No,No,Mariscos,No,+1-246-376-5425x13896,no completo,Efectivo,1871,Jason Lam
8401467732,41.0,Femenino,Chicago,Medio,4,25.07,Sí,Sí,Carnes,No,no completo,no completo,App,3276,Tracy Harris
6919490428,72.0,Femenino,Chicago,Alto,5,18.98,No,No,Mariscos,Sí,001-212-395-7398x930,no completo,Tarjeta,4305,Brittany Whitney
7319616386,60.0,Masculino,Chicago,Alto,5,9.53,No,No,Otro,Sí,978-789-2784x55603,no completo,App,5877,Lucas Jordan
9084449626,73.0,Masculino,Chicago,Muy Alto,7,24.15,Sí,No,Carnes,Sí,no completo,esanchez@example.org,Efectivo,16907,Tony Pitts
4023132655,61.0,Masculino,Chicago,Bajo,3,6.46,No,No,Otro,No,(562)821-7353x48399,racheljenkins@example.org,App,1245,Brent Torres
9703790129,60.0,Femenino,Chicago,Alto,6,30.54,Sí,No,Mariscos,Sí,+1-732-780-6677x346,no completo,App,6377,Kristi Garcia
3272557267,61.0,Femenino,Chicago,Medio,3,25.97,Sí,Sí,Carnes,No,+1-782-561-8119x4004,no completo,Tarjeta,2523,Christina Taylor
3633493031,40.0,Masculino,Chicago,Alto,4,5.64,Sí,No,Vegetariano,Sí,+1-405-512-8537x43166,robert69@example.org,Tarjeta,6779,Zachary Shelton
6385955489,23.0,Masculino,Chicago,Muy Alto,8,103.56,No,Sí,Carnes,Sí,+1-616-385-4037x125,no completo,App,9060,Scott Richard
1279384728,78.0,Femenino,Chicago,Bajo,3,7.2,No,Sí,Otro,No,no completo,no completo,Efectivo,1514,Janet Brandt
7447472936,59.0,Masculino,Chicago,Medio,2,20.78,No,No,Vegano,Sí,no completo,timothy02@example.org,Efectivo,2778,Anthony Leonard
4208968900,45.0,Femenino,Chicago,Bajo,1,8.32,Sí,Sí,Vegetariano,No,no completo,no completo,Tarjeta,1171,Christina Nelson
6034775299,48.0,Femenino,Chicago,Medio,5,29.9,No,No,Otro,No,no completo,zfuller@example.net,Efectivo,3377,Michelle Jarvis
8353842159,41.0,Femenino,Chicago,Medio,4,22.29,Sí,Sí,Carnes,No,276-320-3397x228,sandrarodriguez@example.net,Efectivo,2564,Krista Hanson
7891313799,55.0,Masculino,Chicago,Medio,3,27.42,No,No,Carnes,No,no completo,iavery@example.org,App,3432,Brian Norris
5918906354,76.0,Femenino,Chicago,Bajo,3,9.3,Sí,No,Vegetariano,No,001-218-848-7812x9392,wilsonmichael@example.com,Tarjeta,1478,Rebecca Pennington
7005004890,54.0,Masculino,Chicago,Medio,5,18.25,No,No,Vegetariano,No,no completo,no completo,Efectivo,2138,Brandon Ritter
1558739878,55.0,Femenino,Chicago,Medio,5,5.1,Sí,Sí,Carnes,No,no completo,jennifercarr@example.org,App,1753,Amy Warner
3878201524,47.0,Femenino,Chicago,Alto,4,57.93,Sí,Sí,Mariscos,Sí,497.320.8378x4037,no completo,App,5030,Krystal Hinton
7534242021,22.0,Masculino,Chicago,Alto,5,19.9,No,Sí,Pescado,No,no completo,robert23@example.org,App,7685,Timothy Dixon
8337488664,77.0,Masculino,Chicago,Muy Alto,6,59.67,No,No,Vegetariano,Sí,2982369040,no completo,Efectivo,11347,Ronald Scott
8050808371,70.0,Femenino,Chicago,Alto,3,41.83,Sí,Sí,Vegano,Sí,9988867532,no completo,App,6236,Brianna Gibson
9866648716,37.0,Masculino,Chicago,Bajo,3,7.54,Sí,No,Carnes,No,no completo,no completo,Efectivo,838,Stephen Hall
3955584359,38.0,Masculino,Chicago,Muy Alto,7,22.8,No,Sí,Otro,Sí,(624)976-2493x16047,gthomas@example.com,App,13280,David Ferguson
9393609813,62.0,Masculino,Chicago,Bajo,1,9.1,No,Sí,Vegetariano,No,no completo,no completo,Tarjeta,1407,Gerald Scott
8139112018,72.0,Masculino,Chicago,Medio,5,8.42,No,Sí,Vegetariano,No,no completo,graynichole@example.net,Tarjeta,2587,Gregory Walton
9862196347,23.0,Masculino,Chicago,Alto,4,47.5,Sí,Sí,Vegano,Sí,+1-832-475-8530x499,no completo,Tarjeta,6017,Daniel Miller
1614599226,60.0,Femenino,Chicago,Medio,2,12.19,Sí,No,Vegetariano,Sí,no completo,no completo,Tarjeta,2543,Sarah Bush
4422047639,57.0,Masculino,Chicago,Medio,3,8.71,Sí,Sí,Mariscos,No,(951)511-5874x740,no completo,Tarjeta,2978,Patrick Owens
7665312780,57.0,Femenino,Chicago,Medio,5,25.8,Sí,Sí,Carnes,No,+1-651-204-2475x39447,no completo,Tarjeta,2147,Christine Lawson
1747742020,69.0,Masculino,Chicago,Alto,6,54.31,Sí,Sí,Carnes,No,no completo,no completo,App,7584,Kyle Dixon
4419806973,35.0,Masculino,Chicago,Alto,6,25.75,Sí,Sí,Mariscos,No,658.301.7502x104,xjames@example.org,Efectivo,8375,Phillip Garcia
4502414628,47.0,Femenino,Chicago,Alto,6,21.4,Sí,Sí,Pescado,No,no completo,hendersondebra@example.com,Efectivo,5677,Ashley Cole
6676615784,49.0,Masculino,Chicago,Bajo,3,7.68,No,Sí,Carnes,No,no completo,lambearl@example.net,App,878,Terry Edwards
6958816903,57.0,Femenino,Chicago,Medio,5,8.3,No,Sí,Carnes,No,no completo,albert86@example.net,Tarjeta,2939,Savannah Diaz
5197171779,70.0,Femenino,Chicago,Alto,5,13.96,No,Sí,Vegano,Sí,no completo,nburke@example.org,Efectivo,7790,Miranda Villarreal
7356407384,80.0,Femenino,Chicago,Alto,4,58.13,Sí,No,Otro,Sí,460.896.0980x34175,no completo,Efectivo,7216,Misty Clark
1626733282,55.0,Femenino,Chicago,Medio,4,9.51,Sí,Sí,Carnes,No,no completo,no completo,Tarjeta,2077,Gabrielle Robinson
6392453535,35.0,Femenino,Chicago,Alto,6,9.84,Sí,Sí,Carnes,Sí,no completo,richard77@example.com,Efectivo,6539,Brooke Dickson
1044650596,55.0,Masculino,Chicago,Alto,6,58.06,No,Sí,Vegano,No,+1-784-503-1818x8091,kara36@example.com,Tarjeta,6156,David Garcia
7891963447,72.0,Femenino,Chicago,Medio,4,21.73,Sí,No,Mariscos,No,+1-613-415-2112x5720,meyeranthony@example.net,Tarjeta,3025,Stephanie Hernandez
2670817331,48.0,Masculino,Chicago,Muy Alto,7,44.0,Sí,No,Mariscos,Sí,308.207.1660,no completo,Tarjeta,12040,Patrick Meyers
3151271937,70.0,Masculino,Chicago,Alto,6,54.21,Sí,No,Otro,Sí,865-307-0065x403,no completo,App,8117,Donald Rasmussen
1867562781,77.0,Femenino,Chicago,Medio,3,13.56,Sí,No,Vegetariano,No,001-373-204-0326x34308,tiffany06@example.com,Efectivo,2074,Janet Jones
5205879645,70.0,Femenino,Chicago,Alto,5,46.23,No,No,Vegano,Sí,no completo,hollygray@example.org,App,5800,Tiffany Hicks
3297681898,61.0,Masculino,Chicago,Medio,5,19.26,No,Sí,Otro,No,+1-939-620-1617x098,no completo,Efectivo,3281,Kevin Moreno
3345666824,31.0,Masculino,Chicago,Bajo,3,9.73,Sí,Sí,Mariscos,No,no completo,no completo,Efectivo,810,Michael Lowe
2762511121,51.0,Femenino,Chicago,Medio,5,27.64,No,Sí,Otro,No,no completo,kylewebb@example.net,Efectivo,1884,Michelle Huang
9749384328,43.0,Masculino,Chicago,Medio,2,7.74,No,No,Vegano,No,001-524-618-2921x35734,briana66@example.org,Efectivo,1836,Douglas Butler
6551484064,30.0,Femenino,Chicago,Muy Alto,9,91.11,No,Sí,Otro,Sí,no completo,keithgarrett@example.com,Efectivo,12432,Stephanie Navarro
8572703406,73.0,Femenino,Chicago,Alto,4,5.33,Sí,No,Otro,Sí,no completo,no completo,Tarjeta,7889,Michelle Bradford
2425445531,62.0,Femenino,Chicago,Alto,5,58.69,No,No,Carnes,Sí,no completo,no completo,Tarjeta,8166,Peggy Lowe
4323438329,26.0,Femenino,Chicago,Medio,5,8.55,Sí,Sí,Otro,No,350-505-0863x051,no completo,Efectivo,3030,Stephanie Rowland
3993428311,33.0,Masculino,Chicago,Alto,5,49.05,Sí,No,Mariscos,Sí,no completo,hhunter@example.net,Efectivo,5183,Mark Hanson
6107893726,40.0,Femenino,Chicago,Alto,5,25.21,No,Sí,Vegano,No,270.239.3565,no completo,Tarjeta,6408,Sheri Diaz
1361167065,48.0,Masculino,Chicago,Alto,5,34.0,Sí,No,Pescado,Sí,no completo,no completo,App,7508,Thomas Sharp
9697354961,67.0,Femenino,Chicago,Medio,2,10.97,No,Sí,Carnes,No,(226)284-7347,shaungrant@example.com,Efectivo,3190,Kelly Montgomery
8924256519,40.0,Masculino,Chicago,Muy Alto,10,69.32,Sí,No,Pescado,Sí,(254)543-4509,christianross@example.org,Efectivo,12758,Christopher Morton
8858807026,40.0,Masculino,Chicago,Medio,3,15.21,Sí,Sí,Pescado,No,no completo,comptonjane@example.org,Tarjeta,3327,Brandon Baker
6588252632,34.0,Femenino,Chicago,Bajo,3,6.42,No,No,Carnes,No,001-411-440-7537x2322,no completo,Tarjeta,1589,Katie Sullivan
4354557478,60.0,Masculino,Chicago,Medio,3,14.14,No,No,Otro,No,947-416-2354,no completo,App,2479,Joseph Brown
6161112188,35.0,Masculino,Chicago,Alto,4,59.18,No,Sí,Mariscos,Sí,4418941446,hoffmanscott@example.com,Criptomoneda,6125,Phillip Arnold
3596335142,44.0,Masculino,Chicago,Muy Alto,9,6.43,No,Sí,Vegetariano,Sí,no completo,no completo,Efectivo,9804,Tony Wong
1510289448,52.0,Femenino,Chicago,Muy Alto,8,88.99,No,Sí,Mariscos,Sí,891.235.9321,no completo,Tarjeta,11616,Melissa Oliver
5385913137,71.0,Masculino,Chicago,Medio,5,5.2,No,No,Vegetariano,No,(863)791-7099x58727,bradley27@example.net,Tarjeta,2337,David Holmes
7139154182,47.0,Femenino,Chicago,Bajo,3,9.05,No,Sí,Otro,No,+1-359-515-7028x143,sarahpayne@example.com,Efectivo,1290,Pamela Lopez
6734307882,41.0,Masculino,Chicago,Muy Alto,5,47.5,No,Sí,Vegetariano,Sí,(581)203-1176,mtaylor@example.com,App,11128,Mitchell Ward
6691245684,27.0,Masculino,Chicago,Muy Alto,6,16.57,Sí,Sí,Carnes,No,453-785-9831x436,no completo,Efectivo,14936,David Wood
5558819351,77.0,Masculino,Chicago,Alto,4,41.77,No,Sí,Carnes,No,616-470-4571,no completo,Efectivo,4426,Dillon Montgomery
9835824674,56.0,Masculino,Chicago,Muy Alto,10,100.84,Sí,Sí,Pescado,Sí,no completo,owatts@example.com,Efectivo,14349,Anthony Hall
9779326325,63.0,Femenino,Chicago,Alto,5,18.43,Sí,Sí,Carnes,No,no completo,cohenelizabeth@example.org,Tarjeta,7494,Katie Gonzalez
6298758112,77.0,Femenino,Chicago,Medio,4,24.32,No,No,Otro,Sí,(527)853-4706x360,marc76@example.com,Efectivo,3368,Sandra Stephens
9097902298,59.0,Femenino,Chicago,Alto,3,46.28,No,Sí,Otro,Sí,no completo,no completo,App,3894,Patricia Duncan
1067198189,34.0,Masculino,Chicago,Medio,5,22.77,Sí,No,Vegano,No,+1-971-603-8004,no completo,Tarjeta,2955,Robert Williams
1460163367,35.0,Masculino,Chicago,Medio,3,11.86,No,Sí,Vegetariano,No,965.637.5404,rogersmith@example.net,Efectivo,3357,Tony Hinton
1515297776,76.0,Masculino,Chicago,Medio,2,24.76,Sí,Sí,Pescado,No,(350)847-6799x58548,pphillips@example.org,App,3415,Steven Brown
1682757684,64.0,Masculino,Chicago,Medio,5,20.72,No,No,Carnes,No,001-217-975-3185x78198,tyler67@example.com,Tarjeta,2285,Danny Andrews
3506238866,60.0,Femenino,Chicago,Alto,4,41.7,Sí,Sí,Mariscos,No,no completo,enunez@example.com,App,6185,Barbara Williamson
7916425506,76.0,Masculino,Chicago,Muy Alto,10,57.5,Sí,No,Carnes,Sí,(927)604-9186,no completo,Efectivo,14010,Steven Anderson
6017450483,27.0,Masculino,Chicago,Bajo,3,9.67,No,Sí,Vegetariano,No,no completo,jessemaldonado@example.com,App,1130,Cameron Young
6192554454,79.0,Femenino,Chicago,Muy Alto,7,28.29,No,No,Vegetariano,Sí,710.377.5509x201,no completo,Efectivo,17232,Carolyn Romero
1435605571,59.0,Masculino,Chicago,Bajo,3,6.83,Sí,No,Carnes,No,no completo,no completo,App,1074,Christopher Gallagher
8978424374,71.0,Femenino,Chicago,Muy Alto,7,15.3,Sí,Sí,Carnes,No,no completo,cjackson@example.com,Tarjeta,12816,Mary Ware
9296067057,78.0,Femenino,Chicago,Alto,5,50.72,Sí,Sí,Vegetariano,Sí,001-333-606-5635x87154,morgan40@example.org,Tarjeta,6977,Emily Schmidt
7066267665,33.0,Femenino,Chicago,Bajo,2,7.11,No,Sí,Vegetariano,No,(653)704-6614x76817,no completo,App,1288,Katherine Bond
8663429809,73.0,Masculino,Chicago,Muy Alto,10,55.04,No,No,Mariscos,Sí,(588)587-0129x32269,lisaswanson@example.net,Efectivo,17063,Adam Petersen
4763928633,62.0,Femenino,Chicago,Medio,5,13.98,Sí,No,Vegetariano,No,no completo,no completo,Tarjeta,3282,Carla James
5995205693,78.0,Masculino,Chicago,Medio,3,5.09,No,No,Carnes,No,no completo,no completo,Tarjeta,3117,Mitchell Simmons
9003066139,41.0,Masculino,Chicago,Medio,2,25.41,No,No,Carnes,No,001-527-310-8462x7143,adamsjulia@example.com,Tarjeta,1809,Bryan Davis
5398198658,40.0,Masculino,Chicago,Medio,3,26.75,No,No,Carnes,No,575.522.9246x165,no completo,Criptomoneda,1635,George Foley
9484128800,53.0,Masculino,Chicago,Bajo,3,8.95,Sí,Sí,Carnes,No,(271)212-6191,hmendoza@example.net,Efectivo,1191,Bill Carson
4541329631,31.0,Masculino,Chicago,Muy Alto,8,85.55,No,Sí,Vegano,Sí,+1-250-551-7263,mitchelljustin@example.com,Efectivo,16048,Jose Leblanc
5614884023,55.0,Femenino,Chicago,Medio,3,21.41,No,Sí,Otro,Sí,001-492-635-8270,no completo,Efectivo,1744,Stephanie Alvarez
1160385771,80.0,Masculino,Chicago,Bajo,3,8.69,No,Sí,Otro,No,no completo,no completo,Tarjeta,1467,Daniel Smith
4641146413,45.0,Masculino,Chicago,Muy Alto,6,55.02,No,Sí,Carnes,Sí,392-895-7290,larry97@example.net,Efectivo,14213,Dustin Hardin
1552310411,52.0,Masculino,Chicago,Medio,3,29.36,Sí,Sí,Mariscos,Sí,872-409-6502x6528,no completo,Efectivo,2043,Raymond Hale
4036163346,45.0,Masculino,Chicago,Bajo,1,5.07,Sí,Sí,Vegano,No,no completo,no completo,Efectivo,1575,Tyler Garcia
6792865332,57.0,Femenino,Chicago,Alto,5,55.85,Sí,No,Vegano,Sí,(519)635-9625,no completo,App,6658,Christina Wilson
9239159277,23.0,Femenino,Chicago,Medio,4,24.89,Sí,Sí,Pescado,No,no completo,brownjoseph@example.org,Tarjeta,2314,Lisa Salas
6713675882,36.0,Femenino,Chicago,Muy Alto,6,87.92,Sí,Sí,Mariscos,Sí,no completo,no completo,Tarjeta,12437,Alexis Cox
2615680875,40.0,Femenino,Chicago,Bajo,2,9.27,No,No,Vegetariano,Sí,2872617820,no completo,Efectivo,955,Katrina Klein
8586413913,47.0,Masculino,Chicago,Alto,5,5.25,No,No,Vegano,Sí,6133350797,no completo,Tarjeta,8158,Thomas Reyes
9246709525,79.0,Femenino,Chicago,Medio,5,10.04,Sí,No,Carnes,No,no completo,no completo,Efectivo,2142,Jessica Roberts
1659663750,43.0,Masculino,Chicago,Medio,4,27.98,Sí,No,Pescado,No,no completo,kathryn50@example.com,Efectivo,2240,Austin Williamson
3759658057,45.0,Femenino,Chicago,Medio,4,19.75,No,Sí,Carnes,No,no completo,turnerlisa@example.net,Efectivo,3378,Dawn Jones
5358592089,23.0,Femenino,Chicago,Bajo,1,5.35,No,Sí,Carnes,No,no completo,hjohnson@example.org,Efectivo,1240,Lori Martin
1642007038,54.0,Femenino,Chicago,Muy Alto,7,100.72,No,Sí,Mariscos,Sí,605.958.2712,no completo,Efectivo,9177,Sylvia Rodgers
9075512531,62.0,Masculino,Chicago,Alto,5,59.66,Sí,Sí,Otro,Sí,no completo,no completo,Efectivo,3952,David Mckinney
2910594463,47.0,Femenino,Chicago,Medio,4,24.8,Sí,No,Mariscos,Sí,no completo,no completo,Efectivo,1738,Andrea Atkins
3458675898,59.0,Femenino,Chicago,Muy Alto,9,81.11,No,No,Vegetariano,Sí,no completo,stevenknapp@example.com,App,14033,Marie Davis
3853545939,43.0,Femenino,Chicago,Bajo,1,9.01,No,Sí,Mariscos,No,no completo,victor49@example.org,App,1152,Vanessa Powell
5615746104,28.0,Masculino,Chicago,Alto,6,28.48,Sí,Sí,Pescado,No,570.521.3623,plee@example.net,App,8338,Michael Hall
9644630266,55.0,Masculino,Chicago,Medio,4,19.56,Sí,Sí,Pescado,No,no completo,no completo,App,2466,Chad Phillips
9841448679,71.0,Femenino,Chicago,Medio,5,14.35,No,No,Carnes,No,232.733.6155x25565,no completo,App,2621,Michelle Vargas
5418737410,61.0,Masculino,Chicago,Muy Alto,6,46.73,Sí,No,Carnes,No,no completo,smithdana@example.org,App,10243,Jeffrey Lucas
3255736583,50.0,Femenino,Chicago,Alto,4,20.65,No,No,Pescado,Sí,770-358-1239,eoconnor@example.com,Tarjeta,6760,Kara Caldwell
1802138863,36.0,Masculino,Chicago,Bajo,1,8.33,Sí,No,Mariscos,No,no completo,no completo,Tarjeta,931,Scott Reed
8304156673,37.0,Femenino,Chicago,Muy Alto,5,9.75,No,No,Carnes,Sí,no completo,no completo,Efectivo,9132,Kimberly Diaz
6649840375,35.0,Femenino,Chicago,Bajo,1,6.94,No,Sí,Carnes,No,+1-848-637-3614x282,no completo,Tarjeta,962,Kimberly Hernandez
9614632998,50.0,Masculino,Chicago,Muy Alto,9,24.69,No,No,Vegano,Sí,no completo,ngilbert@example.org,Efectivo,15628,Stephen Davis
8788381313,41.0,Femenino,Chicago,Medio,5,22.54,No,Sí,Carnes,No,no completo,no completo,Tarjeta,1707,Laura Rose
6895523232,50.0,Femenino,Chicago,Medio,5,9.28,No,No,Mariscos,No,no completo,no completo,Tarjeta,2023,Kathleen Olson
3228515788,27.0,Masculino,Chicago,Medio,3,25.31,No,Sí,Vegano,No,(870)345-9131,no completo,Tarjeta,2084,Adam Harris
4219957041,41.0,Femenino,Chicago,Medio,5,29.51,Sí,No,Carnes,No,+1-880-267-3669x7996,wrightdenise@example.com,Efectivo,2360,Jody Foster
4843436362,60.0,Femenino,Chicago,Alto,6,11.95,Sí,Sí,Otro,Sí,no completo,heatherporter@example.com,App,5203,Kimberly Henry
1139082827,40.0,Femenino,Chicago,Medio,5,11.89,No,No,Carnes,No,+1-254-819-1143x0070,erika05@example.com,Efectivo,2468,Rachel Carter
9541218115,67.0,Femenino,Chicago,Alto,6,32.94,No,No,Pescado,No,+1-609-722-8789x5723,lisalyons@example.org,App,5304,Megan Smith
5184564874,66.0,Masculino,Chicago,Medio,4,12.04,Sí,No,Vegano,No,no completo,no completo,Tarjeta,2154,Roberto Shaw
7858997343,50.0,Masculino,Chicago,Alto,4,49.8,No,Sí,Otro,No,no completo,courtney63@example.org,Tarjeta,4746,Stephen Clarke
1756345332,70.0,Femenino,Chicago,Bajo,1,8.81,No,Sí,Vegetariano,No,(305)788-6282x7620,no completo,Criptomoneda,1365,Robin Walton
3068007538,36.0,Masculino,Chicago,Medio,3,29.0,No,No,Vegetariano,No,706.962.0159x3667,danielmorales@example.com,Tarjeta,2507,David Jones
8812425482,43.0,Masculino,Chicago,Bajo,3,8.56,No,No,Mariscos,No,001-242-688-7171x11265,lance69@example.org,Efectivo,1195,Reginald Becker
6615791394,63.0,Femenino,Chicago,Alto,6,44.88,No,Sí,Carnes,Sí,no completo,lynn77@example.com,Efectivo,5917,Mary Camacho
7292658995,54.0,Masculino,Chicago,Alto,6,47.6,Sí,Sí,Carnes,Sí,+1-396-889-5504x144,no completo,Tarjeta,5202,David Atkinson
3260842187,27.0,Femenino,Chicago,Alto,4,17.46,No,Sí,Otro,Sí,9218070152,no completo,Tarjeta,4464,Christine Kelley
6165396229,48.0,Femenino,Chicago,Muy Alto,5,96.46,Sí,Sí,Vegano,Sí,no completo,no completo,App,17076,Samantha Lozano
4953200174,79.0,Masculino,Chicago,Alto,6,5.27,Sí,No,Otro,No,no completo,laurachavez@example.net,Efectivo,6029,Stuart Mason
8063854340,24.0,Masculino,Chicago,Medio,4,15.38,Sí,Sí,Vegetariano,No,721.703.7620x1102,jonesdaniel@example.com,App,1967,Charles Jones
2846085277,42.0,Femenino,Chicago,Medio,5,,Sí,Sí,Vegetariano,No,+1-627-438-9028x625,no completo,Efectivo,3410,Carrie Silva
5067288681,77.0,Femenino,Chicago,Medio,5,20.38,No,Sí,Mariscos,No,no completo,zsmith@example.com,App,2285,Alicia Davis
5434046660,64.0,Masculino,Chicago,Alto,6,14.14,No,No,Vegano,No,+1-632-804-9545,no completo,Tarjeta,4311,John Gray
4522669381,55.0,Femenino,Chicago,Muy Alto,8,47.67,Sí,Sí,Vegetariano,Sí,no completo,vmadden@example.com,Tarjeta,10294,Dawn Lloyd
6530318753,32.0,Masculino,Chicago,Medio,3,26.14,Sí,No,Vegano,No,no completo,no completo,Efectivo,3242,David Aguilar
2773545435,77.0,Femenino,Chicago,Muy Alto,8,96.63,Sí,No,Vegetariano,Sí,001-214-317-3799x3323,nataliereese@example.com,App,10690,Karen Jensen
9516893896,45.0,Masculino,Chicago,Medio,2,17.79,Sí,No,Pescado,No,no completo,no completo,Efectivo,1701,Andrew Jennings
8472590428,78.0,Masculino,Chicago,Alto,5,11.6,No,Sí,Pescado,Sí,no completo,no completo,Efectivo,3789,William Bartlett
2777816561,32.0,Femenino,Chicago,Alto,6,31.8,Sí,No,Mariscos,Sí,no completo,roberthensley@example.com,Tarjeta,3959,Kimberly Gordon
6520895998,53.0,Masculino,Chicago,Bajo,2,8.59,Sí,No,Vegetariano,No,201-699-1010x6240,salinasemily@example.com,Efectivo,1077,John Howard
8266252438,52.0,Masculino,Chicago,Medio,5,25.34,Sí,Sí,Vegetariano,No,+1-322-909-0508x324,no completo,Efectivo,1636,Donald Simon
9725510256,66.0,Masculino,Chicago,Bajo,1,8.54,Sí,Sí,Carnes,No,no completo,no completo,Tarjeta,891,Stephen Meyers
7610754145,22.0,Masculino,Chicago,Medio,5,25.76,No,Sí,Pescado,No,no completo,penagregory@example.org,Tarjeta,3466,Thomas Fletcher
5887542842,30.0,Femenino,Chicago,Alto,4,30.93,Sí,Sí,Vegetariano,Sí,no completo,ashelton@example.org,Tarjeta,8603,Michelle Escobar
1683671517,55.0,Femenino,Chicago,Medio,4,17.75,Sí,No,Carnes,No,no completo,sdavis@example.org,Efectivo,3322,Ashley Wood
2167970229,54.0,Masculino,Chicago,Bajo,2,7.01,No,No,Carnes,No,no completo,no completo,App,823,Shaun Olson
4727306207,48.0,Femenino,Chicago,Bajo,2,7.57,No,Sí,Mariscos,No,no completo,no completo,App,1489,Carolyn Cortez
8832777853,43.0,Masculino,Chicago,Alto,6,44.29,Sí,No,Carnes,Sí,+1-475-505-3389,no completo,App,5216,Marc Luna
5328375703,58.0,Femenino,Chicago,Alto,4,21.75,Sí,Sí,Vegetariano,Sí,5448444776,colecharles@example.com,Efectivo,4087,Renee Ochoa
6383227541,44.0,Femenino,Chicago,Muy Alto,3,64.46,No,No,Vegetariano,Sí,001-466-264-8140,no completo,Efectivo,12083,Kristy Christian
7911982700,28.0,Femenino,Chicago,Muy Alto,10,22.1,Sí,Sí,Carnes,Sí,(551)873-8878,terribrown@example.org,Tarjeta,9928,Marisa Miranda
3678781029,45.0,Femenino,Chicago,Muy Alto,7,67.29,Sí,Sí,Otro,Sí,234-611-3780,gcastro@example.com,Tarjeta,15175,Theresa Jimenez
9603781899,26.0,Femenino,Chicago,Bajo,3,6.22,No,Sí,Mariscos,No,no completo,no completo,Efectivo,1260,Alejandra Riley
6521917317,44.0,Femenino,Chicago,Bajo,1,9.49,Sí,Sí,Carnes,No,no completo,no completo,Efectivo,1380,Angela Mendoza
2335984617,69.0,Femenino,Chicago,Muy Alto,9,22.44,Sí,Sí,Pescado,Sí,no completo,no completo,App,13742,Amy Luna
1014477641,18.0,Masculino,Chicago,Medio,3,6.47,No,Sí,Carnes,No,+1-649-880-5237,terri88@example.com,Tarjeta,2797,John Perry
8653848836,27.0,Femenino,Chicago,Bajo,3,5.89,No,Sí,Pescado,No,719-693-6051,no completo,Efectivo,865,Martha Robles
3945654437,36.0,Femenino,Chicago,Bajo,1,9.79,No,No,Carnes,No,(356)312-1122,no completo,Efectivo,1460,Carmen Thomas
7846365089,61.0,Femenino,Chicago,Medio,4,27.74,No,Sí,Carnes,No,978.559.7246,no completo,Efectivo,3270,Adrienne Smith
3991528284,61.0,Masculino,Chicago,Bajo,3,8.98,Sí,No,Carnes,No,no completo,jmurphy@example.com,Tarjeta,1168,Anthony Frazier
6842398927,24.0,Femenino,Chicago,Medio,3,7.21,No,Sí,Carnes,No,+1-520-367-1477x7342,no completo,Tarjeta,2444,Michelle Baker
7342664185,54.0,Masculino,Chicago,Alto,5,49.45,Sí,No,Otro,No,no completo,justinneal@example.net,Efectivo,4391,Jeffrey Williams
4614933836,19.0,Masculino,Chicago,Alto,5,56.31,No,No,Vegetariano,Sí,(645)887-1304x08164,no completo,Efectivo,4128,William Osborne
8023085096,51.0,Masculino,Chicago,Alto,6,34.87,No,No,Vegano,Sí,882-984-7833,wdominguez@example.com,Tarjeta,5638,Theodore Larson
4343752340,21.0,Femenino,Chicago,Medio,3,17.82,No,Sí,Vegano,No,no completo,no completo,App,3134,Sarah Jensen
4621295016,22.0,Masculino,Chicago,Bajo,2,9.22,Sí,Sí,Carnes,No,no completo,no completo,App,1384,Eric Moss
4689642822,35.0,Masculino,Chicago,Muy Alto,6,13.49,No,Sí,Vegetariano,Sí,001-655-674-4663,connie85@example.com,Efectivo,16732,Robert Frazier
9914204506,71.0,Femenino,Chicago,Medio,2,10.5,No,No,Otro,No,no completo,no completo,Tarjeta,2716,Erica Thomas
4312964517,68.0,Masculino,Chicago,Alto,6,30.09,Sí,Sí,Vegetariano,Sí,(626)513-3783x36241,no completo,Tarjeta,4234,Aaron Casey
3896092559,28.0,Femenino,Chicago,Medio,4,18.46,Sí,No,Vegetariano,Sí,778.425.8610x621,ryan37@example.org,App,2160,Monica Cooper
5160575046,78.0,Masculino,Chicago,Muy Alto,9,37.94,Sí,Sí,Pescado,Sí,no completo,no completo,Efectivo,16603,Garrett Douglas
9948433113,18.0,Femenino,Chicago,Bajo,3,8.83,Sí,Sí,Carnes,No,283.545.8466,no completo,Efectivo,1177,Rhonda Buck
7937039588,68.0,Femenino,Chicago,Medio,3,17.87,Sí,Sí,Pescado,No,no completo,chad72@example.net,Criptomoneda,2546,Deanna Ruiz
3516975722,54.0,Femenino,Chicago,Medio,3,27.06,Sí,No,Vegano,No,no completo,no completo,App,2739,Katie Brady
2905584866,78.0,Femenino,Chicago,Medio,5,26.98,No,No,Vegano,No,802.648.9115x6373,no completo,Tarjeta,2903,Nicole Watts
1720578321,77.0,Masculino,Chicago,Alto,5,25.6,No,Sí,Carnes,Sí,no completo,no completo,Efectivo,4137,Robert Nelson
9335510635,54.0,Femenino,Chicago,Medio,5,24.57,No,No,Pescado,No,no completo,amyle@example.org,Tarjeta,2503,Laura Ashley
7129815667,21.0,Femenino,Chicago,Medio,4,25.72,No,No,Vegetariano,No,519-642-2174x4320,glenhickman@example.com,Criptomoneda,1847,Andrea Davidson
1031480001,68.0,Femenino,Chicago,Alto,4,11.3,Sí,Sí,Carnes,Sí,no completo,no completo,Efectivo,8242,Sabrina Lawrence
6208039416,69.0,Femenino,Chicago,Muy Alto,6,,Sí,Sí,Vegetariano,Sí,001-915-265-9943,no completo,App,11327,Suzanne Drake
7487889664,24.0,Masculino,Chicago,Medio,3,25.64,No,No,Carnes,No,817.974.1267,no completo,Tarjeta,3096,Mathew Mejia
9674633671,20.0,Masculino,Chicago,Muy Alto,6,47.1,No,Sí,Mariscos,Sí,+1-808-737-8405x38556,no completo,Tarjeta,12098,Lance Williams
1775424747,67.0,Femenino,Chicago,Alto,4,7.76,No,Sí,Vegetariano,No,4644494053,no completo,Efectivo,5408,Jennifer Young
7472102368,52.0,Femenino,Chicago,Bajo,2,8.01,Sí,Sí,Pescado,No,no completo,ellisonchristina@example.com,Tarjeta,1458,Abigail Clark
1297517576,66.0,Femenino,Chicago,Medio,3,25.47,Sí,Sí,Otro,No,215.358.7209x2779,sonya06@example.com,Efectivo,2963,Samantha Nelson
8130780835,33.0,Masculino,Chicago,Medio,5,27.54,Sí,Sí,Vegano,No,790-368-3712x2812,jacqueline16@example.net,App,1748,Tyler Snyder
1055183168,62.0,Femenino,Chicago,Alto,6,8.03,No,Sí,Mariscos,No,no completo,gward@example.org,Tarjeta,4044,Elizabeth Flynn
2640019499,78.0,Masculino,Chicago,Bajo,2,9.51,Sí,No,Otro,No,no completo,no completo,Efectivo,1075,Willie Paul
5501528110,70.0,Femenino,Chicago,Alto,4,9.29,No,Sí,Vegetariano,No,001-665-558-8768x5256,zbrown@example.com,App,7443,Holly Suarez
5629257824,32.0,Femenino,Chicago,Alto,4,43.21,No,Sí,Carnes,Sí,no completo,kellermelinda@example.net,Tarjeta,6441,Kayla Taylor
3877911915,67.0,Masculino,Chicago,Medio,3,21.61,No,No,Carnes,No,(937)542-3451x885,no completo,Tarjeta,2862,Dakota Hinton
4399321649,25.0,Masculino,Chicago,Muy Alto,7,77.42,Sí,Sí,Carnes,Sí,399.387.3675,iwiggins@example.com,Criptomoneda,10851,Mark Roman
9609562782,22.0,Femenino,Chicago,Muy Alto,10,68.53,No,Sí,Mariscos,Sí,6596071071,davidnash@example.org,Efectivo,12462,Hayley Mueller
5292015249,60.0,Masculino,Chicago,Bajo,2,5.22,Sí,Sí,Carnes,No,no completo,kaitlinayala@example.com,Efectivo,871,Ryan Knight
4691872755,59.0,Masculino,Chicago,Medio,3,18.64,Sí,No,Vegetariano,No,no completo,walter50@example.net,Tarjeta,2120,Cody Fleming
5482740815,35.0,Femenino,Chicago,Alto,5,45.54,No,Sí,Carnes,Sí,(844)721-6920,no completo,Tarjeta,5908,Karen Williams
9737874336,61.0,Masculino,Chicago,Medio,4,25.63,Sí,Sí,Carnes,No,no completo,monicaallen@example.org,Tarjeta,2039,John Herrera
2496246268,22.0,Masculino,Chicago,Muy Alto,7,72.37,No,Sí,Vegetariano,Sí,no completo,no completo,Efectivo,11906,Colton Robinson
4266280363,25.0,Masculino,Chicago,Bajo,3,8.51,No,Sí,Vegetariano,No,963-333-9512x2324,ryan04@example.com,Tarjeta,1178,Timothy Clark
9724305658,71.0,Femenino,Chicago,Alto,4,16.1,Sí,No,Pescado,No,no completo,no completo,Efectivo,4520,Katherine Turner
2242377075,19.0,Masculino,Chicago,Alto,4,52.81,No,Sí,Vegano,Sí,no completo,no completo,Tarjeta,5391,Edward Hernandez
5721935443,24.0,Femenino,Chicago,Alto,5,26.45,No,Sí,Vegetariano,Sí,+1-975-377-1501x66347,cameronrice@example.net,Tarjeta,4921,Christina Freeman
5342553958,28.0,Femenino,Chicago,Bajo,1,7.97,Sí,No,Otro,No,908.933.1413x364,williamschristopher@example.org,App,1246,Christine Holland
7175520429,68.0,Masculino,Chicago,Medio,3,14.61,Sí,Sí,Pescado,No,no completo,michaelburch@example.com,Efectivo,1894,Mark Clay
9850942926,59.0,Masculino,Chicago,Muy Alto,6,68.17,No,Sí,Pescado,Sí,(440)457-2018,no completo,Efectivo,13927,Daniel Lopez
2349641712,50.0,Femenino,Chicago,Medio,2,15.54,No,Sí,Vegetariano,Sí,(740)598-5661x14408,collierdaniel@example.com,Tarjeta,2426,Rachael Martinez
1498017051,50.0,Femenino,Chicago,Alto,4,25.69,Sí,No,Vegetariano,No,896.902.2511x7025,no completo,Tarjeta,4104,Kelly Bailey
3961583650,32.0,Masculino,Chicago,Muy Alto,10,34.82,No,Sí,Carnes,No,no completo,no completo,Efectivo,14770,Thomas Rangel
7784606817,54.0,Femenino,Chicago,Alto,5,16.76,Sí,No,Carnes,Sí,no completo,no completo,Tarjeta,3934,Lisa Franklin
3895535559,47.0,Masculino,Chicago,Bajo,1,5.59,Sí,No,Pescado,No,no completo,hdavidson@example.org,Efectivo,1112,William Bradley
6154414601,80.0,Femenino,Chicago,Bajo,2,5.06,No,No,Otro,No,no completo,vrichardson@example.com,Tarjeta,1022,Theresa Burgess
2774884818,63.0,Femenino,Chicago,Alto,6,12.5,No,Sí,Vegetariano,Sí,4833688277,no completo,Tarjeta,4569,Melissa Benson
6786235370,71.0,Femenino,Chicago,Alto,4,42.84,No,No,Carnes,Sí,no completo,no completo,Efectivo,7119,Jenny Brandt
6654275321,71.0,Masculino,Chicago,Medio,5,25.46,Sí,No,Carnes,No,400.791.4998x086,tyler87@example.net,App,2735,Robert Hicks
3555040867,44.0,Femenino,Chicago,Alto,6,48.38,No,No,Mariscos,Sí,+1-445-950-7933x571,no completo,Efectivo,4212,Sarah Davis
5725309003,80.0,Masculino,Chicago,Alto,5,15.0,No,Sí,Mariscos,No,no completo,nstanton@example.net,Tarjeta,4019,William Cruz
5982987738,27.0,Masculino,Chicago,Medio,4,19.55,No,Sí,Mariscos,Sí,(457)931-6400x05113,no completo,App,1941,James Nicholson
2177712008,56.0,Masculino,Chicago,Medio,2,16.08,Sí,Sí,Carnes,No,+1-719-970-1101x631,kathleen94@example.net,Efectivo,2520,James Herring
5956804471,45.0,Femenino,Chicago,Medio,3,26.7,Sí,No,Otro,No,928.959.4061,powerschristine@example.com,App,1731,Tracy Silva
2466684707,22.0,Masculino,Chicago,Medio,2,16.83,No,Sí,Vegetariano,No,(458)702-4503,no completo,Efectivo,3445,Steven Russell
4085186537,77.0,Femenino,Chicago,Muy Alto,7,53.84,Sí,Sí,Pescado,Sí,no completo,no completo,App,13960,Gabrielle Heath
9726862845,52.0,Femenino,Chicago,Muy Alto,7,24.7,Sí,No,Mariscos,Sí,no completo,katherinecarlson@example.com,Efectivo,13818,Cynthia Warren
4688530312,59.0,Masculino,Chicago,Medio,5,25.16,No,Sí,Vegetariano,No,no completo,no completo,Tarjeta,1614,Allen Reyes
2493630644,64.0,Femenino,Chicago,Medio,5,17.84,No,Sí,Mariscos,No,no completo,no completo,Efectivo,2543,Taylor Davis
7158510019,19.0,Masculino,Chicago,Medio,2,14.83,Sí,No,Pescado,No,416.769.8524,pcarter@example.com,Efectivo,2357,David Jacobs
3608683528,44.0,Femenino,Chicago,Bajo,2,6.88,No,No,Carnes,No,no completo,no completo,App,1475,Sarah Hancock
3515205852,62.0,Masculino,Chicago,Bajo,1,7.4,Sí,Sí,Mariscos,No,691-847-1348,zachary64@example.net,Tarjeta,1596,Jose Sawyer
1753911995,28.0,Masculino,Chicago,Alto,6,6.65,No,Sí,Vegetariano,Sí,715-608-3813x18379,no completo,Efectivo,5995,Terry Hill
2597574443,55.0,Masculino,Chicago,Muy Alto,5,17.94,Sí,Sí,Vegano,Sí,(533)799-4790x011,czimmerman@example.net,Efectivo,17827,John Parsons
1997216402,62.0,Masculino,Chicago,Alto,4,37.77,Sí,Sí,Vegetariano,Sí,no completo,no completo,Tarjeta,3853,Manuel Jones
3623960525,49.0,Femenino,Chicago,Alto,5,22.77,No,No,Vegetariano,Sí,710.656.5549,barbarabrooks@example.org,Efectivo,7009,Anna Romero
2537971916,38.0,Femenino,Chicago,Medio,5,29.14,Sí,No,Carnes,Sí,001-255-403-8209x038,michael91@example.org,Efectivo,3406,Deborah Shaw
1729436734,31.0,Masculino,Chicago,Medio,4,17.16,Sí,Sí,Carnes,No,+1-643-257-6124x6740,no completo,App,3441,Steven Santiago
8284957430,54.0,Femenino,Chicago,Muy Alto,5,93.41,No,No,Vegano,Sí,482.529.0199,no completo,Tarjeta,12746,Denise Koch
3586099384,35.0,Femenino,Chicago,Alto,5,11.28,No,No,Vegano,Sí,760-238-6773,no completo,Tarjeta,8145,Angela Robinson
3185386258,72.0,Femenino,Chicago,Alto,5,16.56,Sí,Sí,Carnes,Sí,001-754-870-1161,donorr@example.net,Efectivo,6969,Beverly Meza
8779941999,33.0,Femenino,Chicago,Muy Alto,8,66.01,Sí,Sí,Carnes,Sí,no completo,no completo,Tarjeta,11352,Annette Sims
1768980818,26.0,Femenino,Chicago,Alto,4,28.13,Sí,Sí,Vegetariano,No,285.727.4293,rhondarodriguez@example.org,App,8643,Vanessa Ortiz
4191172361,78.0,Masculino,Chicago,Alto,5,41.49,No,Sí,Carnes,No,no completo,no completo,Criptomoneda,5956,Tyler Scott
2367255718,44.0,Masculino,Chicago,Alto,4,55.24,No,Sí,Vegetariano,No,no completo,castrojeffery@example.net,Tarjeta,5755,Darren Williams
4677125037,71.0,Femenino,Chicago,Medio,4,21.71,No,Sí,Carnes,No,no completo,jennifer69@example.com,Tarjeta,2284,Emily Cunningham
7274104071,58.0,Masculino,Chicago,Bajo,3,7.73,Sí,Sí,Carnes,No,no completo,no completo,Tarjeta,1038,Angel Stevenson
2998662466,46.0,Femenino,Chicago,Medio,4,18.11,No,Sí,Carnes,No,512.574.4057,no completo,Tarjeta,2370,Natalie Dominguez
1164438536,59.0,Masculino,Chicago,Alto,5,55.2,Sí,Sí,Otro,No,no completo,smithangela@example.net,Tarjeta,4807,Anthony Hensley
8716478411,74.0,Masculino,Chicago,Muy Alto,7,34.63,Sí,Sí,Otro,Sí,(357)248-4145,no completo,Efectivo,17057,Todd Thompson
8412044740,35.0,Femenino,Chicago,Muy Alto,6,6.86,Sí,No,Carnes,Sí,(298)770-7379,no completo,Efectivo,17998,Mary Finley
7229869819,33.0,Masculino,Chicago,Alto,4,54.55,Sí,Sí,Mariscos,Sí,no completo,no completo,App,8592,Joshua Austin
6458983423,35.0,Femenino,Chicago,Medio,5,25.48,No,Sí,Vegano,No,no completo,no completo,Efectivo,2711,Jennifer Brennan
1599885633,77.0,Femenino,Chicago,Medio,4,5.23,No,No,Vegano,No,496.216.8411x05193,nicholasharper@example.org,App,2430,Sharon Cortez
9119796208,42.0,Femenino,Chicago,Alto,4,51.18,No,Sí,Pescado,Sí,560.913.2967,jenniferwilliams@example.org,Tarjeta,4830,Sandra Thomas
3856190108,58.0,Femenino,Chicago,Alto,5,36.89,Sí,No,Carnes,Sí,+1-440-944-4224x12404,no completo,Criptomoneda,7784,Stephanie Howard
3131117034,23.0,Masculino,Chicago,Muy Alto,5,27.9,No,No,Otro,Sí,3817391824,miranda58@example.net,Efectivo,12181,Michael Bell
1111691218,54.0,Masculino,Chicago,Medio,2,8.73,Sí,Sí,Mariscos,Sí,no completo,no completo,Efectivo,3245,Thomas Vazquez
1052580947,48.0,Femenino,Chicago,Alto,5,34.07,Sí,Sí,Pescado,Sí,+1-942-460-0405x5849,no completo,Efectivo,7199,Denise Day
3583310753,48.0,Femenino,Chicago,Alto,4,33.25,Sí,No,Carnes,Sí,390-557-1772x5655,laura14@example.org,Efectivo,6821,Megan Wright
8048810275,42.0,Masculino,Chicago,Alto,4,14.76,No,No,Carnes,No,no completo,mark80@example.net,Efectivo,6141,Roger Merritt
2393727379,59.0,Femenino,Chicago,Muy Alto,9,36.88,No,No,Vegetariano,Sí,no completo,no completo,App,11269,Lindsay Hensley
2904308418,57.0,Masculino,Chicago,Bajo,2,6.06,Sí,Sí,Carnes,No,no completo,no completo,App,823,Brady Perez
8934559505,35.0,Femenino,Chicago,Medio,4,15.4,No,No,Pescado,No,(578)788-6965,no completo,Efectivo,3085,Briana Mullins
8549324944,24.0,Masculino,Chicago,Bajo,2,6.4,No,Sí,Pescado,No,840-422-4792x487,tlee@example.com,Tarjeta,1570,Mitchell Yu
6293627385,64.0,Femenino,Chicago,Medio,5,9.37,Sí,Sí,Pescado,Sí,no completo,no completo,Efectivo,3473,Laura Bailey
4544344265,36.0,Masculino,Chicago,Alto,6,45.16,No,No,Vegano,No,(372)253-7425x36555,no completo,Efectivo,3995,Micheal Robinson
6783367332,28.0,Masculino,Chicago,Medio,5,28.57,Sí,Sí,Vegano,No,945-615-6206,ywilliams@example.org,App,3467,Jack Stephenson
7299420031,23.0,Masculino,Chicago,Alto,5,49.46,Sí,Sí,Carnes,No,384-654-6240,no completo,Efectivo,5064,Robert Garcia
7563042060,26.0,Masculino,Chicago,Medio,2,10.15,No,Sí,Otro,No,no completo,castroandrew@example.net,Efectivo,2763,Daniel Fisher
9657075293,79.0,Masculino,Chicago,Alto,4,34.78,Sí,No,Otro,Sí,912-226-9705x8081,qryan@example.com,Tarjeta,6207,Wesley Armstrong
1610712339,71.0,Masculino,Chicago,Muy Alto,3,57.33,Sí,Sí,Vegano,No,no completo,no completo,Efectivo,13029,Keith Cervantes
7113967766,19.0,Femenino,Chicago,Medio,3,8.45,Sí,Sí,Carnes,No,no completo,no completo,Tarjeta,2734,Julie Cervantes
3804234284,34.0,Femenino,Chicago,Medio,3,22.43,No,No,Carnes,No,(471)360-3195x5435,qmullins@example.net,App,3076,Carolyn Brown
3242374038,30.0,Femenino,Chicago,Alto,4,5.06,Sí,Sí,Pescado,No,618-934-1305,andrew12@example.net,Tarjeta,8456,Heather Contreras
3693254688,58.0,Femenino,Chicago,Medio,5,20.39,No,Sí,Vegetariano,Sí,674.686.7948x499,no completo,Tarjeta,2617,Katherine Jensen
2064521454,66.0,Femenino,Chicago,Alto,5,59.86,Sí,Sí,Carnes,No,+1-984-576-2675,tatebilly@example.org,Tarjeta,8159,Jacqueline Lee
8550388932,66.0,Femenino,Chicago,Bajo,2,9.78,Sí,Sí,Vegetariano,No,601.490.4802,no completo,App,970,Veronica Terry
2257246129,44.0,Masculino,Chicago,Alto,6,12.01,No,Sí,Vegetariano,Sí,no completo,stricklandryan@example.com,Efectivo,7602,John Tran
6297234154,62.0,Femenino,Chicago,Muy Alto,6,15.88,No,No,Carnes,Sí,215.358.7209x2779,martinezrobert@example.net,Efectivo,16892,Samantha Nelson
1667481322,54.0,Femenino,Chicago,Muy Alto,9,55.99,Sí,No,Vegano,Sí,no completo,no completo,Efectivo,10701,Tammy Choi
6412639751,66.0,Masculino,Chicago,Medio,3,16.19,Sí,Sí,Carnes,No,no completo,no completo,Tarjeta,2577,Dalton Miller
5336547548,38.0,Femenino,Chicago,Alto,4,58.15,No,Sí,Vegetariano,No,+1-429-714-9394x088,brittanyanderson@example.net,Tarjeta,4863,Shelia Anderson
7204819268,65.0,Masculino,Chicago,Medio,2,23.82,Sí,No,Carnes,Sí,411-779-4892x9838,ebarrett@example.org,Efectivo,2548,Robert Bolton
9482838229,39.0,Femenino,Chicago,Alto,6,19.09,Sí,No,Mariscos,Sí,(339)360-0895x753,no completo,Efectivo,4666,Judy Spence
3105367971,34.0,Femenino,Chicago,Muy Alto,7,99.79,Sí,No,Carnes,Sí,no completo,no completo,Efectivo,16700,Patricia Keller
8687792244,79.0,Femenino,Chicago,Medio,5,25.27,No,Sí,Carnes,Sí,(648)806-8551,carlsondenise@example.net,App,2173,Tiffany Vazquez
1641766950,59.0,Femenino,Chicago,Medio,2,26.61,Sí,Sí,Vegano,No,+1-940-810-3069x6452,no completo,App,1644,Alexandria Williams
2982979741,28.0,Femenino,Chicago,Alto,5,34.06,Sí,Sí,Carnes,Sí,no completo,no completo,Efectivo,4444,Jasmine Lozano
7829772942,72.0,Masculino,Chicago,Medio,4,27.65,Sí,Sí,Vegano,Sí,267-384-0556x11180,amber85@example.net,App,2908,James Reynolds
8376388529,51.0,Femenino,Chicago,Alto,4,25.98,No,Sí,Vegetariano,Sí,(660)894-5600,blanchardkimberly@example.net,Tarjeta,6967,Lori Hicks
3577537135,63.0,Femenino,Chicago,Medio,4,9.03,No,Sí,Vegetariano,No,no completo,jesse21@example.net,Efectivo,1900,April Poole
2075951553,49.0,Femenino,Chicago,Medio,2,24.73,No,Sí,Carnes,No,no completo,no completo,Efectivo,2333,Leah Wilkerson
4274674309,72.0,Femenino,Chicago,Alto,6,12.52,No,Sí,Carnes,Sí,+1-408-301-8765x2823,jefferybriggs@example.com,Tarjeta,4644,Kimberly Daniels
6241327333,57.0,Masculino,Chicago,Medio,3,20.86,Sí,No,Otro,No,no completo,jerrymooney@example.com,Efectivo,2974,James Moore
1774350839,19.0,Femenino,Chicago,Bajo,3,9.39,Sí,Sí,Vegetariano,No,no completo,penajoshua@example.net,App,1156,Stacey Scott
6260969219,40.0,Masculino,Chicago,Medio,4,5.33,No,No,Otro,No,no completo,wterry@example.com,Tarjeta,2247,Erik Velazquez
8831789409,49.0,Masculino,Chicago,Medio,2,7.32,Sí,Sí,Carnes,No,no completo,jennifergeorge@example.com,Efectivo,3388,Stephen Reyes
3515554824,78.0,Femenino,Chicago,Medio,4,19.89,No,Sí,Mariscos,No,256-663-0906x6958,jennifer36@example.net,App,2321,Jennifer Wood
1539973046,48.0,Masculino,Chicago,Bajo,2,7.48,No,Sí,Otro,No,692.545.9012,carrjacob@example.net,Efectivo,1021,Andrew Rogers
9630667064,58.0,Femenino,Chicago,Alto,5,14.1,Sí,Sí,Vegetariano,No,no completo,vasquezvictor@example.com,App,5749,Erin Lynn
3791027186,32.0,Masculino,Chicago,Alto,5,45.64,No,Sí,Carnes,No,no completo,vnelson@example.org,App,4337,Aaron Lewis
3445528716,66.0,Femenino,Chicago,Medio,3,11.63,No,Sí,Carnes,No,no completo,amysmith@example.com,Efectivo,1828,Tracey Russell
2921725848,57.0,Masculino,Chicago,Alto,5,27.7,No,No,Otro,Sí,no completo,no completo,Efectivo,5921,Jesus Kirk
6826100512,20.0,Masculino,Chicago,Alto,6,32.24,No,Sí,Carnes,Sí,510-271-4586x7207,brandibenton@example.com,Efectivo,5654,Leonard Bishop
6556335281,76.0,Femenino,Chicago,Muy Alto,7,47.6,No,No,Vegetariano,Sí,no completo,obrienkimberly@example.net,Tarjeta,17392,Stacy Welch
2507978229,27.0,Femenino,Chicago,Alto,5,17.44,No,Sí,Carnes,Sí,893-515-9616x44345,no completo,Efectivo,6872,Mary Gilbert
4314880447,53.0,Femenino,Chicago,Muy Alto,6,46.44,No,Sí,Vegano,Sí,no completo,xgriffin@example.org,Tarjeta,15698,Abigail White
2197826153,33.0,Femenino,Chicago,Bajo,3,6.73,Sí,Sí,Carnes,No,no completo,no completo,Efectivo,1211,Kristen Harrington
2150869943,31.0,Femenino,Chicago,Muy Alto,6,52.39,No,Sí,Vegano,Sí,no completo,no completo,Tarjeta,13144,Carrie Armstrong
1357826917,65.0,Femenino,Chicago,Medio,3,18.99,Sí,Sí,Vegetariano,Sí,no completo,dianethompson@example.org,App,3333,Jennifer Webb
5385564387,33.0,Masculino,Chicago,Bajo,2,6.57,No,Sí,Mariscos,No,no completo,no completo,Efectivo,1499,Gary Davis
1980034265,34.0,Masculino,Chicago,Alto,6,26.03,No,No,Vegetariano,Sí,992.637.1886,lorimoore@example.com,Tarjeta,8533,Randall Torres
2239339607,43.0,Femenino,Chicago,Bajo,3,5.93,No,Sí,Vegetariano,No,001-243-258-6219x611,no completo,Tarjeta,1167,Taylor Pollard
2660370935,71.0,Femenino,Chicago,Alto,6,14.32,No,Sí,Mariscos,Sí,(853)512-0344x625,no completo,Tarjeta,8685,Jacqueline Pittman
3631121893,41.0,Masculino,Chicago,Muy Alto,8,48.99,No,No,Carnes,Sí,(449)968-1832x2908,no completo,Tarjeta,17858,Mitchell Proctor
7835089112,41.0,Masculino,Chicago,Medio,2,8.4,Sí,No,Vegetariano,No,+1-998-323-2588x27666,no completo,App,3058,Jason Clark
2923119772,55.0,Masculino,Chicago,Medio,5,14.68,Sí,Sí,Carnes,Sí,no completo,no completo,Efectivo,3468,Michael Blackburn
5274901251,40.0,Femenino,Chicago,Muy Alto,7,101.02,Sí,No,Vegetariano,Sí,no completo,no completo,Tarjeta,17040,Caitlin Hawkins
3609326041,56.0,Femenino,Chicago,Medio,4,8.31,No,No,Carnes,No,no completo,no completo,Tarjeta,2193,Alexis Banks
9715198114,63.0,Masculino,Chicago,Alto,6,47.04,Sí,Sí,Pescado,Sí,602.471.4361x27874,nwade@example.com,Efectivo,5346,Michael Watson
1399546384,30.0,Masculino,Chicago,Medio,3,6.65,No,Sí,Pescado,No,340-873-5366x46284,lhill@example.com,App,2112,Timothy Ramos
3755226769,50.0,Femenino,Chicago,Bajo,2,7.34,Sí,No,Carnes,No,no completo,no completo,Tarjeta,1095,Vanessa Thompson
5535719338,41.0,Masculino,Chicago,Muy Alto,9,50.08,Sí,No,Carnes,Sí,no completo,no completo,Efectivo,9326,William Costa
1839955747,39.0,Femenino,Chicago,Alto,5,6.47,No,Sí,Vegetariano,No,no completo,no completo,Efectivo,5036,Erica Rojas
5797146117,34.0,Masculino,Chicago,Medio,4,7.96,Sí,No,Vegetariano,No,no completo,dianalopez@example.com,Efectivo,3184,Mark Hudson
8173099534,54.0,Femenino,Chicago,Medio,5,26.61,Sí,No,Mariscos,No,no completo,no completo,Tarjeta,3423,Heidi Marquez
7537130187,45.0,Femenino,Chicago,Medio,4,14.66,No,No,Carnes,No,no completo,no completo,Efectivo,3314,Hannah Burke
3505166183,35.0,Femenino,Chicago,Bajo,1,7.69,No,Sí,Carnes,No,(494)200-5491x36683,klinecarl@example.org,Efectivo,1472,Elizabeth Hatfield
6981094465,34.0,Femenino,Chicago,Alto,6,23.57,No,Sí,Carnes,Sí,8569672870,brianmullins@example.com,App,6736,Gail Lee
6927279595,56.0,Masculino,Chicago,Muy Alto,9,34.2,Sí,Sí,Pescado,Sí,(656)547-1388,stacy15@example.org,Tarjeta,11867,Rodney Brown
1441048728,65.0,Masculino,Chicago,Medio,3,19.26,Sí,Sí,Otro,No,no completo,natashacooper@example.com,Efectivo,2674,William White
6581198987,63.0,Masculino,Chicago,Medio,2,27.53,Sí,No,Carnes,No,no completo,debraparker@example.org,Tarjeta,2614,Matthew Barnett
1267312050,27.0,Masculino,Chicago,Muy Alto,6,37.79,Sí,Sí,Mariscos,Sí,001-382-672-6941x74386,gregorypeterson@example.net,Tarjeta,15021,Thomas Gutierrez
6381757026,27.0,Masculino,Chicago,Bajo,1,5.52,No,No,Otro,No,no completo,xdavis@example.net,Efectivo,1220,Michael Chapman
4928726409,29.0,Femenino,Chicago,Medio,2,26.91,No,Sí,Mariscos,No,no completo,jaywhite@example.org,Efectivo,2956,Julie Martin
6570981737,47.0,Femenino,Chicago,Muy Alto,5,62.15,Sí,No,Vegetariano,Sí,no completo,no completo,Efectivo,16697,Kristen Delacruz
9461708554,54.0,Masculino,Chicago,Muy Alto,6,56.32,No,No,Carnes,Sí,833-884-0586x0782,smithjason@example.com,Efectivo,16272,Garrett Diaz
8062791807,66.0,Femenino,Chicago,Bajo,2,5.46,Sí,Sí,Otro,No,508-899-6361x1148,no completo,Tarjeta,1207,Roberta Johnson
8993860620,41.0,Masculino,Chicago,Alto,4,33.73,Sí,Sí,Pescado,No,001-777-611-0169x2825,no completo,App,4003,Gary Kelly
5039038239,22.0,Femenino,Chicago,Medio,3,25.75,No,Sí,Vegetariano,No,no completo,no completo,App,2914,Kristine Guerrero
9125975646,27.0,Masculino,Chicago,Alto,6,28.15,Sí,Sí,Vegano,Sí,705.811.2373x29334,connor47@example.net,App,5874,Richard Brown
2870403050,76.0,Femenino,Chicago,Medio,2,15.09,No,No,Carnes,No,583.939.1054x65813,thomastracy@example.com,Tarjeta,2986,Sue Thomas
4527619641,42.0,Masculino,Chicago,Medio,3,5.85,Sí,Sí,Carnes,No,333-653-4586x84167,no completo,Tarjeta,3024,Jeffrey Herrera
7126966750,24.0,Masculino,Chicago,Medio,3,12.03,Sí,Sí,Carnes,No,554-207-3624x5112,jmason@example.com,Criptomoneda,2646,Kristopher Shelton
8513391357,54.0,Femenino,Chicago,Medio,3,20.21,No,No,Carnes,No,+1-220-704-0116x370,no completo,Tarjeta,1678,Nicole Schneider
9348252752,47.0,Femenino,Chicago,Alto,4,7.32,No,No,Vegetariano,Sí,no completo,howellkelsey@example.org,Efectivo,7879,Tiffany Kelley
1630243755,56.0,Masculino,Chicago,Medio,5,13.42,No,Sí,Otro,No,+1-508-537-2706,no completo,Tarjeta,3319,Alexander Chapman
2796767276,75.0,Femenino,Chicago,Alto,5,57.72,No,Sí,Pescado,Sí,(411)917-2558,no completo,App,3968,Heather Owens
7689653425,47.0,Masculino,Chicago,Alto,4,50.67,No,Sí,Mariscos,Sí,5223269986,no completo,App,3792,William Schmidt
7395715470,47.0,Femenino,Chicago,Alto,4,19.89,No,Sí,Carnes,Sí,+1-259-976-4809,no completo,Efectivo,3965,Victoria Cox
9561936242,31.0,Femenino,Chicago,Medio,5,29.05,No,Sí,Mariscos,No,no completo,zedwards@example.org,App,2820,Heidi Daniel
2885370603,39.0,Masculino,Chicago,Alto,5,11.26,Sí,No,Carnes,Sí,3487814371,ahenson@example.org,App,5351,Bradley Ross
4258211282,19.0,Masculino,Chicago,Muy Alto,8,98.53,No,Sí,Mariscos,Sí,no completo,sharpjeffrey@example.com,Tarjeta,14494,Anthony Zavala
8285000265,48.0,Masculino,Chicago,Alto,6,,Sí,No,Vegetariano,Sí,no completo,no completo,Tarjeta,3676,Thomas Bell
5057237212,75.0,Masculino,Chicago,Medio,4,23.83,No,Sí,Otro,No,686.204.2883,olewis@example.com,Tarjeta,2902,Frank Reynolds
6130802891,65.0,Masculino,Chicago,Alto,6,5.4,No,Sí,Pescado,Sí,642.298.9568,caroline97@example.org,App,5343,Alexander Goodman
8963764550,34.0,Masculino,Chicago,Muy Alto,7,97.55,Sí,Sí,Otro,Sí,no completo,no completo,App,12960,George Lewis
2613385303,63.0,Masculino,Chicago,Bajo,3,5.81,Sí,No,Vegetariano,No,no completo,yjohnston@example.net,Tarjeta,1166,Stephen Davidson
7633210085,44.0,Masculino,Chicago,Medio,5,27.01,No,Sí,Mariscos,Sí,001-248-244-4066x814,uescobar@example.com,Tarjeta,2186,Christopher Decker
5629152600,37.0,Femenino,Chicago,Alto,5,10.3,Sí,No,Vegano,No,001-360-236-0384x442,jlee@example.net,App,3722,Sarah Wyatt
3691907159,47.0,Femenino,Chicago,Alto,5,11.38,Sí,No,Vegetariano,No,no completo,vmiller@example.net,Tarjeta,6990,Laura Gibson
8194515431,21.0,Femenino,Chicago,Bajo,3,5.32,No,No,Carnes,No,no completo,no completo,Tarjeta,1246,Teresa Newman
1600406558,61.0,Masculino,Chicago,Medio,4,14.57,Sí,No,Carnes,No,no completo,no completo,Efectivo,2472,Devin Perez
6354103244,79.0,Femenino,Chicago,Medio,2,26.62,Sí,Sí,Pescado,No,861.791.2653x0866,karenmaldonado@example.com,App,2070,Rachael Brewer
2477768153,40.0,Femenino,Chicago,Muy Alto,7,49.0,Sí,No,Mariscos,Sí,(271)458-9765x17575,amanda74@example.com,App,15183,Kristen Jones
5666668985,44.0,Masculino,Chicago,Muy Alto,7,11.81,No,No,Carnes,Sí,no completo,no completo,Tarjeta,16825,Ryan Henderson
2678685838,19.0,Femenino,Chicago,Medio,2,25.88,No,Sí,Carnes,No,+1-989-945-2552x4981,brenda01@example.com,Efectivo,2545,Meghan Austin
8598524050,32.0,Femenino,Chicago,Medio,5,21.08,No,Sí,Pescado,No,711-346-4355x77952,kellywolfe@example.net,Efectivo,3054,Kristin Wheeler
9295007661,24.0,Masculino,Chicago,Medio,3,10.2,Sí,Sí,Carnes,No,no completo,no completo,Efectivo,2576,Jeremiah Johnson
9720163152,41.0,Femenino,Chicago,Alto,5,47.79,No,Sí,Vegetariano,Sí,608-508-1898,franciscowilliams@example.com,Tarjeta,3509,Jessica Thompson
8031779095,37.0,Femenino,Chicago,Medio,3,9.58,No,Sí,Vegano,No,(249)876-3002x03770,no completo,Tarjeta,2531,Molly Stein
6698204494,47.0,Femenino,Chicago,Muy Alto,7,51.89,No,No,Pescado,Sí,356.260.9751x15448,johnsonamanda@example.com,Efectivo,12626,Robin Contreras
5323593724,80.0,Femenino,Chicago,Muy Alto,10,97.73,No,No,Mariscos,Sí,5474273928,kelseytaylor@example.net,Efectivo,9427,Jennifer Snyder
7601519165,50.0,Femenino,Chicago,Bajo,2,7.84,No,Sí,Pescado,No,(436)249-7105,no completo,Tarjeta,804,Melissa Howe
8945894167,24.0,Masculino,Chicago,Medio,2,25.26,No,Sí,Vegano,No,no completo,no completo,App,3041,Brian Anthony
6879780418,34.0,Masculino,Chicago,Medio,4,20.12,Sí,No,Carnes,Sí,no completo,mathewgonzalez@example.com,App,2294,Kyle Wheeler
2891485862,64.0,Femenino,Chicago,Medio,3,22.8,Sí,Sí,Vegetariano,No,+1-494-364-2150x49035,eric10@example.com,Efectivo,2897,Kristen Bush
6200536621,34.0,Femenino,Chicago,Medio,2,11.91,Sí,Sí,Vegano,Sí,686.301.4742x3862,james97@example.com,Efectivo,2477,Amanda Jackson
2939053184,44.0,Femenino,Chicago,Bajo,2,5.36,Sí,Sí,Carnes,No,no completo,andrewgilmore@example.net,App,1288,Kathy Mcpherson
7258917304,29.0,Masculino,Chicago,Alto,4,10.61,Sí,Sí,Carnes,Sí,no completo,no completo,Efectivo,7921,Henry Gonzalez
5693990003,62.0,Masculino,Chicago,Muy Alto,9,87.62,Sí,Sí,Vegetariano,Sí,no completo,mcphersonandrew@example.org,Efectivo,15563,Michael Gonzalez
6886292931,45.0,Masculino,Chicago,Alto,6,55.52,No,Sí,Carnes,Sí,no completo,gwashington@example.net,Efectivo,7331,Terry Carroll
3452015472,23.0,Masculino,Chicago,Muy Alto,10,26.62,No,Sí,Carnes,Sí,(214)676-7909,erodriguez@example.com,Efectivo,10958,Chad Jones
3179450816,37.0,Femenino,Chicago,Medio,4,17.92,No,No,Carnes,No,(807)311-0353x4079,no completo,Efectivo,3022,Tamara Mills
8341210227,50.0,Femenino,Chicago,Muy Alto,8,37.58,Sí,No,Carnes,Sí,(738)654-4583x5127,no completo,Tarjeta,17673,Katie Saunders
9380859857,68.0,Femenino,Chicago,Medio,5,28.51,No,Sí,Vegetariano,No,no completo,brendabell@example.org,App,2276,Erin Bell
6135709934,34.0,Masculino,Chicago,Medio,2,9.9,No,No,Otro,No,(308)808-0248x9755,no completo,Tarjeta,2091,Sean Steele
8192642678,22.0,Masculino,Chicago,Muy Alto,6,94.46,Sí,Sí,Mariscos,Sí,369-864-1119x418,no completo,Efectivo,10241,Michael Padilla
4103653761,51.0,Femenino,Chicago,Medio,3,19.57,No,No,Vegetariano,No,no completo,no completo,App,2058,Alexa Thompson
6546608398,67.0,Masculino,Chicago,Medio,2,15.37,No,Sí,Vegetariano,No,no completo,no completo,Efectivo,1856,Joseph Pena
5076173494,19.0,Masculino,Chicago,Alto,6,12.91,No,Sí,Vegano,Sí,no completo,no completo,App,6083,Dakota Glover
5984293531,37.0,Masculino,Chicago,Medio,5,12.9,Sí,No,Carnes,No,+1-530-417-2230x8276,no completo,App,1910,Ruben Rios
6673825968,39.0,Masculino,Chicago,Alto,4,47.07,No,Sí,Vegano,Sí,no completo,no completo,App,4192,James Dougherty
7033153366,73.0,Masculino,Chicago,Alto,4,49.21,No,Sí,Mariscos,Sí,no completo,davidmartinez@example.com,Efectivo,7348,Mark Long
4895855358,56.0,Femenino,Chicago,Muy Alto,10,44.75,No,Sí,Vegetariano,Sí,no completo,laura38@example.net,Tarjeta,11945,Lynn Smith
7112170507,42.0,Masculino,Chicago,Alto,4,32.8,Sí,No,Carnes,No,no completo,no completo,App,6535,John Smith
5641648217,18.0,Femenino,Chicago,Bajo,3,7.52,Sí,Sí,Carnes,No,+1-776-402-3346,no completo,Tarjeta,1258,Beverly Hutchinson
6659127769,35.0,Masculino,Chicago,Medio,3,10.23,No,Sí,Mariscos,No,(679)458-6875x199,no completo,Tarjeta,1616,Brian Mccann
5756727052,43.0,Masculino,Chicago,Alto,6,29.86,Sí,Sí,Mariscos,Sí,001-684-564-1406x07219,chantodd@example.net,Tarjeta,7169,Joshua Reed
5428855031,35.0,Femenino,Chicago,Medio,3,9.97,No,No,Carnes,Sí,no completo,no completo,Efectivo,2632,Patricia Acosta
6886609703,37.0,Masculino,Chicago,Medio,3,28.93,No,Sí,Mariscos,No,no completo,tyler45@example.com,Tarjeta,2857,Dillon Williams
2875723257,58.0,Masculino,Chicago,Alto,5,6.49,No,Sí,Mariscos,Sí,5217626080,michael74@example.com,App,8369,Scott Mitchell
2153273805,28.0,Masculino,Chicago,Bajo,3,8.3,No,Sí,Vegetariano,No,001-663-469-5884x34730,regina16@example.net,Efectivo,1276,John Casey
1638384385,43.0,Masculino,Chicago,Bajo,2,8.82,No,Sí,Otro,No,001-642-529-0318x94917,no completo,Efectivo,1175,Scott Clark
4691002694,43.0,Masculino,Chicago,Medio,5,9.17,Sí,No,Pescado,No,956-565-3431x869,luke08@example.net,Tarjeta,2457,Nicholas Moore
6354673685,39.0,Femenino,Chicago,Bajo,1,5.47,No,No,Mariscos,No,no completo,holly11@example.org,Tarjeta,1084,Erica Martin
6949909066,48.0,Masculino,Chicago,Bajo,3,6.03,Sí,No,Carnes,No,no completo,barbaralogan@example.com,Tarjeta,1254,Jordan Sims
3476426797,25.0,Masculino,Chicago,Medio,3,7.37,Sí,Sí,Carnes,No,no completo,no completo,App,3218,Thomas Li
7450094573,56.0,Femenino,Chicago,Alto,5,16.73,No,Sí,Vegetariano,No,(832)661-7876x0220,lisa88@example.net,Tarjeta,4089,Connie Smith
7098849168,52.0,Femenino,Chicago,Medio,5,20.91,Sí,No,Carnes,No,no completo,no completo,App,2313,Caroline Daniel
2550251083,53.0,Femenino,Chicago,Muy Alto,7,43.43,No,Sí,Carnes,Sí,677.764.5147x4308,nhatfield@example.net,Criptomoneda,12878,Courtney Fisher
7403540599,71.0,Masculino,Chicago,Bajo,3,8.46,Sí,No,Carnes,No,+1-613-476-9043x6432,jonesamanda@example.org,Efectivo,1252,Gregory Grant
1273339890,54.0,Femenino,Chicago,Medio,4,13.31,Sí,No,Carnes,Sí,456.620.4035x15425,no completo,Efectivo,1992,Angela Larsen
2382352682,71.0,Femenino,Chicago,Alto,4,18.62,No,No,Vegetariano,No,2872941973,no completo,Tarjeta,4342,Allison Kelly
3740779511,55.0,Femenino,Chicago,Medio,3,8.06,No,No,Vegano,No,no completo,no completo,Tarjeta,2369,Stacey Rodriguez
3360152814,48.0,Femenino,Chicago,Medio,3,29.76,No,Sí,Vegetariano,No,no completo,no completo,Efectivo,3083,Jennifer Bryant
4492602049,67.0,Masculino,Chicago,Medio,5,7.67,No,Sí,Mariscos,Sí,347-694-1502x27062,no completo,App,2739,Joshua George
9309279227,50.0,Masculino,Chicago,Bajo,3,6.94,Sí,Sí,Carnes,No,no completo,no completo,Tarjeta,1101,Ruben Roberts
9807334446,28.0,Masculino,Chicago,Bajo,1,8.04,Sí,Sí,Carnes,No,no completo,stanleysmith@example.net,App,1003,Timothy Walsh
4698889914,79.0,Masculino,Chicago,Bajo,1,9.38,No,Sí,Vegetariano,No,+1-447-833-1090,no completo,Criptomoneda,1379,Wayne Carlson
6297328564,46.0,Masculino,Chicago,Medio,5,20.29,No,No,Pescado,No,no completo,sullivanstacy@example.net,App,2086,Jonathan Martinez
6583604299,50.0,Masculino,Chicago,Medio,5,22.53,Sí,Sí,Vegano,No,826-807-5543,no completo,Tarjeta,3072,Jonathan Holmes
9661986370,26.0,Femenino,Chicago,Muy Alto,3,55.16,Sí,Sí,Carnes,Sí,266-749-5876,javiercruz@example.net,Tarjeta,10773,Tonya Moore
2659312571,65.0,Masculino,Chicago,Medio,4,18.24,Sí,Sí,Vegetariano,No,no completo,no completo,App,2374,Christopher Tyler
4626852472,33.0,Femenino,Chicago,Alto,6,12.89,No,No,Mariscos,Sí,2985651779,no completo,Tarjeta,4151,Megan Stokes
1071808601,43.0,Masculino,Chicago,Medio,4,16.08,No,No,Vegetariano,No,001-479-378-0616x48199,cassandra02@example.net,Efectivo,2496,Matthew Palmer
1884095374,21.0,Masculino,Chicago,Medio,5,29.87,Sí,No,Vegetariano,No,no completo,gsmith@example.com,Tarjeta,2470,Robert Hunt
5579497553,37.0,Femenino,Chicago,Bajo,3,6.32,No,Sí,Vegetariano,No,no completo,no completo,App,1189,Tara Dunn
6329323383,37.0,Masculino,Chicago,Bajo,3,8.34,No,No,Vegetariano,No,(697)346-9154,lhernandez@example.org,Tarjeta,884,Christopher Peters
9861449701,67.0,Masculino,Chicago,Medio,3,27.72,Sí,Sí,Vegetariano,No,+1-777-350-6950,no completo,App,2352,Benjamin Jackson
9658463073,56.0,Femenino,Chicago,Alto,5,37.82,No,No,Carnes,Sí,no completo,no completo,Efectivo,5765,Pamela Buck
6843483605,45.0,Masculino,Chicago,Medio,5,29.54,No,Sí,Vegano,No,001-619-824-3818x72597,no completo,Efectivo,2884,Lance Hubbard
1373402817,75.0,Masculino,Chicago,Medio,2,20.61,Sí,No,Otro,No,588-402-7868x4653,no completo,App,1781,Christopher Bryant
2796763439,63.0,Masculino,Chicago,Bajo,3,8.11,Sí,Sí,Vegano,No,no completo,no completo,Tarjeta,1292,Lee Morgan
1513011414,29.0,Femenino,Chicago,Muy Alto,8,91.35,Sí,No,Mariscos,Sí,623.796.9727x84301,no completo,App,10267,Susan Sanchez
5212448342,50.0,Femenino,Chicago,Medio,5,21.06,Sí,Sí,Mariscos,No,no completo,no completo,Efectivo,2115,Brandi Chapman
3900874598,28.0,Femenino,Chicago,Alto,4,58.24,No,Sí,Vegetariano,Sí,no completo,no completo,App,6613,Cheryl Guzman
1832516419,45.0,Femenino,Chicago,Muy Alto,5,87.91,Sí,No,Vegetariano,Sí,805-774-3787,no completo,Efectivo,16857,Elizabeth Crawford
1686146177,27.0,Femenino,Chicago,Medio,5,10.57,Sí,Sí,Vegano,No,no completo,christopher08@example.net,Efectivo,1946,Pamela Greene
4096932037,54.0,Masculino,Chicago,Bajo,3,7.67,No,Sí,Otro,No,457-650-0046,heathersmith@example.com,Efectivo,1010,Jason Torres
9209455179,63.0,Masculino,Chicago,Medio,5,11.24,No,Sí,Vegetariano,Sí,750.828.2445,no completo,Efectivo,2730,Anthony Marshall
8420218744,74.0,Masculino,Chicago,Alto,4,9.06,Sí,No,Vegano,Sí,949.685.5443,no completo,Tarjeta,4540,Gregory Robbins
1005999460,39.0,Femenino,Chicago,Alto,3,50.17,No,Sí,Vegano,No,no completo,no completo,App,4638,Hannah Hernandez
3537040461,75.0,Masculino,Chicago,Medio,2,21.23,No,Sí,Carnes,No,504-308-1088,benjaminrodriguez@example.com,App,2045,Larry White
4723218268,69.0,Masculino,Chicago,Alto,6,47.54,Sí,Sí,Otro,Sí,001-254-467-6352x214,no completo,Tarjeta,8419,Ryan Salazar
2374515132,32.0,Masculino,Chicago,Muy Alto,6,88.09,Sí,No,Mariscos,Sí,no completo,no completo,Criptomoneda,15529,Mark Thomas
4232514826,46.0,Masculino,Chicago,Bajo,3,7.07,Sí,Sí,Vegetariano,No,253-688-6061x0423,zdavis@example.net,Efectivo,1220,Michael Hobbs
8038816287,19.0,Femenino,Chicago,Alto,6,36.26,No,Sí,Vegetariano,Sí,564-769-1854,larryalvarez@example.net,Efectivo,8138,Lori Frost
9037064785,52.0,Masculino,Chicago,Medio,3,15.08,No,Sí,Vegetariano,Sí,+1-525-349-3728,no completo,Tarjeta,3308,Jonathan Hill
8064892493,45.0,Masculino,Chicago,Alto,4,43.71,No,No,Carnes,Sí,no completo,no completo,Criptomoneda,6662,Joe Smith
7067829214,72.0,Masculino,Chicago,Alto,4,59.38,No,Sí,Pescado,Sí,no completo,angelabush@example.net,Efectivo,8449,Michael Thompson
9106922164,46.0,Masculino,Chicago,Medio,5,28.45,No,Sí,Carnes,No,996-403-4194x8155,no completo,Efectivo,1688,Timothy Whitaker
1908867660,36.0,Masculino,Chicago,Medio,5,14.21,Sí,No,Vegano,No,431-479-0116x15510,no completo,Efectivo,3238,Tanner Cook
1632080196,32.0,Femenino,Chicago,Muy Alto,5,70.86,Sí,No,Carnes,Sí,no completo,veronicastewart@example.net,Efectivo,15998,Rachel Brandt
4794295807,64.0,Femenino,Chicago,Alto,5,10.13,No,Sí,Vegetariano,Sí,(825)859-6800,gregory80@example.com,App,4408,Lisa Jackson
7238188172,58.0,Masculino,Chicago,Alto,5,56.92,Sí,Sí,Pescado,Sí,813.989.7317x306,no completo,Tarjeta,8216,Kevin Walker
9555645444,52.0,Femenino,Chicago,Medio,5,6.62,Sí,No,Pescado,No,no completo,no completo,Efectivo,2127,Anne Conrad
1249469264,53.0,Masculino,Chicago,Alto,6,57.95,No,No,Mariscos,No,(891)238-2142x44180,nicolethomas@example.net,Tarjeta,8515,Douglas Pruitt
4046647159,35.0,Masculino,Chicago,Bajo,2,6.0,Sí,Sí,Pescado,No,977-664-1299,no completo,Tarjeta,992,Thomas Cohen
1065317986,58.0,Masculino,Chicago,Bajo,1,5.01,Sí,No,Mariscos,No,(543)577-5049,teresa26@example.org,Efectivo,1183,Nathan Oconnor
5357436824,38.0,Masculino,Chicago,Bajo,3,7.01,No,No,Carnes,No,no completo,amandajackson@example.net,Efectivo,996,Jeffrey Pena
7444823375,75.0,Masculino,Chicago,Alto,4,40.4,Sí,Sí,Carnes,Sí,no completo,aprilstevenson@example.org,Tarjeta,7636,Chad Roberson
8972064951,73.0,Femenino,Chicago,Alto,6,56.09,Sí,Sí,Mariscos,Sí,569-773-6429x61678,sjohnson@example.net,Efectivo,5196,Susan Bradley
1642756977,29.0,Femenino,Chicago,Muy Alto,6,30.03,No,Sí,Vegano,Sí,465.667.9715,no completo,Tarjeta,12674,Carla Rodriguez
7904847902,43.0,Femenino,Chicago,Bajo,3,6.17,No,No,Carnes,No,2755799218,william31@example.org,Efectivo,1550,Courtney Vaughan
1629176876,29.0,Masculino,Chicago,Alto,5,28.23,No,Sí,Pescado,Sí,no completo,no completo,Tarjeta,5956,Samuel Fernandez
4689605624,65.0,Masculino,Chicago,Medio,4,7.11,Sí,Sí,Carnes,Sí,no completo,no completo,Efectivo,2583,Jeffrey Dunn
1599182988,36.0,Femenino,Chicago,Alto,6,37.06,Sí,No,Vegetariano,No,no completo,cynthiagarrett@example.org,Efectivo,3516,Sarah Simon
8758666830,78.0,Femenino,Chicago,Muy Alto,5,37.69,No,No,Vegetariano,No,no completo,no completo,Tarjeta,16745,Karen Cortez
8405254370,77.0,Femenino,Chicago,Alto,6,53.12,Sí,No,Carnes,Sí,no completo,nashkathryn@example.com,Tarjeta,3557,Regina Keller
1032431508,65.0,Masculino,Chicago,Medio,2,23.8,Sí,No,Mariscos,No,774.809.9956,no completo,Tarjeta,3156,Nathan Lewis
5398299195,65.0,Femenino,Chicago,Alto,4,57.53,Sí,No,Carnes,Sí,(574)937-6617x439,no completo,App,4904,Jamie Sheppard
3896165215,31.0,Masculino,Chicago,Muy Alto,9,34.43,Sí,Sí,Carnes,No,no completo,ibell@example.com,Tarjeta,11901,Ryan Logan
7799268020,44.0,Masculino,Chicago,Muy Alto,7,57.97,Sí,Sí,Otro,Sí,no completo,melissa21@example.com,Efectivo,11944,Shawn Wright
4479752115,28.0,Femenino,Chicago,Alto,6,10.04,Sí,Sí,Mariscos,No,no completo,no completo,App,7039,Lisa Willis
8387664437,51.0,Masculino,Chicago,Muy Alto,7,50.46,No,No,Vegetariano,Sí,no completo,no completo,App,14990,Miguel Tran
2935933722,45.0,Masculino,Chicago,Muy Alto,10,68.52,No,No,Vegano,Sí,001-627-782-3538x15213,no completo,Efectivo,17473,Lance Herrera
6314792428,45.0,Masculino,Chicago,Alto,5,25.53,Sí,Sí,Otro,Sí,001-798-664-0624,no completo,Efectivo,3605,Bradley Scott
7700427495,26.0,Masculino,Chicago,Medio,4,,Sí,Sí,Pescado,No,no completo,no completo,App,2547,Richard Tran
2059843940,27.0,Femenino,Chicago,Alto,5,14.49,No,Sí,Pescado,Sí,829.570.7881x1474,guzmanbrenda@example.net,App,8798,Tara Watson
2406772445,68.0,Femenino,Chicago,Muy Alto,7,73.6,No,No,Vegetariano,Sí,no completo,no completo,Efectivo,9229,Danielle Oconnell
2059195303,40.0,Femenino,Chicago,Alto,6,50.38,No,Sí,Vegetariano,Sí,no completo,no completo,App,4442,Janice Smith
7831049288,77.0,Masculino,Chicago,Muy Alto,6,49.44,Sí,No,Vegano,Sí,(716)363-8306x2019,katherine33@example.com,Efectivo,11193,Tom Andrade
4175084884,36.0,Femenino,Chicago,Alto,4,19.45,Sí,No,Carnes,Sí,no completo,no completo,Efectivo,7189,Jennifer Gomez
6260070169,67.0,Femenino,Chicago,Medio,2,5.96,No,No,Pescado,No,(680)552-4965x599,no completo,Tarjeta,2419,Tracey Yoder
9930976126,28.0,Femenino,Chicago,Bajo,1,6.06,No,Sí,Vegano,No,no completo,no completo,Efectivo,1122,Danielle Castro
8012278776,42.0,Masculino,Chicago,Medio,4,17.62,No,Sí,Carnes,No,677-659-6826x8931,vrichardson@example.com,Efectivo,2285,Adam Steele
2621844795,29.0,Masculino,Chicago,Muy Alto,6,98.14,Sí,No,Carnes,Sí,no completo,danielellis@example.net,Efectivo,15591,Sean Smith
9816845002,46.0,Femenino,Chicago,Alto,6,34.78,No,Sí,Vegetariano,Sí,no completo,scottflores@example.net,App,8636,Stephanie Roberts
6118390397,25.0,Masculino,Chicago,Medio,5,27.09,No,Sí,Vegetariano,No,001-381-664-3844,aramirez@example.com,Tarjeta,1979,Michael Reed
5914925367,24.0,Femenino,Chicago,Medio,2,11.96,Sí,Sí,Carnes,No,no completo,jocelyncline@example.net,Efectivo,1788,Maria James
8001346068,29.0,Masculino,Chicago,Alto,5,11.48,No,Sí,Otro,Sí,no completo,haasmarissa@example.com,Tarjeta,8815,Adrian Bright
5345436228,80.0,Masculino,Chicago,Alto,4,37.75,No,Sí,Carnes,Sí,no completo,no completo,Tarjeta,7524,David Eaton
5462774644,63.0,Masculino,Chicago,Bajo,2,5.02,Sí,Sí,Carnes,No,no completo,teresakelley@example.net,Efectivo,1444,Christopher Mendoza
8199591770,27.0,Femenino,Chicago,Bajo,3,6.31,Sí,Sí,Otro,No,+1-633-881-8613x09459,harriskendra@example.net,Tarjeta,1093,Heather Smith
9940686553,26.0,Masculino,Chicago,Bajo,3,8.24,Sí,Sí,Carnes,No,675-925-2269,no completo,Tarjeta,1126,John Howell
6895274942,50.0,Femenino,Chicago,Alto,4,27.5,No,Sí,Vegetariano,No,001-305-274-3972x916,casey80@example.net,Efectivo,7038,Leslie Ramirez
9438980153,79.0,Femenino,Chicago,Alto,4,44.76,No,Sí,Carnes,Sí,6383921151,william17@example.com,Efectivo,7709,Karen Crawford
1926468472,46.0,Femenino,Chicago,Alto,5,13.3,Sí,No,Mariscos,Sí,001-338-739-4490x4611,dmiller@example.net,Efectivo,4279,Natasha Carson
9578561596,35.0,Masculino,Chicago,Alto,4,12.4,Sí,No,Vegetariano,No,001-597-357-7500x3200,villanuevalori@example.org,App,5520,Brandon Velasquez
8140031764,59.0,Femenino,Chicago,Alto,6,31.07,No,Sí,Otro,No,+1-812-513-4645x67475,no completo,Tarjeta,4817,Cheryl Greene
4134278256,43.0,Femenino,Chicago,Medio,2,8.49,No,Sí,Carnes,Sí,280-517-1427x8133,no completo,Efectivo,2471,Rebecca Carrillo
6387276661,56.0,Masculino,Chicago,Alto,6,8.32,No,Sí,Carnes,Sí,no completo,no completo,Efectivo,7700,Jacob Mckay
6335864941,24.0,Femenino,Chicago,Alto,4,17.37,Sí,Sí,Vegetariano,Sí,395-369-7953,no completo,App,7637,Jennifer Brewer
1126627217,49.0,Masculino,Chicago,Muy Alto,10,54.23,Sí,No,Carnes,Sí,no completo,carlos76@example.com,Efectivo,9943,Thomas Rivas
6508136828,69.0,Femenino,Chicago,Medio,2,13.84,Sí,Sí,Otro,No,no completo,davidreyes@example.org,Tarjeta,2051,Gina Dickerson
7733502888,24.0,Masculino,Chicago,Medio,4,19.35,No,Sí,Carnes,No,+1-717-462-1368x118,latasha85@example.org,Efectivo,3023,Charles Kelly
9584270385,32.0,Femenino,Chicago,Bajo,2,5.92,Sí,No,Mariscos,No,no completo,waynewilson@example.com,Tarjeta,801,Stephanie Young
1177142167,79.0,Femenino,Chicago,Medio,3,7.62,No,Sí,Otro,No,no completo,jeanette44@example.net,Tarjeta,2645,Barbara Bailey
3985330922,44.0,Femenino,Chicago,Medio,5,15.52,No,Sí,Vegetariano,No,no completo,no completo,App,2702,Amy Smith
6670416501,69.0,Femenino,Chicago,Alto,4,39.36,No,Sí,Carnes,Sí,no completo,no completo,Efectivo,5440,Debbie Ramirez
5663364256,44.0,Masculino,Chicago,Alto,4,32.74,Sí,No,Carnes,Sí,001-387-782-7514,no completo,Tarjeta,6153,Terry Mckenzie
5607762160,32.0,Femenino,Chicago,Medio,4,28.68,Sí,No,Carnes,No,no completo,garygomez@example.com,App,3084,Maria Powers
9631911838,38.0,Masculino,Chicago,Medio,3,7.74,No,No,Carnes,Sí,001-455-623-4492x7132,no completo,Tarjeta,1727,Christopher Wood
6172025088,51.0,Masculino,Chicago,Alto,6,5.18,No,No,Mariscos,Sí,001-427-270-8735x679,meyermelissa@example.net,Tarjeta,7394,Charles Hunt
8805663591,37.0,Masculino,Chicago,Alto,5,16.78,Sí,Sí,Otro,Sí,no completo,no completo,Efectivo,4094,Steve Villa
3486742264,72.0,Masculino,Chicago,Bajo,3,8.22,No,Sí,Otro,No,(429)308-7005x72966,brian05@example.net,App,1563,Robert Thomas
5088174560,27.0,Masculino,Chicago,Alto,6,31.45,No,Sí,Otro,Sí,no completo,ellisarthur@example.net,App,4265,Matthew Miranda
1849586427,44.0,Masculino,Chicago,Alto,5,18.61,No,No,Otro,Sí,no completo,no completo,Efectivo,4644,James Hensley
1134752235,76.0,Masculino,Chicago,Medio,5,28.51,Sí,No,Vegano,No,no completo,nhester@example.org,Efectivo,3144,Robert Richards
5682227896,58.0,Femenino,Chicago,Medio,5,27.52,Sí,Sí,Vegetariano,No,no completo,barbara35@example.com,Efectivo,3395,Ashley Gardner
8749801054,30.0,Femenino,Chicago,Alto,5,33.87,Sí,Sí,Carnes,Sí,no completo,knappdeborah@example.com,App,4668,Melissa Hernandez
5511008504,57.0,Masculino,Chicago,Medio,4,21.63,Sí,Sí,Vegetariano,No,no completo,eric77@example.org,Efectivo,3265,Robert Gonzales
4217549793,43.0,Femenino,Chicago,Muy Alto,7,85.5,No,No,Vegano,Sí,812.422.3505,michael48@example.com,Tarjeta,13779,Natasha Jones
3514980816,28.0,Masculino,Chicago,Alto,4,23.44,Sí,Sí,Otro,Sí,+1-406-710-6612x01057,no completo,App,7978,Juan Keith
4387523934,18.0,Femenino,Chicago,Medio,3,9.78,No,Sí,Vegetariano,No,no completo,gabriel85@example.org,Efectivo,3167,Jennifer Smith
5224053969,63.0,Femenino,Chicago,Medio,2,28.13,Sí,Sí,Otro,No,no completo,fgonzales@example.org,App,2883,Elizabeth Murphy
5957285972,45.0,Femenino,Chicago,Alto,6,47.45,Sí,Sí,Carnes,Sí,no completo,lauramcdonald@example.com,Tarjeta,4930,Sara Bryant
7832220535,57.0,Masculino,Chicago,Medio,3,18.49,No,Sí,Vegetariano,No,980-868-0935,zhunter@example.org,Tarjeta,2247,Eric Dunlap
9680447616,74.0,Masculino,Chicago,Alto,5,32.52,Sí,No,Vegano,Sí,3313763492,no completo,Tarjeta,5611,Jerry Ward
6733641358,73.0,Masculino,Chicago,Alto,4,15.3,No,No,Carnes,No,no completo,susantaylor@example.net,App,7237,Michael Norman
3504022374,26.0,Femenino,Chicago,Alto,3,26.01,Sí,Sí,Carnes,Sí,no completo,no completo,Efectivo,7293,Loretta Powell
6734602842,59.0,Masculino,Chicago,Muy Alto,6,8.88,Sí,No,Carnes,Sí,001-551-710-3925,stevensemily@example.net,Tarjeta,13264,Donald Lindsey
8442341367,21.0,Masculino,Chicago,Medio,4,16.48,Sí,Sí,Carnes,No,4649286512,lorrainemendoza@example.com,App,2585,Jake Washington
7224573015,74.0,Femenino,Chicago,Alto,6,25.58,No,Sí,Pescado,Sí,001-686-258-8855x03924,no completo,Efectivo,8660,Victoria Conner
1430073711,65.0,Femenino,Chicago,Alto,5,56.66,No,Sí,Otro,No,no completo,no completo,Efectivo,3865,Tina Buchanan
6382698198,73.0,Masculino,Chicago,Alto,5,,No,No,Otro,No,no completo,rick83@example.org,Efectivo,5699,Robert Sims
1696225566,26.0,Femenino,Chicago,Medio,2,8.13,No,Sí,Carnes,No,267.558.2856x9963,hernandeznoah@example.org,App,2437,Michelle Wilson
4260587490,60.0,Femenino,Chicago,Medio,5,17.49,No,Sí,Vegano,No,no completo,no completo,Efectivo,3195,Heather Haas
6130446648,57.0,Femenino,Chicago,Muy Alto,6,41.58,Sí,Sí,Carnes,Sí,901.714.5194,no completo,App,12165,Rhonda Suarez
2988055189,65.0,Femenino,Chicago,Medio,5,17.89,No,Sí,Vegano,No,no completo,no completo,Tarjeta,2693,Sandra Scott
8863138232,37.0,Femenino,Chicago,Medio,4,27.72,Sí,Sí,Vegetariano,No,no completo,preston14@example.org,Tarjeta,2427,Maria Henderson
4199304390,48.0,Masculino,Chicago,Medio,4,24.68,Sí,No,Vegetariano,No,no completo,kayla87@example.net,Tarjeta,2561,Jonathan Ferrell
2308496151,50.0,Femenino,Chicago,Alto,3,50.41,Sí,No,Otro,Sí,+1-787-676-9537x5406,no completo,Tarjeta,5957,Madison Fields
4518110561,28.0,Femenino,Chicago,Muy Alto,6,12.59,No,Sí,Mariscos,Sí,539-572-7642x09131,kennethstewart@example.net,Tarjeta,15042,Tara Benitez
6550051689,31.0,Masculino,Chicago,Muy Alto,10,45.01,Sí,Sí,Pescado,Sí,001-768-913-6052x030,no completo,Efectivo,17599,Scott James
4266296360,69.0,Masculino,Chicago,Medio,5,5.77,No,No,Carnes,No,no completo,no completo,Tarjeta,1951,Tyler Gardner
1804437737,37.0,Femenino,Chicago,Alto,4,17.6,No,No,Vegetariano,Sí,917.514.5388x846,uhamilton@example.com,Efectivo,8549,Kaitlyn Joyce
2516185223,27.0,Masculino,Chicago,Alto,6,8.18,Sí,Sí,Carnes,Sí,+1-310-451-0419x73696,fhart@example.org,App,4475,Thomas Myers
9592390865,19.0,Masculino,Chicago,Alto,4,52.46,No,Sí,Vegano,Sí,(250)889-9419,no completo,Efectivo,8208,Mike Johnson
1580918448,21.0,Masculino,Chicago,Medio,4,13.58,Sí,Sí,Carnes,No,+1-513-887-8224x30500,christinecarr@example.net,Efectivo,2737,Justin Young
5780323491,20.0,Masculino,Chicago,Muy Alto,5,51.28,Sí,Sí,Carnes,Sí,432-986-0969,no completo,Efectivo,11605,Randy Smith
8720248706,34.0,Femenino,Chicago,Muy Alto,8,54.55,Sí,No,Vegetariano,Sí,no completo,justinwilliams@example.com,Efectivo,16598,Amanda Santiago
1088974176,19.0,Femenino,Chicago,Medio,4,22.99,Sí,Sí,Otro,No,667.669.1984x75148,quinnmichael@example.com,App,1751,Diana Brown
7747581391,34.0,Femenino,Chicago,Muy Alto,8,94.66,Sí,Sí,Vegetariano,Sí,no completo,jessica03@example.com,Efectivo,9226,Stacy Frank
8640995367,38.0,Masculino,Chicago,Alto,3,59.75,Sí,Sí,Carnes,Sí,366.317.9850x0335,thomasdenise@example.com,Efectivo,4611,Brian Bailey
4398220330,39.0,Masculino,Chicago,Bajo,3,6.26,No,No,Carnes,No,+1-688-738-0520x249,lewistraci@example.org,Efectivo,1480,Michael Stone
1898018927,26.0,Femenino,Chicago,Medio,4,24.78,No,Sí,Carnes,No,no completo,no completo,Tarjeta,1741,Lisa Hahn
2423707898,58.0,Femenino,Chicago,Medio,4,9.79,Sí,Sí,Vegano,No,608.258.8459,no completo,Efectivo,2664,Anne Goodman
3876961999,68.0,Femenino,Chicago,Medio,2,,No,Sí,Carnes,No,(738)747-9628,gregory80@example.com,App,3492,Lisa Jackson
1525913802,68.0,Femenino,Chicago,Medio,2,29.79,Sí,Sí,Vegano,No,no completo,pamelajoseph@example.net,Tarjeta,3009,Veronica Newton
9937428164,35.0,Femenino,Chicago,Muy Alto,6,56.21,Sí,Sí,Vegetariano,Sí,(366)782-7319,pscott@example.com,App,9208,Jamie Roman
3311256997,61.0,Masculino,Chicago,Muy Alto,5,69.4,Sí,Sí,Vegano,Sí,no completo,no completo,Tarjeta,16371,Anthony Rodriguez
7637761996,30.0,Masculino,Chicago,Muy Alto,9,15.08,Sí,Sí,Mariscos,Sí,+1-319-492-1050,no completo,App,15533,Daniel Hernandez
4422030495,67.0,Femenino,Chicago,Alto,5,29.91,Sí,No,Vegetariano,Sí,no completo,snydermelanie@example.com,App,6512,Lauren Price
4717950116,31.0,Masculino,Chicago,Alto,5,57.32,Sí,Sí,Pescado,Sí,001-348-393-0673x710,no completo,Efectivo,4240,Larry Willis
4852067552,65.0,Femenino,Chicago,Muy Alto,10,84.95,Sí,Sí,Carnes,Sí,(369)862-2995x4434,no completo,Tarjeta,12122,Janet Hunter
1447593460,69.0,Femenino,Chicago,Medio,5,17.36,No,Sí,Carnes,No,(870)662-2769x52453,michele96@example.com,App,2269,Lindsey Zimmerman
8383804905,66.0,Masculino,Chicago,Medio,3,16.33,No,Sí,Carnes,No,599.715.2658,no completo,Efectivo,2521,Sean Wise
8970566223,61.0,Masculino,Chicago,Alto,4,7.02,No,Sí,Pescado,Sí,no completo,no completo,App,4323,David Mora
6200584953,33.0,Femenino,Chicago,Medio,4,27.84,No,Sí,Otro,No,no completo,no completo,Efectivo,2099,Cynthia Bailey
3296067730,66.0,Masculino,Chicago,Medio,4,6.91,No,Sí,Mariscos,No,(321)812-6990,no completo,Tarjeta,3088,Garrett Malone
3592473405,39.0,Masculino,Chicago,Medio,2,11.48,No,No,Otro,No,no completo,no completo,Tarjeta,2251,Sean Ramos
6655370534,70.0,Femenino,Chicago,Medio,4,23.8,Sí,Sí,Mariscos,No,962-268-1009x299,no completo,Tarjeta,3326,Sheila Bennett
6366681877,45.0,Masculino,Chicago,Medio,2,29.69,Sí,No,Vegano,No,212.416.4965,no completo,Tarjeta,1880,Juan Davis
5855535478,71.0,Masculino,Chicago,Alto,4,6.7,No,Sí,Vegano,No,+1-409-603-8123,matthew50@example.com,Tarjeta,5032,Troy Hancock
1431463252,46.0,Femenino,Chicago,Alto,4,44.92,Sí,Sí,Vegano,Sí,(807)932-6463x182,emily30@example.com,App,4374,Christine Henry
2287148777,36.0,Femenino,Chicago,Alto,6,49.19,No,No,Carnes,No,no completo,patrick53@example.org,App,4133,Judith Mitchell
2320620839,23.0,Masculino,Chicago,Alto,4,56.87,Sí,No,Carnes,Sí,no completo,matthew47@example.com,App,4556,Trevor Jacobs
1780550106,23.0,Femenino,Chicago,Medio,4,16.69,Sí,Sí,Vegetariano,Sí,253-423-6580,thomaspowell@example.com,Efectivo,2053,Laura Butler
3360311082,76.0,Masculino,Chicago,Medio,2,22.2,Sí,Sí,Carnes,Sí,no completo,briankaiser@example.com,Tarjeta,2445,Matthew Johnson
7846389041,69.0,Femenino,Chicago,Bajo,2,7.6,Sí,No,Mariscos,No,(392)255-4017,mendezandrew@example.net,Efectivo,916,Elizabeth Obrien
7012810237,21.0,Masculino,Chicago,Medio,5,27.94,No,Sí,Pescado,No,+1-550-774-7621x98938,alexanderlong@example.com,Efectivo,1819,Antonio Jones
1822744149,55.0,Femenino,Chicago,Bajo,3,8.8,Sí,No,Pescado,No,no completo,no completo,Efectivo,1265,Lori Rhodes
9631196897,69.0,Femenino,Chicago,Alto,5,34.57,Sí,Sí,Carnes,Sí,no completo,no completo,Efectivo,4857,Brooke Taylor
8106114428,70.0,Masculino,Chicago,Muy Alto,7,13.43,No,No,Carnes,Sí,+1-383-949-4772,no completo,App,15110,Richard Sherman
2062090190,36.0,Femenino,Chicago,Alto,5,22.35,Sí,No,Otro,Sí,795-665-6705x3271,no completo,Efectivo,7145,Christina Ware
7832783702,57.0,Femenino,Chicago,Muy Alto,8,92.92,No,Sí,Carnes,Sí,no completo,no completo,Tarjeta,14124,Michelle Day
6804394126,57.0,Masculino,Chicago,Bajo,3,9.01,Sí,Sí,Pescado,No,no completo,no completo,Efectivo,1378,Larry Cruz
3312409986,69.0,Femenino,Chicago,Alto,4,6.57,No,Sí,Vegetariano,Sí,no completo,no completo,Efectivo,8953,Sonya Hernandez
1544918010,49.0,Masculino,Chicago,Bajo,3,7.86,No,No,Vegano,No,no completo,no completo,Efectivo,1194,Anthony Jones
3190453309,58.0,Masculino,Chicago,Medio,5,17.43,Sí,Sí,Mariscos,No,661.490.1311x000,no completo,App,2511,Robert Smith
4053577650,26.0,Femenino,Chicago,Muy Alto,7,15.41,Sí,Sí,Mariscos,Sí,(564)718-7665,christopherparker@example.org,Tarjeta,14967,Megan Arias
7011290245,21.0,Masculino,Chicago,Muy Alto,9,18.98,No,Sí,Carnes,Sí,no completo,tonyaware@example.com,Tarjeta,13709,Joseph Anderson
7756873738,51.0,Masculino,Chicago,Medio,3,22.38,No,No,Pescado,No,+1-351-424-3834x458,sgomez@example.com,Tarjeta,1924,Christopher Edwards
7742566988,23.0,Masculino,Chicago,Alto,5,17.81,Sí,Sí,Carnes,Sí,no completo,sandra40@example.com,Efectivo,8204,Clinton Martinez
3431577796,78.0,Femenino,Chicago,Alto,6,54.38,No,No,Vegetariano,Sí,465-580-6175x2642,william32@example.org,Tarjeta,6830,Margaret Armstrong
9018373868,44.0,Masculino,Chicago,Alto,6,33.56,No,No,Carnes,Sí,no completo,no completo,App,8157,Rodney Johnson
8934097788,48.0,Masculino,Chicago,Alto,6,20.18,No,Sí,Vegetariano,Sí,no completo,smithshannon@example.org,Tarjeta,5324,Christopher Mercado
6336171726,68.0,Masculino,Chicago,Alto,6,5.99,No,Sí,Otro,Sí,648.553.3312x40743,andrew53@example.org,Tarjeta,4257,Robert Liu
5996896017,60.0,Masculino,Chicago,Alto,6,48.99,Sí,Sí,Carnes,Sí,no completo,shafferlori@example.net,Tarjeta,5493,Angel Baker
4890452920,55.0,Femenino,Chicago,Medio,4,6.55,No,No,Carnes,Sí,780-356-3856,aguirrekari@example.net,Tarjeta,3394,Stephanie Gordon
5585773087,73.0,Masculino,Chicago,Muy Alto,6,52.11,No,No,Vegetariano,Sí,+1-243-506-3364,nathan48@example.net,Tarjeta,9738,Mike Wood
3275970986,31.0,Femenino,Chicago,Alto,5,24.1,No,Sí,Vegetariano,Sí,856.551.0099x76485,no completo,Tarjeta,5944,Sherry Sexton
3544904142,79.0,Femenino,Chicago,Muy Alto,10,95.18,No,No,Pescado,Sí,no completo,michaelsanders@example.org,Efectivo,16642,Amanda Edwards
8772725548,58.0,Femenino,Chicago,Medio,2,6.69,Sí,No,Otro,No,no completo,hudsonlori@example.org,Tarjeta,1939,Lisa Rice
1100806839,50.0,Masculino,Chicago,Medio,4,25.66,Sí,No,Vegetariano,Sí,294.708.1162,msanchez@example.com,Efectivo,2288,Mark Aguilar
4231729466,79.0,Femenino,Chicago,Medio,3,22.83,Sí,No,Vegetariano,No,(210)786-5659,summerjohnson@example.com,App,2353,Debra Webb
9563941194,76.0,Femenino,Chicago,Medio,3,29.05,No,Sí,Pescado,No,001-793-286-8070,cmarshall@example.org,Efectivo,3278,Cassandra Schneider
6328685524,61.0,Masculino,Chicago,Medio,4,17.17,Sí,Sí,Vegetariano,No,no completo,shepardsusan@example.com,App,1736,Joseph Taylor
9786854538,21.0,Femenino,Chicago,Medio,2,13.11,Sí,Sí,Carnes,No,(993)459-8056x8620,bscott@example.org,Tarjeta,2473,Tara Castro
3378164325,40.0,Femenino,Chicago,Alto,4,39.65,No,No,Vegano,No,(312)292-0687,qbarber@example.com,App,4548,Sarah Jenkins
2315443813,64.0,Masculino,Chicago,Muy Alto,10,69.46,No,Sí,Pescado,Sí,no completo,no completo,Efectivo,11898,Jon Hunt
8721282352,59.0,Masculino,Chicago,Muy Alto,9,22.13,No,Sí,Mariscos,Sí,(518)529-0629x4140,michael02@example.net,Efectivo,10904,John Hernandez
6401148618,27.0,Masculino,Chicago,Muy Alto,10,55.49,No,Sí,Mariscos,Sí,no completo,cantrelljordan@example.com,Efectivo,10344,Spencer Garza
8060868430,80.0,Femenino,Chicago,Bajo,2,5.78,No,Sí,Vegetariano,No,no completo,no completo,Efectivo,1443,Darlene Hodges
9829847939,66.0,Masculino,Chicago,Alto,6,33.08,Sí,Sí,Vegano,Sí,418-654-4504x86018,no completo,Tarjeta,7131,Thomas Burke
5502605209,67.0,Masculino,Chicago,Bajo,1,7.66,No,Sí,Mariscos,No,203.484.7583x112,no completo,Efectivo,972,Jacob Rogers
5120004493,79.0,Masculino,Chicago,Alto,4,50.13,Sí,No,Carnes,Sí,876-996-3747x389,no completo,Tarjeta,7226,Marco Miller
3795665163,29.0,Femenino,Chicago,Bajo,1,6.28,No,Sí,Carnes,No,429.614.5797,no completo,Efectivo,1356,Erica Obrien
3370254777,26.0,Masculino,Chicago,Alto,5,18.15,No,Sí,Carnes,No,(821)395-7211,no completo,Efectivo,6123,Ricky Stevenson
9149101406,65.0,Femenino,Chicago,Alto,4,20.7,No,Sí,Pescado,No,no completo,crichardson@example.org,Tarjeta,8922,Lisa Mueller
9329853360,44.0,Femenino,Chicago,Bajo,3,7.97,No,Sí,Carnes,No,no completo,no completo,App,1038,Kim Crawford
8257888483,80.0,Masculino,Chicago,Alto,6,49.08,Sí,No,Carnes,Sí,982-237-4888x0402,no completo,App,8106,Justin Gonzalez
5227394524,42.0,Femenino,Chicago,Medio,3,6.24,Sí,Sí,Carnes,No,no completo,nicholas37@example.net,Efectivo,2071,Erica Simon
1438188292,39.0,Masculino,Chicago,Medio,4,10.63,Sí,No,Otro,Sí,no completo,michaelgreen@example.org,Tarjeta,3371,Preston Wilson
4208271113,80.0,Femenino,Chicago,Medio,5,23.47,Sí,No,Otro,Sí,no completo,carolyndunlap@example.org,Tarjeta,2348,Yvette Riley
6075936959,28.0,Femenino,Chicago,Medio,5,18.57,Sí,Sí,Carnes,No,no completo,no completo,Efectivo,1784,Heather Nicholson
2039205693,41.0,Masculino,Chicago,Alto,5,59.66,No,Sí,Carnes,No,no completo,no completo,Tarjeta,7237,Richard James
9395868030,77.0,Femenino,Chicago,Alto,3,5.46,Sí,No,Pescado,No,3952215033,no completo,App,7339,Elizabeth Turner
8150736635,33.0,Femenino,Chicago,Medio,2,12.12,No,Sí,Carnes,No,001-800-900-9517x93496,no completo,Efectivo,2650,Beth Valentine
5266615424,23.0,Masculino,Chicago,Bajo,3,8.54,No,Sí,Vegetariano,No,no completo,no completo,Efectivo,992,Travis Roman
2451973261,66.0,Femenino,Chicago,Medio,3,13.62,Sí,Sí,Mariscos,No,no completo,jacob58@example.org,Efectivo,2281,Pamela Peck
9799058406,63.0,Femenino,Chicago,Bajo,3,8.24,Sí,No,Carnes,No,+1-476-685-8366,rhill@example.org,App,955,Lisa Green
7597996327,32.0,Masculino,Chicago,Medio,5,8.41,No,No,Vegano,Sí,4299574474,lorifuller@example.net,App,1731,Bryan Martin
6072744616,78.0,Masculino,Chicago,Muy Alto,6,29.45,Sí,Sí,Otro,Sí,(224)872-1645,no completo,Efectivo,9437,Mario Lynch
4226726995,80.0,Masculino,Chicago,Muy Alto,8,51.31,No,No,Vegetariano,Sí,001-411-528-4319x1431,matthew78@example.org,Tarjeta,10715,Ernest Robinson
9456298874,24.0,Femenino,Chicago,Medio,3,20.13,Sí,Sí,Vegetariano,No,001-214-425-3411,deborah57@example.com,App,3345,Elizabeth Owens
4797369215,71.0,Masculino,Chicago,Bajo,3,7.85,No,Sí,Vegetariano,No,no completo,no completo,Efectivo,1418,John Murphy
4147226180,26.0,Femenino,Chicago,Medio,4,6.43,No,Sí,Vegetariano,No,847-380-4976x0492,no completo,App,2223,Allison Garcia
5416675136,27.0,Femenino,Chicago,Muy Alto,10,88.94,Sí,Sí,Carnes,Sí,8695602978,no completo,Efectivo,16647,Amanda Nguyen
9212760447,35.0,Femenino,Chicago,Medio,4,13.13,Sí,No,Vegano,No,305-945-9870x3847,no completo,Tarjeta,2321,Kara Johnson
2072355594,24.0,Femenino,Chicago,Bajo,2,7.8,No,Sí,Carnes,No,854-248-9965,no completo,Tarjeta,1165,Stephanie Stokes
1240869441,46.0,Femenino,Chicago,Alto,6,10.05,Sí,Sí,Mariscos,Sí,no completo,no completo,Efectivo,4597,Kimberly Baker
6241769011,26.0,Femenino,Chicago,Alto,6,17.38,Sí,Sí,Carnes,Sí,no completo,revans@example.net,App,6982,Donna Hines
4929273352,77.0,Masculino,Chicago,Medio,4,27.69,Sí,Sí,Pescado,No,no completo,no completo,Tarjeta,3073,James David
4895014344,28.0,Femenino,Chicago,Alto,6,6.33,No,Sí,Pescado,Sí,(381)975-3245x45575,no completo,Tarjeta,7861,Erin Thomas
1354923180,21.0,Femenino,Chicago,Muy Alto,3,63.32,No,Sí,Vegetariano,Sí,no completo,fisherlaurie@example.org,Efectivo,13438,Elizabeth Farmer
8795212264,20.0,Femenino,Chicago,Alto,6,37.95,No,Sí,Carnes,Sí,no completo,sanchezeugene@example.net,Criptomoneda,7554,Deborah Scott
5846418002,50.0,Masculino,Chicago,Muy Alto,7,16.77,No,Sí,Vegano,Sí,no completo,no completo,App,14080,Douglas Clark
8667408204,66.0,Masculino,Chicago,Muy Alto,9,78.41,No,Sí,Vegetariano,Sí,961.901.1446x94814,thomastodd@example.net,Efectivo,12879,Stephen Mckinney
2175261501,20.0,Masculino,Chicago,Bajo,3,9.49,No,Sí,Carnes,No,no completo,howardstephanie@example.com,App,1533,Shane Evans
7008051512,80.0,Masculino,Chicago,Bajo,1,8.89,No,Sí,Vegano,No,2937748438,hornemichael@example.net,Criptomoneda,1027,Allen Parker
7887484248,77.0,Femenino,Chicago,Alto,6,37.8,No,Sí,Mariscos,Sí,no completo,sarahpreston@example.com,App,3990,Ashley Gaines
5052505985,19.0,Masculino,Chicago,Medio,5,26.74,No,Sí,Carnes,No,(204)239-4734x781,no completo,Tarjeta,2804,Cody Macias
7848400752,53.0,Masculino,Chicago,Medio,3,20.94,Sí,Sí,Vegano,No,no completo,no completo,App,1857,Tommy Boyd
2516888774,57.0,Masculino,Chicago,Bajo,2,6.11,No,No,Otro,No,929.587.5723x292,no completo,Efectivo,1136,Billy Allen
3722464231,53.0,Masculino,Chicago,Medio,5,19.2,Sí,No,Carnes,Sí,001-200-577-4379,no completo,Efectivo,3249,Kevin Lopez
7752061110,69.0,Masculino,Chicago,Alto,5,47.93,No,Sí,Pescado,No,no completo,ygoodman@example.com,Efectivo,3717,Ernest Maynard
3149533961,57.0,Masculino,Chicago,Medio,5,9.23,Sí,Sí,Pescado,Sí,(546)970-9155,melissaavila@example.com,App,1651,Brian Rios
9202727330,23.0,Femenino,Chicago,Medio,5,7.42,Sí,Sí,Vegetariano,No,no completo,no completo,Tarjeta,1723,Brittany Romero
3630108237,22.0,Femenino,Chicago,Bajo,2,5.6,Sí,Sí,Pescado,No,(881)651-5151,no completo,Efectivo,1068,Sherry Rodriguez
1186047172,57.0,Femenino,Chicago,Muy Alto,6,50.27,Sí,Sí,Mariscos,Sí,+1-733-941-2913x1887,no completo,Tarjeta,15538,Heidi Serrano
9849200794,27.0,Masculino,Chicago,Alto,6,34.3,Sí,Sí,Carnes,No,001-269-843-6912x577,holmesedward@example.org,App,5633,William Roberts
5239521090,54.0,Masculino,Chicago,Medio,5,27.05,Sí,Sí,Otro,No,no completo,tracyrodriguez@example.com,Efectivo,2731,Christopher Kelly
6667043253,46.0,Femenino,Chicago,Muy Alto,6,45.45,No,Sí,Otro,Sí,001-405-770-0573,huntandrew@example.net,Efectivo,10678,Samantha Kennedy
3294092753,67.0,Femenino,Chicago,Alto,5,30.62,No,Sí,Carnes,Sí,381.517.0920x53800,no completo,Efectivo,7380,Brandi Mccarthy
1124585925,21.0,Femenino,Chicago,Alto,6,15.83,Sí,Sí,Carnes,No,no completo,shawryan@example.com,App,6796,Katherine Espinoza
5437884022,36.0,Femenino,Chicago,Alto,6,47.01,Sí,No,Carnes,No,no completo,xcooper@example.net,App,6783,Gloria Miles
4567181201,49.0,Masculino,Chicago,Medio,3,21.9,No,No,Carnes,No,no completo,no completo,App,3238,Robert Phillips
8812707617,44.0,Masculino,Chicago,Muy Alto,9,98.21,Sí,No,Carnes,Sí,3873884796,hughesabigail@example.org,Tarjeta,16846,John Whitaker
9906056172,29.0,Masculino,Chicago,Alto,5,24.38,No,Sí,Otro,Sí,no completo,no completo,Efectivo,6156,Jeffrey Norman
4892266709,76.0,Masculino,Chicago,Alto,5,39.08,Sí,Sí,Carnes,Sí,590.700.5619x53337,miranda25@example.net,Tarjeta,6806,Kenneth Griffith
1331353128,46.0,Masculino,Chicago,Medio,2,25.25,No,Sí,Carnes,No,no completo,rachelsoto@example.net,Tarjeta,2894,Daniel Houston
8121172339,76.0,Femenino,Chicago,Medio,4,10.99,Sí,Sí,Carnes,No,no completo,no completo,Tarjeta,3060,Kim Lewis
8354930110,79.0,Masculino,Chicago,Alto,6,22.08,No,No,Carnes,No,no completo,james42@example.com,Tarjeta,8657,Dylan Johnson
7941110142,48.0,Femenino,Chicago,Medio,5,28.41,Sí,No,Carnes,No,(981)892-4421x55437,twhite@example.net,Efectivo,3275,April Jacobson
5473361113,44.0,Femenino,Chicago,Alto,4,,No,No,Carnes,Sí,351.295.0439,no completo,Tarjeta,6075,Cheryl Ward
3505283053,65.0,Masculino,Chicago,Medio,5,19.47,Sí,No,Carnes,No,968-419-4346,tferguson@example.com,App,2200,Hunter Best
2566951819,18.0,Masculino,Chicago,Alto,5,26.12,No,Sí,Otro,Sí,no completo,no completo,Efectivo,4316,Justin Henry
3984000145,21.0,Femenino,Chicago,Alto,5,52.17,No,Sí,Vegetariano,Sí,+1-286-958-3968x271,zschmidt@example.com,App,5158,Patricia Harrington
6076881514,80.0,Femenino,Chicago,Medio,3,13.68,No,Sí,Carnes,Sí,no completo,no completo,Tarjeta,1933,Danielle Clements
6366418987,79.0,Femenino,Chicago,Bajo,3,8.13,No,No,Vegano,No,no completo,gabriel85@example.org,Efectivo,865,Jennifer Smith
2416760621,62.0,Femenino,Chicago,Alto,6,56.52,Sí,No,Carnes,Sí,no completo,tsuarez@example.net,Efectivo,5068,Dawn Lin
8382494022,47.0,Femenino,Chicago,Medio,4,19.42,No,No,Carnes,No,no completo,no completo,Tarjeta,2089,Jennifer Meyer
6242173772,75.0,Masculino,Chicago,Medio,5,18.4,Sí,No,Carnes,No,no completo,no completo,Efectivo,3271,Patrick Neal
6926093910,53.0,Masculino,Chicago,Medio,3,18.15,No,Sí,Mariscos,No,no completo,mason84@example.com,App,3430,Stephen Nash
4738939076,24.0,Masculino,Chicago,Medio,4,29.23,Sí,Sí,Carnes,Sí,no completo,amy32@example.org,Tarjeta,2703,Anthony Hartman
9308340719,75.0,Masculino,Chicago,Alto,6,18.02,No,No,Mariscos,Sí,+1-940-566-8771x91299,sbeck@example.org,App,4852,David Sims
3707166618,45.0,Femenino,Chicago,Alto,4,33.33,Sí,No,Vegano,Sí,+1-358-654-4386,no completo,Efectivo,4811,Andrea Sanders
1682808359,42.0,Masculino,Chicago,Muy Alto,7,35.06,Sí,Sí,Mariscos,Sí,no completo,franklinsharon@example.com,Tarjeta,9994,Michael Rodriguez
7763189846,46.0,Femenino,Chicago,Alto,5,20.51,No,No,Vegetariano,Sí,977-437-0890x077,williamhall@example.net,Efectivo,7235,Maria Suarez
1555775441,21.0,Masculino,Chicago,Medio,4,27.16,Sí,Sí,Carnes,No,no completo,no completo,Efectivo,2794,Michael Fox
2085624355,35.0,Femenino,Chicago,Bajo,1,7.14,No,No,Carnes,No,759.681.1251,no completo,Tarjeta,1218,Kelly Thompson
6461217711,34.0,Femenino,Chicago,Muy Alto,7,13.72,No,No,Carnes,Sí,no completo,chavezmadeline@example.com,Tarjeta,17540,Brandy King
8740820392,32.0,Femenino,Chicago,Medio,4,22.79,No,No,Vegano,Sí,001-240-556-6144x283,no completo,Tarjeta,1660,Tammy Nguyen
2458198451,65.0,Femenino,Chicago,Medio,3,29.22,No,Sí,Vegano,No,(601)450-8395x24016,no completo,Efectivo,2539,Andrea Miller
2538135522,28.0,Masculino,Chicago,Muy Alto,9,52.12,No,No,Carnes,No,no completo,emily05@example.org,Efectivo,13947,Brendan Nguyen
2349406919,22.0,Masculino,Chicago,Alto,4,22.73,Sí,Sí,Otro,Sí,no completo,no completo,Tarjeta,8789,Jason Mack
4457712674,80.0,Masculino,Chicago,Alto,4,47.95,No,No,Otro,No,(845)952-0137x1746,heatherin@example.com,App,8308,Zachary Francis
3986894360,74.0,Masculino,Chicago,Medio,4,17.7,No,No,Carnes,No,513.357.6558x870,cody41@example.net,Tarjeta,3296,John Harmon
8982075101,62.0,Femenino,Chicago,Medio,2,25.37,No,Sí,Pescado,No,8047523134,olivia91@example.org,Tarjeta,3358,Olivia Campbell
8047348633,58.0,Femenino,Chicago,Muy Alto,9,104.86,No,No,Pescado,Sí,no completo,adam24@example.org,App,12254,Victoria Smith
5267587298,26.0,Masculino,Chicago,Bajo,3,5.73,Sí,Sí,Vegano,No,no completo,no completo,App,1167,Scott Winters
8276752272,37.0,Masculino,Chicago,Alto,4,32.41,Sí,Sí,Vegano,Sí,no completo,no completo,Tarjeta,8181,Nicholas White
5888040120,56.0,Femenino,Chicago,Alto,5,49.72,No,Sí,Otro,Sí,no completo,mross@example.net,Criptomoneda,6636,Janice Mack
1672652651,39.0,Masculino,Chicago,Medio,3,9.27,Sí,Sí,Carnes,Sí,no completo,no completo,Efectivo,2728,Nathan Schwartz
4985734426,64.0,Masculino,Chicago,Medio,4,21.03,Sí,Sí,Mariscos,No,no completo,zharris@example.org,App,1918,Zachary Garrett
9221310342,49.0,Masculino,Chicago,Muy Alto,7,76.72,Sí,Sí,Otro,Sí,001-597-751-1467,no completo,App,17381,Jason Palmer
5901981439,79.0,Femenino,Chicago,Alto,6,33.44,No,No,Pescado,Sí,378.214.6517,smithmary@example.com,Tarjeta,4923,Sharon Manning
7747720341,47.0,Femenino,Chicago,Medio,5,28.48,Sí,No,Carnes,Sí,(984)457-7931x693,qdavis@example.net,Efectivo,2103,Amy Bishop
3076218078,44.0,Masculino,Chicago,Medio,4,15.05,Sí,Sí,Vegetariano,No,6956414312,no completo,Efectivo,2268,Jason Young
8702481015,66.0,Femenino,Chicago,Bajo,3,5.97,No,No,Vegetariano,No,670-932-2857x40071,youngsusan@example.net,Tarjeta,806,Christy Green
8006362913,48.0,Femenino,Chicago,Muy Alto,10,14.35,No,No,Carnes,Sí,6506442188,harrisnancy@example.net,App,13865,Ashley Rodriguez
3658963313,30.0,Masculino,Chicago,Medio,5,5.27,No,Sí,Vegetariano,No,884-456-9859x6426,michael98@example.net,App,3008,Joshua Cantu
1457515727,54.0,Femenino,Chicago,Alto,5,40.31,No,No,Vegano,Sí,no completo,eyoung@example.com,Tarjeta,4085,Kimberly Long
4976407920,69.0,Femenino,Chicago,Muy Alto,5,29.9,No,No,Vegano,Sí,no completo,nduran@example.org,Efectivo,14366,Kristin Poole
9637677009,33.0,Femenino,Chicago,Alto,6,30.35,Sí,No,Vegetariano,Sí,no completo,no completo,Tarjeta,5428,Hannah Jenkins
4236149857,22.0,Masculino,Chicago,Muy Alto,6,74.79,No,Sí,Carnes,Sí,263.720.0773x5544,no completo,Efectivo,16129,John Roberts
2736603852,42.0,Femenino,Chicago,Bajo,3,7.21,No,No,Pescado,No,no completo,no completo,Efectivo,1447,Theresa Lopez
9355830578,28.0,Masculino,Chicago,Medio,4,23.76,No,Sí,Carnes,No,001-298-514-4484x4280,kevingonzalez@example.com,Efectivo,3077,Jacob Reynolds
2610237679,50.0,Femenino,Chicago,Muy Alto,7,41.37,No,No,Vegano,Sí,no completo,michaelsavage@example.org,Tarjeta,15219,Stephanie Nelson
1459081248,61.0,Femenino,Chicago,Bajo,2,7.16,No,Sí,Vegetariano,No,no completo,jeffreymurphy@example.com,Tarjeta,1384,Hannah Murphy
8708159741,57.0,Femenino,Chicago,Medio,2,24.67,Sí,Sí,Carnes,No,no completo,no completo,Tarjeta,3133,Lisa King
1602701908,34.0,Femenino,Chicago,Alto,6,18.46,No,Sí,Vegetariano,No,no completo,martinmatthew@example.com,Efectivo,8532,Jessica Sullivan
5794335854,77.0,Femenino,Chicago,Medio,5,13.02,Sí,Sí,Otro,No,no completo,no completo,App,2687,Alexis Avila
1691763999,20.0,Masculino,Chicago,Alto,4,27.84,No,Sí,Carnes,Sí,(644)595-0100x119,no completo,Criptomoneda,6084,Michael Erickson
3252816770,21.0,Masculino,Chicago,Medio,5,10.98,Sí,Sí,Pescado,No,no completo,no completo,Efectivo,2204,Daniel Mcmahon
7444519046,40.0,Femenino,Chicago,Alto,4,6.06,No,Sí,Carnes,Sí,no completo,collinsandrew@example.com,App,4239,Dana Henry
2020789741,79.0,Masculino,Chicago,Medio,2,16.18,Sí,Sí,Pescado,No,(357)247-8402x667,braykylie@example.com,App,2361,William Cox
6704212255,73.0,Masculino,Chicago,Alto,4,32.19,Sí,No,Mariscos,No,738.976.9806x0258,qphillips@example.net,Tarjeta,4530,Anthony Davis
1189050701,22.0,Femenino,Chicago,Medio,3,14.27,Sí,Sí,Vegano,No,no completo,kaylee28@example.com,Efectivo,1879,Heather Barajas
9560674336,32.0,Masculino,Chicago,Medio,2,16.0,No,Sí,Otro,No,(485)488-4156,no completo,App,2464,Justin Shelton
6392694593,41.0,Masculino,Chicago,Bajo,1,5.34,Sí,Sí,Otro,No,no completo,no completo,App,1090,Angel Carey
9259573484,50.0,Femenino,Chicago,Bajo,1,5.18,No,Sí,Pescado,No,no completo,no completo,Criptomoneda,1084,Sharon Hall
1485574228,18.0,Masculino,Chicago,Alto,4,42.54,Sí,Sí,Carnes,Sí,(364)935-5412,saramckenzie@example.net,Tarjeta,4733,Dale Hamilton
3344324927,56.0,Masculino,Chicago,Alto,6,26.73,Sí,No,Vegano,Sí,no completo,wfernandez@example.com,Tarjeta,4472,Kevin Walsh
8179977004,79.0,Femenino,Chicago,Bajo,2,5.73,No,No,Carnes,No,no completo,danielburton@example.net,Tarjeta,904,Wanda Sanchez
2880416297,70.0,Masculino,Chicago,Muy Alto,8,78.62,No,No,Vegetariano,Sí,(606)816-2909,james14@example.org,Efectivo,15841,Jonathan Estes
8346909445,68.0,Femenino,Chicago,Alto,4,8.91,No,Sí,Vegetariano,No,998-455-0437x292,kristinshaw@example.com,Efectivo,3615,Betty Lloyd
9111943073,63.0,Femenino,Chicago,Alto,5,57.32,No,No,Vegetariano,No,712-227-9185,no completo,Tarjeta,8077,Lori Smith
5650178544,33.0,Femenino,Chicago,Medio,4,22.34,No,Sí,Vegetariano,No,223-730-1351,esanders@example.net,Efectivo,2917,Kathryn Gibson
3120146518,41.0,Masculino,Chicago,Medio,2,24.75,No,No,Vegetariano,No,722-875-9442,no completo,App,2134,Christopher Gutierrez
9601279346,53.0,Femenino,Chicago,Medio,2,16.36,No,No,Carnes,No,6022190419,no completo,Tarjeta,3392,Vanessa Schmitt
1335745390,55.0,Masculino,Chicago,Bajo,2,5.71,No,Sí,Vegetariano,No,452.926.6085x3590,danamcgee@example.com,Tarjeta,1104,Lee Scott
5711972095,33.0,Femenino,Chicago,Alto,4,52.9,Sí,Sí,Vegetariano,Sí,no completo,jenniferdouglas@example.net,Tarjeta,3570,Jamie Moore
1133859579,73.0,Femenino,Chicago,Alto,4,13.47,No,Sí,Vegano,Sí,962-531-1446x3995,kristycarson@example.net,Tarjeta,3729,Sarah Burgess
8013179539,75.0,Femenino,Chicago,Muy Alto,5,16.73,Sí,Sí,Vegetariano,Sí,767.973.9143x473,hammonddavid@example.com,App,12688,Katelyn Daniel
7284807437,47.0,Masculino,Chicago,Medio,3,20.01,Sí,No,Vegetariano,No,485.663.9057x4518,kperry@example.org,Efectivo,2892,William Santos
4435329248,34.0,Femenino,Chicago,Muy Alto,7,92.12,Sí,Sí,Carnes,Sí,783.785.8003,no completo,Tarjeta,15111,Kayla Welch
8818673092,73.0,Masculino,Chicago,Muy Alto,7,59.45,No,No,Vegano,Sí,(262)643-4247,no completo,Tarjeta,12106,Jeffrey Garcia
6854031895,77.0,Femenino,Chicago,Muy Alto,6,84.38,Sí,Sí,Mariscos,Sí,421.963.5029x37287,dennis78@example.org,Efectivo,10028,Kelly Cooper
2383641852,25.0,Masculino,Chicago,Muy Alto,9,17.6,Sí,Sí,Vegetariano,Sí,+1-583-703-1197x00736,rsimmons@example.com,App,12327,Keith Parks
4264426874,50.0,Masculino,Chicago,Bajo,2,5.67,Sí,No,Vegetariano,No,no completo,jenniferevans@example.com,App,1479,George White
6303075864,50.0,Femenino,Chicago,Bajo,3,8.34,Sí,No,Vegano,No,no completo,no completo,Efectivo,1062,Angel Klein
2132724321,69.0,Femenino,Chicago,Alto,5,38.7,No,No,Mariscos,No,no completo,no completo,Efectivo,8144,Christine Stanton
8074954798,30.0,Femenino,Chicago,Medio,3,6.5,Sí,Sí,Otro,No,no completo,wilsonmichelle@example.net,Efectivo,2646,Taylor Torres
3353423112,25.0,Masculino,Chicago,Muy Alto,5,40.63,No,Sí,Mariscos,Sí,no completo,wallacelauren@example.org,App,14907,Terry Mcgrath
7074050517,24.0,Masculino,Chicago,Medio,3,18.92,Sí,No,Vegano,No,no completo,whernandez@example.org,Tarjeta,2376,Brandon Lucero
7524309731,51.0,Femenino,Chicago,Alto,4,12.99,Sí,Sí,Otro,No,001-200-723-8985x56942,no completo,Efectivo,8740,Allison Thomas
6855643596,19.0,Masculino,Chicago,Medio,4,24.01,Sí,Sí,Carnes,No,645.891.3665x9564,olsenkristen@example.org,Tarjeta,3356,David Wright
7121853301,28.0,Femenino,Chicago,Alto,4,59.35,Sí,No,Vegano,Sí,001-236-252-2261x5768,nicole21@example.net,Efectivo,4896,Kristen Gilmore
8241440480,48.0,Femenino,Chicago,Alto,6,23.38,No,No,Vegano,No,no completo,michaelmurphy@example.net,Efectivo,4049,Donna Mendez
7536878838,24.0,Femenino,Chicago,Bajo,2,7.96,Sí,Sí,Carnes,No,no completo,ipayne@example.net,App,932,Amy Anderson
6485419723,33.0,Femenino,Chicago,Muy Alto,3,95.16,No,No,Otro,Sí,3177658910,dennis63@example.org,Tarjeta,13344,Angela Harris
1357561213,71.0,Masculino,Chicago,Alto,4,52.12,No,Sí,Pescado,No,no completo,zclark@example.org,Tarjeta,3628,Randy West
4573048663,71.0,Masculino,Chicago,Alto,4,32.01,No,No,Vegetariano,No,no completo,no completo,Efectivo,7802,Donald Spencer
5005923788,48.0,Femenino,Chicago,Medio,4,14.43,No,No,Vegetariano,No,852.705.0930,davidday@example.org,Efectivo,2347,Diane Ruiz
5101521037,75.0,Femenino,Chicago,Medio,2,21.63,No,No,Mariscos,No,no completo,dawn62@example.net,Efectivo,2738,Andrea Walker
9439941043,67.0,Masculino,Chicago,Medio,5,10.6,No,No,Carnes,No,no completo,no completo,Efectivo,2075,Mark Edwards
8060926433,71.0,Masculino,Chicago,Bajo,3,9.86,Sí,Sí,Otro,No,no completo,no completo,Efectivo,1327,Christopher Kennedy
2067491658,44.0,Masculino,Chicago,Bajo,3,8.83,Sí,Sí,Carnes,No,771-526-5864,montoyakelsey@example.net,App,1050,Joseph Gallagher
1157929965,32.0,Masculino,Chicago,Medio,2,28.27,Sí,Sí,Carnes,No,no completo,no completo,Efectivo,3065,Thomas White
3789119411,71.0,Masculino,Chicago,Medio,3,6.71,No,Sí,Otro,No,(880)914-8726,brownjean@example.com,Efectivo,2969,Anthony Wiggins
3033046681,29.0,Femenino,Chicago,Medio,2,9.24,No,Sí,Carnes,No,001-301-462-6094,patrick95@example.org,App,2895,Ashley Bray
5145260536,47.0,Masculino,Chicago,Medio,4,5.59,Sí,No,Carnes,No,no completo,millerdarren@example.org,App,2640,Jason Mcbride
6038780151,45.0,Masculino,Chicago,Bajo,1,8.34,Sí,No,Vegano,No,no completo,no completo,App,1031,Bryan Zimmerman
3206731507,71.0,Femenino,Chicago,Bajo,1,9.6,No,Sí,Vegetariano,No,001-561-870-2815,no completo,App,876,Tracie Shea
4362655061,74.0,Masculino,Chicago,Muy Alto,9,84.45,Sí,No,Mariscos,Sí,001-470-223-5535x704,no completo,Efectivo,15268,Christopher Garrison
3286645237,80.0,Femenino,Chicago,Alto,5,14.88,No,Sí,Otro,Sí,981-863-8283x8292,no completo,App,4463,Amanda Powell
9695949463,74.0,Masculino,Chicago,Muy Alto,3,91.32,Sí,No,Vegetariano,Sí,no completo,no completo,Efectivo,17819,Christopher Garcia
4911804606,75.0,Masculino,Chicago,Medio,5,25.21,Sí,Sí,Mariscos,No,no completo,no completo,Efectivo,2100,Eric Richards
4990187462,35.0,Femenino,Chicago,Alto,4,59.19,No,Sí,Vegetariano,Sí,no completo,ssmith@example.com,Efectivo,8551,Lisa Sanford
3768606596,48.0,Masculino,Chicago,Alto,6,25.16,No,Sí,Vegetariano,Sí,627.848.2443,no completo,Tarjeta,7473,Shawn Miller
5061737765,74.0,Femenino,Chicago,Bajo,2,5.56,Sí,No,Carnes,No,no completo,tyoung@example.net,Tarjeta,1563,Kayla Simmons
7952718586,54.0,Femenino,Chicago,Alto,4,6.23,Sí,Sí,Carnes,No,547.610.6604x153,anthony75@example.com,App,7890,Andrea Huynh
6704483233,34.0,Masculino,Chicago,Bajo,1,7.77,No,No,Mariscos,No,001-574-690-6630x7885,lhickman@example.net,Efectivo,1156,James Smith
5836301842,52.0,Femenino,Chicago,Muy Alto,8,66.15,No,Sí,Carnes,Sí,no completo,no completo,Efectivo,14119,Kaitlin Smith
5087357728,80.0,Masculino,Chicago,Medio,5,18.92,No,No,Carnes,No,no completo,no completo,Tarjeta,1879,Michael Golden
4931057335,72.0,Masculino,Chicago,Medio,5,16.03,No,No,Vegetariano,No,(449)635-8310x56929,no completo,Tarjeta,3469,Joseph Jenkins
6067219231,74.0,Masculino,Chicago,Medio,5,14.25,Sí,Sí,Otro,No,282.331.4413,no completo,Efectivo,2375,Brian Rodriguez
5368097149,51.0,Masculino,Chicago,Medio,4,11.89,Sí,No,Mariscos,No,no completo,ana68@example.net,App,2266,David Brennan
6193655014,76.0,Masculino,Chicago,Bajo,3,7.84,Sí,Sí,Vegano,No,no completo,kennethclark@example.net,Efectivo,1047,Gary Wood
2580553038,52.0,Femenino,Chicago,Medio,2,16.01,No,Sí,Mariscos,No,+1-438-374-7157x4303,christine40@example.org,App,1607,Mary Page
2731463276,39.0,Masculino,Chicago,Medio,5,29.09,No,Sí,Carnes,Sí,479.498.1581,no completo,App,1603,Carlos Terry
5051102608,28.0,Femenino,Chicago,Muy Alto,5,27.21,No,Sí,Otro,Sí,no completo,no completo,Criptomoneda,14583,Teresa Bernard
3648919551,39.0,Femenino,Chicago,Medio,5,29.36,No,No,Otro,No,no completo,no completo,Efectivo,2796,Teresa Nash
1754049136,68.0,Femenino,Chicago,Bajo,3,6.05,Sí,No,Mariscos,No,no completo,marcowright@example.com,Tarjeta,1057,Kathryn Reese
2471907357,40.0,Masculino,Chicago,Medio,4,28.93,No,No,Mariscos,No,no completo,ncox@example.net,Tarjeta,1979,Jonathan Williams
1312933167,29.0,Masculino,Chicago,Medio,4,8.82,Sí,Sí,Vegetariano,No,no completo,no completo,App,2441,Carl Morrison
7849891432,61.0,Masculino,Chicago,Medio,2,16.13,No,Sí,Vegetariano,No,no completo,no completo,Tarjeta,1804,Dakota White
1173417196,20.0,Femenino,Chicago,Muy Alto,6,45.74,No,Sí,Otro,Sí,no completo,vhines@example.org,App,14968,Jennifer Charles
1601050402,77.0,Femenino,Chicago,Muy Alto,5,16.17,Sí,Sí,Carnes,Sí,001-949-914-3089x318,no completo,Efectivo,14217,Ann Hooper
6500836382,21.0,Femenino,Chicago,Alto,6,32.35,No,Sí,Carnes,Sí,(607)723-8884,no completo,App,6811,Kimberly Dunn
4586139213,33.0,Masculino,Chicago,Muy Alto,6,93.55,Sí,No,Vegetariano,Sí,no completo,vanderson@example.net,Efectivo,17568,Steve Smith
4887852647,75.0,Masculino,Chicago,Bajo,3,8.41,Sí,Sí,Otro,No,001-756-519-0158,bhorne@example.net,Tarjeta,1461,Nicholas Walls
3172727263,57.0,Masculino,Chicago,Alto,5,30.28,No,No,Carnes,No,no completo,no completo,App,7256,James Evans
2110194071,45.0,Femenino,Chicago,Medio,4,27.78,Sí,No,Otro,No,no completo,no completo,Tarjeta,2169,Jamie Anderson
9967357959,48.0,Masculino,Chicago,Medio,2,27.68,Sí,No,Mariscos,No,no completo,brandonmiller@example.net,App,2662,Jason Scott
3427654118,28.0,Femenino,Chicago,Bajo,1,5.33,No,Sí,Vegetariano,No,686.301.4742x3862,clarkanita@example.org,Efectivo,1386,Amanda Jackson
2139027119,56.0,Masculino,Chicago,Bajo,3,5.06,No,No,Mariscos,No,+1-666-393-5860x0459,no completo,Tarjeta,1076,Luke Rich
7716932057,38.0,Femenino,Chicago,Alto,6,41.86,No,No,Pescado,Sí,no completo,victoriamcdaniel@example.org,Efectivo,4938,Sierra Fernandez
1639509845,35.0,Masculino,Chicago,Medio,3,15.6,No,Sí,Carnes,No,+1-274-935-8860x177,kwilliams@example.com,Efectivo,2070,Travis Thomas
2242627930,31.0,Femenino,Chicago,Muy Alto,10,51.7,No,Sí,Mariscos,Sí,no completo,no completo,App,15093,Jennifer Bates
9593556142,67.0,Femenino,Chicago,Medio,3,6.14,No,Sí,Vegetariano,No,584.987.9960x25457,martineztroy@example.org,Efectivo,2466,Sheila Lee
2730988090,76.0,Masculino,Chicago,Medio,2,10.93,Sí,No,Carnes,No,no completo,no completo,Tarjeta,3383,Michael Fisher
1387652480,59.0,Femenino,Chicago,Bajo,2,8.27,No,No,Carnes,No,+1-315-570-8447x010,wheelersherry@example.org,Tarjeta,1031,Amy Gonzalez
2876657706,29.0,Femenino,Chicago,Alto,4,54.62,No,Sí,Carnes,Sí,+1-529-375-5971,anthonyferguson@example.com,Tarjeta,4674,Lori Baker
7552303481,19.0,Masculino,Chicago,Alto,4,,No,Sí,Pescado,No,659-232-4408x369,rstone@example.org,Tarjeta,4380,Michael Branch
7261129015,40.0,Masculino,Chicago,Medio,5,14.36,Sí,Sí,Carnes,No,no completo,zhall@example.org,Efectivo,2167,Ronald Williams
8546765774,31.0,Femenino,Chicago,Alto,4,55.78,No,No,Otro,Sí,no completo,lisastewart@example.com,Tarjeta,7386,Marilyn Parker
8741569352,24.0,Femenino,Chicago,Alto,4,23.76,No,Sí,Vegetariano,Sí,403-570-4225x225,amy71@example.org,App,6370,Michelle Gomez
5430809445,26.0,Masculino,Chicago,Alto,4,16.85,No,Sí,Otro,Sí,8017341281,no completo,App,5197,Benjamin Lopez
5564555700,76.0,Femenino,Chicago,Muy Alto,8,32.3,No,No,Vegetariano,Sí,001-247-617-8563x199,crystallawrence@example.net,Efectivo,16455,Lori Keith
6236063884,62.0,Masculino,Chicago,Medio,4,8.24,No,Sí,Carnes,No,347.622.4615x458,jennifer87@example.com,Tarjeta,2627,Michael Barber
6858490332,74.0,Femenino,Chicago,Muy Alto,9,50.84,No,Sí,Carnes,Sí,no completo,colemanjonathan@example.net,Efectivo,17081,Caitlin Gonzalez
4279224294,67.0,Femenino,Chicago,Alto,6,52.1,Sí,No,Pescado,Sí,no completo,no completo,Tarjeta,8311,Annette Shaw
1869986241,28.0,Femenino,Chicago,Alto,5,7.16,No,Sí,Otro,No,no completo,no completo,Efectivo,5740,Hannah Ross
4682833821,24.0,Masculino,Chicago,Alto,6,58.05,Sí,Sí,Vegetariano,Sí,no completo,john85@example.net,Efectivo,8904,Eric Williams
8088105050,47.0,Femenino,Chicago,Muy Alto,5,92.79,No,No,Vegetariano,Sí,+1-348-519-1871x025,nunezdaniel@example.net,Efectivo,14613,Lisa Pierce
6083676509,51.0,Masculino,Chicago,Medio,4,27.45,No,No,Otro,Sí,no completo,no completo,Efectivo,2915,Rodney Thompson
5674062173,72.0,Femenino,Chicago,Muy Alto,5,15.87,Sí,No,Otro,Sí,no completo,thomaswilliam@example.com,Efectivo,17058,Brittney Espinoza
7505878523,54.0,Femenino,Chicago,Medio,3,19.53,No,No,Pescado,No,001-628-878-2878x92635,no completo,App,2295,Kelly Petersen
7681374770,18.0,Masculino,Chicago,Alto,6,13.55,No,Sí,Vegetariano,Sí,no completo,no completo,Efectivo,4008,Jacob Kane
6762092117,33.0,Masculino,Chicago,Muy Alto,5,58.54,Sí,No,Carnes,Sí,634.371.0461,mikaylasnyder@example.com,Tarjeta,16163,Daniel Lamb
6787875271,78.0,Masculino,Chicago,Medio,3,22.98,No,Sí,Otro,No,001-928-483-5155,no completo,App,1972,Dennis Parker
7625389037,67.0,Femenino,Chicago,Medio,3,21.99,No,Sí,Carnes,No,295.439.4663x14405,haley32@example.com,Tarjeta,2393,Melanie Woods
4829425048,18.0,Masculino,Chicago,Bajo,1,5.69,No,Sí,Vegetariano,No,no completo,ebrown@example.org,Efectivo,1009,Corey Young
7069064850,33.0,Femenino,Chicago,Bajo,2,8.38,No,Sí,Pescado,No,886.955.8056x383,no completo,Tarjeta,1298,Ashley Delacruz
6766588090,69.0,Masculino,Chicago,Alto,4,44.83,Sí,Sí,Carnes,Sí,no completo,tanya87@example.net,Efectivo,3761,Thomas Blair
4427261312,46.0,Femenino,Chicago,Muy Alto,5,47.93,Sí,No,Carnes,Sí,no completo,no completo,Efectivo,16433,Monica Garza
7226553010,44.0,Masculino,Chicago,Medio,3,24.02,No,No,Otro,No,no completo,no completo,Tarjeta,3084,David Brown
9486494079,70.0,Masculino,Chicago,Muy Alto,6,14.81,Sí,No,Mariscos,No,no completo,stephenjohnson@example.net,App,17929,Joshua Morris
2519815008,45.0,Masculino,Chicago,Muy Alto,5,38.43,Sí,Sí,Otro,Sí,(872)650-0865x1266,charlesjones@example.net,App,13337,Gregory Hernandez
1514080521,72.0,Femenino,Chicago,Muy Alto,10,43.94,No,No,Vegetariano,Sí,001-565-861-3038x188,no completo,App,11616,Brenda Montoya
4988247780,69.0,Masculino,Chicago,Muy Alto,10,84.84,Sí,No,Mariscos,Sí,no completo,no completo,Efectivo,14960,Nathaniel Vega
5746127311,37.0,Masculino,Chicago,Medio,2,8.7,Sí,No,Vegetariano,No,no completo,swhitney@example.net,Efectivo,2082,Mark Sullivan
1348650150,53.0,Femenino,Chicago,Alto,5,58.95,No,No,Vegetariano,Sí,214.383.6971,no completo,App,7896,Erin Smith
2688971274,66.0,Femenino,Chicago,Alto,6,16.9,Sí,Sí,Carnes,Sí,no completo,no completo,App,8683,Jessica Morgan
5098860603,22.0,Femenino,Chicago,Bajo,1,7.76,No,Sí,Mariscos,No,242.780.1485,natalie42@example.org,Tarjeta,1116,Sandra Duarte
7735322123,30.0,Femenino,Chicago,Muy Alto,7,53.11,No,Sí,Otro,Sí,no completo,paulking@example.net,Efectivo,14104,Tammy Jenkins
3135774649,50.0,Masculino,Chicago,Alto,5,18.97,No,Sí,Pescado,Sí,+1-300-215-8409x30443,michael38@example.com,Tarjeta,7395,Evan Bates
7575433134,48.0,Femenino,Chicago,Medio,3,7.11,No,No,Vegano,No,no completo,no completo,Tarjeta,2631,Victoria Coleman
7155948235,77.0,Femenino,Chicago,Medio,2,18.5,Sí,No,Pescado,No,431.998.5348x907,donnajohnson@example.com,App,3009,Brandy Merritt
9645709306,37.0,Femenino,Chicago,Muy Alto,10,5.94,Sí,Sí,Otro,Sí,(534)448-6033x3132,ebest@example.org,Tarjeta,15715,Tammie Wilcox
9290691086,48.0,Masculino,Chicago,Bajo,2,6.49,Sí,No,Carnes,No,(389)584-2293x412,no completo,App,1053,Daniel Watts
5888783570,59.0,Femenino,Chicago,Muy Alto,6,9.16,No,Sí,Vegano,Sí,no completo,johnsingleton@example.net,App,15030,Kimberly Johnson
5888015939,65.0,Femenino,Chicago,Medio,3,20.9,Sí,Sí,Mariscos,No,740.725.5399,ernestpeters@example.org,App,3408,Annette Hill
9948398834,18.0,Masculino,Chicago,Bajo,2,5.83,Sí,Sí,Otro,No,+1-941-221-7221x494,no completo,Tarjeta,1139,Steven Austin
1568690057,28.0,Masculino,Chicago,Medio,4,16.53,Sí,Sí,Carnes,No,001-963-565-4568,no completo,Efectivo,3093,Dustin Patterson
2665889601,38.0,Femenino,Chicago,Bajo,3,6.57,Sí,No,Carnes,No,001-736-430-9145x1607,davebennett@example.com,Efectivo,1313,Kiara Carlson
6371322301,52.0,Masculino,Chicago,Medio,4,20.24,Sí,No,Carnes,No,9053930335,no completo,Efectivo,2454,Larry Cervantes
4215771198,66.0,Masculino,Chicago,Muy Alto,6,33.05,No,No,Carnes,Sí,411.691.4339,no completo,Efectivo,10237,Thomas Horne
1233949538,70.0,Masculino,Chicago,Muy Alto,5,23.64,Sí,Sí,Vegano,Sí,001-797-717-8763x62748,williamsemily@example.net,Tarjeta,15486,Brandon Andrade
6880115912,49.0,Femenino,Chicago,Medio,3,26.58,Sí,No,Otro,No,no completo,jeffrey42@example.org,Efectivo,3076,Ashley Chan
8736588986,35.0,Masculino,Chicago,Medio,4,15.54,No,No,Mariscos,No,no completo,no completo,App,1892,Joseph Lewis
7590586868,56.0,Masculino,Chicago,Medio,2,7.29,Sí,Sí,Vegetariano,No,750.740.4615x68471,no completo,App,2262,Kenneth Wilson
8682236820,68.0,Femenino,Chicago,Alto,6,31.56,Sí,Sí,Vegetariano,Sí,373.728.6794x521,shawn95@example.org,Tarjeta,4777,Jacqueline Evans
5196080556,74.0,Masculino,Chicago,Medio,4,28.45,Sí,No,Carnes,No,001-341-913-3271,lanceparker@example.com,Tarjeta,2236,Kevin Drake
8678217181,70.0,Femenino,Chicago,Alto,5,48.26,Sí,Sí,Vegetariano,Sí,(705)701-5845,no completo,App,8094,Sierra Williams
9416206270,51.0,Femenino,Chicago,Bajo,2,8.15,No,Sí,Carnes,No,001-858-311-6681,no completo,Tarjeta,1526,Veronica Rivas
7357301772,56.0,Masculino,Chicago,Alto,5,48.7,No,Sí,Carnes,Sí,no completo,floreskevin@example.net,Tarjeta,8464,Jacob Perry
9342562589,41.0,Femenino,Chicago,Alto,5,41.23,Sí,No,Carnes,Sí,no completo,no completo,Efectivo,6742,Kerry Anderson
4672214312,69.0,Femenino,Chicago,Medio,2,20.18,Sí,Sí,Carnes,No,no completo,elizabeth42@example.com,Tarjeta,2925,Barbara Robinson
6287793163,40.0,Masculino,Chicago,Alto,5,13.77,No,No,Vegetariano,Sí,no completo,gordon79@example.org,App,7847,Derek Kim
9937503865,33.0,Masculino,Chicago,Medio,2,29.55,Sí,Sí,Carnes,No,no completo,no completo,App,1972,Kenneth Sullivan
8626371177,55.0,Masculino,Chicago,Medio,4,21.76,No,Sí,Mariscos,No,384-654-6240,no completo,Efectivo,2393,Robert Garcia
6693766342,48.0,Femenino,Chicago,Alto,4,22.16,Sí,No,Carnes,No,001-600-455-2306x143,schmidtcarolyn@example.org,Criptomoneda,6893,Jennifer Hartman
2572836282,24.0,Femenino,Chicago,Medio,4,18.73,Sí,Sí,Vegetariano,No,482.915.9616x3104,ericnguyen@example.com,Efectivo,3454,Amanda Flores
6748519679,26.0,Femenino,Chicago,Alto,5,49.27,Sí,Sí,Carnes,No,no completo,no completo,App,3520,Joanna Webster
2111272861,29.0,Masculino,Chicago,Alto,5,44.89,Sí,Sí,Vegano,Sí,262-224-7430,no completo,App,6330,Michael Vaughan
6756679642,52.0,Masculino,Chicago,Medio,3,29.13,Sí,No,Carnes,Sí,no completo,thompsonkristen@example.com,Efectivo,2090,Thomas Ramsey
3497283526,74.0,Femenino,Chicago,Bajo,2,9.31,No,Sí,Otro,No,no completo,no completo,Tarjeta,1239,Dawn May
8642862275,20.0,Masculino,Chicago,Medio,4,17.38,No,Sí,Mariscos,No,no completo,robinsims@example.com,Efectivo,2234,Stephen Lewis
7345120259,27.0,Femenino,Chicago,Medio,3,27.76,No,Sí,Vegetariano,Sí,001-676-594-4973x0274,no completo,App,2486,Sheryl Edwards
2748836777,29.0,Masculino,Chicago,Bajo,1,6.96,No,Sí,Vegetariano,No,no completo,no completo,App,1165,Joseph Mcintosh
6094848842,78.0,Femenino,Chicago,Medio,5,,No,No,Carnes,Sí,no completo,mayshannon@example.com,Tarjeta,2370,Dominique Williams
5623687550,55.0,Masculino,Chicago,Medio,5,20.71,No,No,Vegetariano,No,001-925-522-9696x05347,christina09@example.org,App,2903,Alexander Hill
4063952358,31.0,Femenino,Chicago,Medio,4,6.78,No,Sí,Carnes,No,no completo,david78@example.com,Efectivo,1965,Jessica Escobar
4486324021,22.0,Femenino,Chicago,Medio,5,26.16,No,Sí,Vegetariano,No,no completo,no completo,Efectivo,3088,Tiffany Williams
2872311328,77.0,Femenino,Chicago,Alto,4,41.93,Sí,No,Pescado,Sí,no completo,justingriffin@example.org,Efectivo,5800,Amber Riddle
4166639491,25.0,Femenino,Chicago,Bajo,3,5.58,No,Sí,Vegetariano,No,no completo,katiehernandez@example.com,Efectivo,1036,Shelby Stephenson
5223079421,46.0,Femenino,Chicago,Bajo,1,5.63,No,Sí,Otro,No,258-730-6616,kelsey16@example.net,App,1326,Shannon Hill
1588787875,67.0,Masculino,Chicago,Bajo,3,8.46,Sí,No,Carnes,No,no completo,no completo,Efectivo,1007,Jimmy Gibson
3140667400,57.0,Masculino,Chicago,Bajo,1,7.03,No,Sí,Carnes,No,+1-966-636-3305x85688,no completo,Efectivo,1573,John Ibarra
4686463846,33.0,Femenino,Chicago,Alto,4,41.45,No,Sí,Carnes,No,(690)203-3773,no completo,Tarjeta,5761,Tara Leonard
8667363241,37.0,Femenino,Chicago,Alto,3,36.02,Sí,Sí,Otro,No,+1-982-419-9928,wrightlisa@example.org,Tarjeta,4397,Tara Anderson
8059128209,24.0,Masculino,Chicago,Bajo,2,9.28,Sí,Sí,Carnes,No,no completo,no completo,App,884,Christopher Miller
3861024122,35.0,Masculino,Chicago,Bajo,2,6.49,Sí,Sí,Vegetariano,No,no completo,apatterson@example.net,App,1286,Christopher Cruz
3923823693,68.0,Femenino,Chicago,Alto,5,36.93,Sí,Sí,Carnes,No,no completo,tpope@example.net,App,6354,Courtney Duran
2480979328,50.0,Masculino,Chicago,Medio,3,16.07,No,Sí,Pescado,No,225-631-7823,nicholas65@example.org,Tarjeta,2889,Daniel Weber
1725783958,56.0,Masculino,Chicago,Medio,3,25.44,Sí,Sí,Mariscos,No,396.200.8080,christinamoss@example.net,App,2528,Vincent Cordova
7360670711,73.0,Femenino,Chicago,Muy Alto,10,37.68,No,Sí,Vegetariano,Sí,971.739.6237,anita92@example.com,Efectivo,11913,Rebecca Moon
7295896324,38.0,Femenino,Chicago,Medio,3,19.57,No,No,Mariscos,No,no completo,kyle29@example.org,App,2362,Joyce Mendoza
1102264943,66.0,Femenino,Chicago,Medio,3,21.8,No,Sí,Vegetariano,No,no completo,becky23@example.com,Tarjeta,3405,Angelica Mendoza
7567013597,43.0,Femenino,Chicago,Medio,5,9.96,No,No,Vegetariano,No,+1-973-669-1090x871,shawnallen@example.org,Efectivo,1759,Kristen Perkins
8858714543,50.0,Masculino,Chicago,Alto,5,24.14,No,Sí,Pescado,Sí,(476)571-8782,amanda44@example.net,Efectivo,6894,John Krause
1399699943,32.0,Femenino,Chicago,Alto,5,24.1,Sí,Sí,Carnes,Sí,no completo,no completo,Efectivo,3541,Kristen Johnson
6606958660,18.0,Masculino,Chicago,Medio,2,11.24,No,Sí,Carnes,No,571-224-8379x921,no completo,Efectivo,3057,Darryl Howard
1905810748,36.0,Femenino,Chicago,Alto,4,57.45,No,No,Vegetariano,No,823-728-9622,vwilliams@example.com,Tarjeta,5666,Laura Scott
5337082566,78.0,Masculino,Chicago,Alto,6,42.26,Sí,Sí,Vegetariano,Sí,(600)602-4755,no completo,Tarjeta,8208,Joseph Aguilar
2256150180,68.0,Masculino,Chicago,Alto,4,28.99,Sí,Sí,Carnes,Sí,(863)552-3902x805,no completo,Efectivo,4091,Benjamin Curtis
5694019423,33.0,Masculino,Chicago,Alto,6,42.73,Sí,Sí,Vegano,Sí,642-817-9641x77291,no completo,Efectivo,5556,Michael King
2304963614,65.0,Femenino,Chicago,Alto,5,21.05,Sí,No,Mariscos,Sí,+1-450-325-4331,no completo,Efectivo,8146,Melissa Wallace
7903185896,38.0,Femenino,Chicago,Bajo,2,6.68,No,Sí,Vegetariano,No,no completo,no completo,Efectivo,1186,Carla Tanner
6295595650,19.0,Femenino,Chicago,Bajo,2,6.62,No,Sí,Carnes,No,773-499-7753x6489,no completo,Efectivo,1476,Cheryl Lane
7291512756,20.0,Femenino,Chicago,Medio,3,5.34,No,Sí,Carnes,No,314-504-0185x155,arthurwhite@example.net,Tarjeta,2463,Christy Baker
2052529044,38.0,Femenino,Chicago,Medio,3,21.22,No,No,Carnes,No,(831)674-8976x9058,james55@example.com,App,2135,Sandra Williams
4226228116,32.0,Femenino,Chicago,Alto,4,38.21,No,Sí,Carnes,Sí,no completo,ykelly@example.net,Tarjeta,7169,Sharon Hunt
3034709770,27.0,Femenino,Chicago,Alto,4,16.14,Sí,Sí,Carnes,Sí,2879439380,no completo,Efectivo,8597,Amy Garcia
1185618883,54.0,Femenino,Chicago,Alto,6,36.96,Sí,Sí,Carnes,Sí,+1-922-452-8456x94808,no completo,App,8810,Jennifer Cummings
4936557121,18.0,Femenino,Chicago,Alto,6,44.5,No,Sí,Vegetariano,Sí,no completo,no completo,App,7517,Deborah Pugh
8471840923,29.0,Femenino,Chicago,Alto,4,6.54,Sí,Sí,Carnes,Sí,no completo,michael87@example.net,Tarjeta,5342,Diane Martinez
9171194940,68.0,Masculino,Chicago,Medio,3,29.16,Sí,No,Mariscos,No,+1-498-800-1335x9378,no completo,App,1768,Joshua Fuentes
3299247826,72.0,Femenino,Chicago,Medio,2,25.31,No,No,Vegetariano,No,no completo,ghernandez@example.net,Efectivo,2585,Danielle Bartlett
2570991899,20.0,Masculino,Chicago,Medio,2,26.24,Sí,Sí,Vegetariano,No,001-303-523-6363x45351,larry10@example.net,Tarjeta,3266,Edward Turner
5972309634,29.0,Femenino,Chicago,Muy Alto,5,28.7,No,Sí,Mariscos,Sí,(465)398-8222x0457,no completo,Efectivo,16308,Lisa Murphy
6632552759,35.0,Femenino,Chicago,Alto,5,32.89,Sí,Sí,Carnes,Sí,no completo,no completo,Tarjeta,7284,Brittney Sweeney
8251003829,19.0,Femenino,Chicago,Medio,5,28.39,No,Sí,Carnes,No,no completo,no completo,Efectivo,2429,Mary Hobbs
4867153819,40.0,Masculino,Chicago,Medio,3,24.82,No,No,Vegetariano,Sí,001-342-665-7845x238,no completo,Tarjeta,1847,Stanley Everett
5048299551,71.0,Masculino,Chicago,Medio,5,28.53,No,No,Vegetariano,No,no completo,no completo,Tarjeta,2441,Ryan Lewis
3415948515,23.0,Masculino,Chicago,Medio,3,26.83,No,Sí,Vegano,No,+1-548-662-1733x59769,robertcrawford@example.org,Tarjeta,2668,Dalton Mack
9934729435,49.0,Femenino,Chicago,Medio,3,27.48,Sí,No,Carnes,Sí,608.834.3301x23947,no completo,App,3388,Terri Johnson
2673369932,73.0,Masculino,Chicago,Alto,4,51.16,Sí,No,Carnes,Sí,no completo,no completo,Efectivo,7243,Bradley Wilson
6625790241,44.0,Masculino,Chicago,Muy Alto,8,12.64,No,No,Mariscos,Sí,no completo,no completo,Efectivo,14796,Jeffrey Lawson
3276483960,25.0,Femenino,Chicago,Alto,4,24.49,Sí,Sí,Carnes,Sí,no completo,no completo,Efectivo,8068,Tammy Nelson
7512767226,50.0,Femenino,Chicago,Medio,4,8.46,Sí,No,Carnes,No,no completo,no completo,Tarjeta,2782,Kristin Perkins
3760384004,73.0,Femenino,Chicago,Alto,5,42.6,No,No,Vegetariano,Sí,001-502-605-9030x2903,no completo,Tarjeta,4258,Crystal Roberts
2258964802,21.0,Masculino,Chicago,Medio,5,21.63,No,Sí,Carnes,No,(431)786-4235x86293,adam46@example.com,App,2222,William Wade
7728144686,74.0,Masculino,Chicago,Medio,4,27.74,Sí,Sí,Carnes,No,no completo,no completo,Efectivo,1820,Curtis Graham
8573424265,57.0,Masculino,Chicago,Alto,4,55.54,Sí,No,Vegano,Sí,+1-278-234-5320x4751,sandranelson@example.net,Tarjeta,5954,Franklin Johnson
7253461596,63.0,Masculino,Chicago,Muy Alto,5,9.77,Sí,Sí,Vegano,Sí,no completo,no completo,Tarjeta,11109,Richard Clark
4920942483,79.0,Femenino,Chicago,Alto,4,20.57,No,No,Carnes,No,no completo,no completo,Efectivo,7938,Kristin Decker
8133975751,66.0,Femenino,Chicago,Medio,4,21.93,No,Sí,Vegetariano,No,(894)373-2138x52580,nsantiago@example.com,App,2446,Brandi Sanchez
6880379609,21.0,Femenino,Chicago,Medio,5,5.04,No,Sí,Carnes,No,no completo,robertgood@example.net,Criptomoneda,3178,Mary Meyer
4921612234,45.0,Femenino,Chicago,Muy Alto,7,45.86,No,Sí,Otro,Sí,(251)770-7377,no completo,Efectivo,13931,Victoria Morgan
9517014405,45.0,Masculino,Chicago,Bajo,1,9.81,Sí,No,Mariscos,No,(251)823-8319,no completo,Tarjeta,1363,Michael Barker
9359149818,45.0,Masculino,Chicago,Bajo,3,6.0,No,No,Mariscos,No,no completo,patrick61@example.net,App,1200,Christopher Mitchell
9753876667,68.0,Femenino,Chicago,Medio,3,6.63,No,Sí,Vegano,No,(200)474-8409,no completo,App,2712,Nichole Collins
1896946425,58.0,Masculino,Chicago,Muy Alto,6,17.73,No,Sí,Carnes,Sí,738.976.9806x0258,qphillips@example.net,Tarjeta,14570,Anthony Davis
6697839141,19.0,Femenino,Chicago,Muy Alto,5,52.27,No,No,Pescado,Sí,no completo,no completo,Tarjeta,13383,Victoria Rios
3007481368,32.0,Femenino,Chicago,Alto,6,58.51,No,No,Mariscos,No,001-748-359-4484,no completo,Efectivo,7981,Allison Wiggins
3574636872,40.0,Masculino,Chicago,Alto,5,40.44,No,No,Carnes,Sí,+1-453-847-4576x4604,barbaramartin@example.com,Tarjeta,8840,Brian Rose
5110244460,56.0,Masculino,Chicago,Bajo,3,9.64,No,Sí,Pescado,No,+1-228-519-9175x25654,gregory25@example.net,App,1451,Arthur Norton
8159636341,54.0,Masculino,Chicago,Bajo,1,5.41,Sí,No,Carnes,No,no completo,no completo,Tarjeta,1215,Herbert Leblanc
7604506493,75.0,Femenino,Chicago,Medio,4,6.22,No,No,Carnes,Sí,no completo,susanhenderson@example.com,App,2964,Elizabeth Gibson
8846861559,41.0,Femenino,Chicago,Medio,5,21.18,No,No,Carnes,No,001-581-825-6196x9335,no completo,Efectivo,1901,Allison Walker
7374775639,77.0,Masculino,Chicago,Medio,4,17.0,No,No,Vegetariano,No,no completo,joneserin@example.org,Efectivo,2837,Matthew Miles
4518308588,71.0,Masculino,Chicago,Alto,5,34.04,No,Sí,Mariscos,No,857-562-8721x009,wproctor@example.net,Efectivo,7872,Cody Davis
1482082150,30.0,Masculino,Chicago,Bajo,3,9.11,No,Sí,Vegetariano,No,no completo,heatherjohnson@example.org,Efectivo,1497,Alejandro Morrison
4501386912,33.0,Femenino,Chicago,Alto,4,30.58,Sí,No,Pescado,No,659.965.5518x507,greenwilliam@example.net,App,7995,Mikayla Harrington
4961544796,41.0,Masculino,Chicago,Medio,4,20.58,No,No,Carnes,No,962-774-3202x056,no completo,Efectivo,1673,Jason Daugherty
9153540101,36.0,Femenino,Chicago,Alto,6,35.92,Sí,No,Carnes,No,(906)761-8413x8947,jorgedoyle@example.org,Efectivo,3577,Jennifer Jones
8497938394,31.0,Femenino,Chicago,Alto,5,56.7,No,Sí,Carnes,No,no completo,kmedina@example.org,App,7814,Sarah Shields
4331305234,25.0,Masculino,Chicago,Medio,4,28.36,No,No,Carnes,No,947-416-2354,no completo,App,2535,Joseph Brown
7088636363,55.0,Femenino,Chicago,Alto,4,10.38,Sí,Sí,Carnes,Sí,5565702976,michael48@example.com,App,5448,Natasha Jones
4522909617,78.0,Femenino,Chicago,Medio,4,8.97,No,No,Carnes,No,(642)506-0895x318,no completo,Tarjeta,2933,Barbara Reed
7793980443,78.0,Masculino,Chicago,Alto,5,18.73,Sí,No,Vegano,Sí,no completo,no completo,Tarjeta,8111,Christopher Smith
8826647819,67.0,Femenino,Chicago,Alto,5,12.11,Sí,No,Vegetariano,Sí,(272)539-9348,molly51@example.net,Tarjeta,4396,Jennifer Cortez
7742707009,19.0,Masculino,Chicago,Alto,6,38.18,No,Sí,Carnes,Sí,622-381-8229x05181,no completo,Efectivo,6659,Kevin Conway
6320115677,52.0,Femenino,Chicago,Alto,5,38.78,No,No,Mariscos,Sí,no completo,no completo,Efectivo,8119,Kimberly Torres
2715155243,44.0,Femenino,Chicago,Alto,4,38.59,Sí,Sí,Carnes,Sí,457.917.3676x671,no completo,Efectivo,5605,Ellen Davis
2732894349,62.0,Femenino,Chicago,Bajo,2,6.17,Sí,No,Mariscos,No,9353698029,ramoskatrina@example.com,Efectivo,1118,Melissa Santos
6606452484,50.0,Masculino,Chicago,Medio,3,27.27,No,Sí,Carnes,No,no completo,no completo,App,2317,Richard Long
5432365954,42.0,Femenino,Chicago,Medio,2,17.57,Sí,Sí,Pescado,No,no completo,xbush@example.org,Efectivo,1667,Tanya Phillips
1734307097,42.0,Masculino,Chicago,Muy Alto,9,90.06,Sí,No,Otro,Sí,752-703-5493x335,danielle47@example.com,App,14897,Trevor Evans
1638504772,62.0,Masculino,Chicago,Medio,3,6.02,Sí,Sí,Pescado,No,735-266-1937x24814,victoria29@example.org,Tarjeta,2311,Tony Baxter
3464761545,54.0,Masculino,Chicago,Medio,4,10.96,No,No,Vegetariano,No,no completo,michaelcox@example.net,Tarjeta,1979,Christopher Patel
1728500180,50.0,Femenino,Chicago,Muy Alto,10,81.01,No,Sí,Vegetariano,Sí,no completo,charles55@example.org,Tarjeta,11467,Heather Bishop
8642253066,23.0,Femenino,Chicago,Alto,5,51.86,No,No,Vegetariano,Sí,no completo,no completo,Efectivo,6824,Jennifer Davis
2459023475,77.0,Femenino,Chicago,Bajo,1,6.02,No,No,Carnes,No,298-429-5854x521,no completo,Efectivo,1387,Jamie Brooks
2433114147,65.0,Masculino,Chicago,Medio,4,14.83,Sí,Sí,Vegano,No,no completo,zmyers@example.com,Efectivo,2667,William Hudson
3245325505,37.0,Masculino,Chicago,Medio,4,6.67,No,No,Vegetariano,No,no completo,no completo,Efectivo,2421,Antonio Lutz
1747954010,62.0,Masculino,Chicago,Alto,4,45.95,No,Sí,Carnes,No,(374)700-2023x49448,hernandezricardo@example.net,Efectivo,6746,Christopher Davis
4716414506,19.0,Femenino,Chicago,Muy Alto,9,35.79,No,Sí,Vegetariano,No,no completo,no completo,Tarjeta,13763,Kara Hall
5213417143,56.0,Masculino,Chicago,Muy Alto,3,52.52,Sí,Sí,Carnes,Sí,no completo,no completo,Tarjeta,12575,Dennis Watkins
4715689727,59.0,Femenino,Chicago,Muy Alto,6,67.76,No,Sí,Carnes,Sí,001-862-263-7386x04983,no completo,Tarjeta,11896,Amy Pruitt
3546681221,67.0,Masculino,Chicago,Medio,3,13.28,No,Sí,Carnes,No,no completo,no completo,Efectivo,3267,Brandon Hull
7960220923,65.0,Femenino,Chicago,Medio,2,9.22,No,Sí,Mariscos,No,no completo,no completo,App,2562,Darlene Goodman
2322009221,23.0,Masculino,Chicago,Alto,5,36.76,Sí,Sí,Mariscos,No,001-484-832-6202,james16@example.com,Tarjeta,3664,Robert Frazier
8159767378,72.0,Masculino,Chicago,Bajo,2,9.01,Sí,Sí,Carnes,No,no completo,jessicabecker@example.org,Tarjeta,1497,Michael Lee
8621830672,63.0,Femenino,Chicago,Alto,4,9.93,No,Sí,Vegetariano,No,no completo,no completo,Efectivo,4390,Desiree Gutierrez
3621788307,38.0,Femenino,Chicago,Medio,5,17.16,Sí,Sí,Carnes,No,001-731-418-4819,pfarmer@example.org,Tarjeta,2986,Michelle Mays
2888192655,49.0,Femenino,Chicago,Alto,6,19.9,Sí,No,Carnes,Sí,no completo,schneiderjulie@example.org,App,7135,Morgan Diaz
2275272470,32.0,Masculino,Chicago,Bajo,1,8.1,No,Sí,Vegetariano,No,no completo,no completo,Tarjeta,1092,Adam Campos
6348207818,40.0,Masculino,Chicago,Muy Alto,8,32.39,Sí,No,Mariscos,Sí,+1-335-372-9328x2098,jessica11@example.org,Efectivo,11420,Juan Wright
9116428507,32.0,Femenino,Chicago,Bajo,3,9.17,No,Sí,Mariscos,No,no completo,april37@example.net,Efectivo,1262,Julie Bryant
9542146097,18.0,Femenino,Chicago,Muy Alto,7,21.11,No,Sí,Vegano,Sí,6392677510,tatebradley@example.org,App,9294,Frances Kim
7020355385,76.0,Masculino,Chicago,Bajo,1,8.23,Sí,Sí,Carnes,No,6698322221,rallen@example.org,App,1059,Mark Miller
9556021185,64.0,Femenino,Chicago,Medio,4,9.7,No,Sí,Vegetariano,No,+1-369-762-1208x2745,no completo,App,1693,Donna Durham
6480112030,76.0,Femenino,Chicago,Alto,6,51.24,Sí,Sí,Vegetariano,Sí,no completo,no completo,Tarjeta,7994,Michele Miller
6823347355,43.0,Masculino,Chicago,Medio,5,7.42,No,Sí,Pescado,No,no completo,no completo,Efectivo,2621,Michael Obrien
6321546247,66.0,Femenino,Chicago,Muy Alto,8,64.49,No,Sí,Vegetariano,Sí,248.408.3789,arios@example.org,App,15687,Barbara Mercer
5798941961,21.0,Femenino,Chicago,Bajo,1,9.37,Sí,Sí,Vegano,No,no completo,morenoeric@example.org,Efectivo,916,Kayla Owens
8191770328,34.0,Femenino,Chicago,Alto,6,33.32,Sí,Sí,Vegetariano,Sí,no completo,igarcia@example.com,Efectivo,4952,Alexis Ball
2071552532,34.0,Femenino,Chicago,Medio,5,28.93,No,No,Carnes,No,no completo,lisa75@example.com,App,2237,Michelle Rodriguez
7847691451,30.0,Masculino,Chicago,Medio,4,27.57,Sí,No,Carnes,No,781-232-0764x8974,rodrigueztimothy@example.org,Tarjeta,3311,Kevin Smith
9873258555,35.0,Masculino,Chicago,Alto,4,48.37,No,Sí,Carnes,Sí,001-683-310-0039x449,trobertson@example.com,Efectivo,7964,Miguel West
4077942976,60.0,Masculino,Chicago,Medio,5,10.29,Sí,No,Mariscos,No,+1-254-795-1055x62184,ysanchez@example.net,Tarjeta,2310,Don Thompson
4284515765,62.0,Masculino,Chicago,Alto,4,35.85,Sí,Sí,Vegetariano,No,001-805-207-4287x548,davidcole@example.com,Efectivo,7002,Zachary Pearson
5473604479,67.0,Masculino,Chicago,Bajo,1,7.05,Sí,Sí,Carnes,No,no completo,whiteeric@example.net,Efectivo,974,Joseph Garrett
1717462505,45.0,Masculino,Chicago,Bajo,2,9.75,No,No,Pescado,No,+1-485-421-4981,charlesgreen@example.org,Tarjeta,1027,Brandon Fields
5738967614,55.0,Masculino,Chicago,Alto,4,34.39,Sí,Sí,Carnes,Sí,no completo,alopez@example.com,Efectivo,5129,Cameron Orr
5144235090,36.0,Masculino,Chicago,Alto,6,50.65,Sí,No,Otro,Sí,no completo,no completo,Tarjeta,8176,Chad Miller
6658114473,65.0,Femenino,Chicago,Medio,5,9.16,No,Sí,Carnes,No,(486)643-0979,brian04@example.org,App,2080,Kelly Williams
6615983560,62.0,Femenino,Chicago,Alto,6,33.47,No,No,Pescado,No,no completo,no completo,Efectivo,7732,Krystal Russell
5997975427,18.0,Femenino,Chicago,Medio,5,12.66,Sí,No,Vegetariano,No,894.913.9837x1394,taylor02@example.net,Efectivo,3425,Kelly Robinson
9362797147,39.0,Femenino,Chicago,Muy Alto,9,18.9,No,No,Vegetariano,Sí,no completo,dennisstacy@example.net,App,13214,Melissa Gomez
2140747529,35.0,Masculino,Chicago,Bajo,1,5.2,No,No,Otro,No,(627)850-9014x028,no completo,App,1483,Paul Liu
9306210405,50.0,Femenino,Chicago,Medio,5,28.53,Sí,Sí,Pescado,No,no completo,jeremyherrera@example.com,Tarjeta,2105,Erica Gomez
6550577435,76.0,Masculino,Chicago,Bajo,1,5.92,Sí,Sí,Vegetariano,No,250-554-2517x40889,no completo,Efectivo,928,Jonathan Hill
7505818220,77.0,Masculino,Chicago,Medio,3,11.81,No,No,Otro,No,no completo,wilsontracey@example.net,Efectivo,3301,Ryan Garcia
3652412568,59.0,Masculino,Chicago,Bajo,2,8.12,Sí,Sí,Carnes,No,no completo,douglasclark@example.com,Efectivo,1011,Walter Chambers
5202643907,29.0,Masculino,Chicago,Alto,5,52.99,No,Sí,Mariscos,Sí,(513)324-8583x519,no completo,Efectivo,3663,Mark Blevins
5371414482,65.0,Masculino,Chicago,Muy Alto,7,26.9,No,Sí,Carnes,Sí,+1-966-734-5000x25405,no completo,Tarjeta,17989,Richard Le
4923458173,38.0,Femenino,Chicago,Bajo,3,5.95,Sí,No,Carnes,No,no completo,no completo,Efectivo,1373,Sara Browning
2038211806,24.0,Masculino,Chicago,Alto,4,36.37,Sí,No,Pescado,No,no completo,rgonzalez@example.org,Efectivo,7330,Peter Jones
5170235520,72.0,Masculino,Chicago,Alto,3,21.89,Sí,No,Carnes,Sí,no completo,no completo,Efectivo,4772,James Rivers
6719844291,47.0,Femenino,Chicago,Medio,4,9.55,No,Sí,Vegetariano,No,+1-639-512-0389x112,nicolelewis@example.net,Tarjeta,3403,Veronica Lewis
2096727229,20.0,Masculino,Chicago,Muy Alto,6,57.18,No,Sí,Carnes,Sí,no completo,mthompson@example.net,Efectivo,17861,Thomas Perkins
5917679694,67.0,Femenino,Chicago,Muy Alto,9,76.72,Sí,Sí,Vegetariano,Sí,no completo,no completo,App,11431,Leslie Brown
4715630017,61.0,Femenino,Chicago,Muy Alto,9,17.96,Sí,Sí,Carnes,Sí,no completo,no completo,Tarjeta,17459,Sherri Floyd
8766884198,72.0,Masculino,Chicago,Medio,3,16.7,Sí,No,Vegetariano,No,001-720-209-6231x05206,no completo,App,2615,Christian Medina
3106631393,43.0,Femenino,Chicago,Alto,5,37.52,No,No,Otro,Sí,no completo,santanalinda@example.net,Efectivo,7870,Sabrina Clark
4736944249,80.0,Masculino,Chicago,Alto,3,9.17,No,Sí,Vegetariano,Sí,594-643-5981,no completo,App,6821,Daniel Perez
2722415610,36.0,Femenino,Chicago,Medio,5,20.94,No,No,Pescado,No,8714201468,no completo,Efectivo,2749,Yolanda Harvey
5722064241,61.0,Masculino,Chicago,Muy Alto,8,17.8,Sí,Sí,Mariscos,Sí,(298)494-0076,no completo,Tarjeta,12356,Gabriel Erickson
5083437740,41.0,Femenino,Chicago,Medio,4,21.45,Sí,No,Vegetariano,No,+1-911-695-7329x005,timothy93@example.com,Tarjeta,2861,Breanna Morris
5959590683,24.0,Femenino,Chicago,Bajo,1,6.2,Sí,Sí,Mariscos,No,001-844-471-2266x48524,no completo,Efectivo,945,Jennifer Mack
3963898208,70.0,Femenino,Chicago,Muy Alto,7,53.63,Sí,Sí,Pescado,Sí,no completo,no completo,App,15637,Leslie Berry
2633310909,18.0,Masculino,Chicago,Muy Alto,8,39.86,No,Sí,Mariscos,Sí,(613)703-0656,larry53@example.com,Efectivo,14271,Daniel Obrien
9455416021,24.0,Femenino,Chicago,Muy Alto,6,63.16,Sí,Sí,Carnes,Sí,+1-692-596-8123x57052,jacquelinethompson@example.org,Tarjeta,13401,Jennifer Williams
2833906002,58.0,Masculino,Chicago,Alto,4,15.25,No,Sí,Carnes,Sí,no completo,no completo,Tarjeta,5220,Thomas Martinez
1772825941,32.0,Masculino,Chicago,Bajo,3,8.35,Sí,No,Vegetariano,No,(632)370-7625,no completo,App,1076,Randy Thompson
4080030228,45.0,Femenino,Chicago,Alto,3,39.1,No,Sí,Carnes,Sí,no completo,no completo,Tarjeta,8961,Jamie Hughes
8375996697,28.0,Femenino,Chicago,Muy Alto,7,34.2,No,Sí,Pescado,Sí,no completo,mitchell11@example.com,App,17931,Jennifer Benson
1872156767,46.0,Femenino,Chicago,Bajo,2,9.73,Sí,No,Carnes,No,no completo,jerrysparks@example.net,Tarjeta,1466,Jacqueline Hill
9700875529,50.0,Masculino,Chicago,Muy Alto,7,80.53,Sí,Sí,Mariscos,Sí,(670)268-9257x8385,no completo,Efectivo,15587,Duane Acevedo
2183736293,74.0,Femenino,Chicago,Muy Alto,7,17.43,Sí,Sí,Pescado,Sí,no completo,no completo,App,16023,Hannah Fisher
9435794141,31.0,Femenino,Chicago,Medio,2,24.9,No,No,Mariscos,Sí,no completo,no completo,App,2468,Kathleen Price
2391468155,60.0,Masculino,Chicago,Medio,3,5.25,No,Sí,Vegetariano,No,no completo,no completo,Efectivo,2112,Thomas Terry
9528794813,66.0,Femenino,Chicago,Medio,3,26.34,No,No,Mariscos,No,no completo,johnsonkatherine@example.org,Efectivo,2812,Jessica Vargas
4946958383,55.0,Masculino,Chicago,Medio,2,18.78,Sí,No,Pescado,Sí,no completo,no completo,Efectivo,3116,Anthony Burns
3868024866,68.0,Masculino,Chicago,Medio,2,12.79,Sí,Sí,Carnes,No,no completo,no completo,Tarjeta,2574,Dustin Stone
7539002241,61.0,Femenino,Chicago,Medio,2,8.39,No,Sí,Carnes,No,(645)762-4785x804,jasonjensen@example.com,Efectivo,2379,Tonya Gonzalez
3253391636,73.0,Masculino,Chicago,Medio,3,12.83,Sí,No,Otro,No,(933)927-5058,cmack@example.net,Efectivo,2690,Patrick Mckee
3496897808,24.0,Femenino,Chicago,Bajo,1,6.62,Sí,Sí,Carnes,No,no completo,john57@example.org,Efectivo,1581,Olivia Baker
4063550639,72.0,Masculino,Chicago,Medio,3,17.97,Sí,No,Carnes,No,869-341-3405,christopher20@example.com,Efectivo,2033,Edward English
9805298587,18.0,Femenino,Chicago,Muy Alto,5,44.36,Sí,Sí,Vegetariano,Sí,(426)918-6771x2568,no completo,App,11058,Stephanie Chambers
7085004726,74.0,Masculino,Chicago,Alto,4,14.78,No,No,Pescado,No,no completo,shepherdsamantha@example.net,Tarjeta,8957,Dylan Spencer
5319623629,28.0,Masculino,Chicago,Alto,6,17.36,Sí,Sí,Pescado,Sí,664.735.9053x148,no completo,Efectivo,5945,Billy House
4159621898,51.0,Masculino,Chicago,Bajo,3,5.76,No,Sí,Vegano,No,no completo,no completo,App,1036,Christian Walker
3651820917,50.0,Femenino,Chicago,Muy Alto,10,84.45,No,Sí,Carnes,Sí,(252)608-4339,aaronfisher@example.net,Efectivo,13435,Diana Valdez
4844090678,38.0,Femenino,Chicago,Alto,4,58.24,Sí,No,Carnes,Sí,5065018089,jessicawells@example.com,Tarjeta,6009,Nicole Patrick
9245800938,19.0,Femenino,Chicago,Muy Alto,6,79.37,Sí,Sí,Pescado,Sí,+1-318-479-4704,swilliams@example.net,Efectivo,17451,Michelle Miller
6320547759,60.0,Femenino,Chicago,Medio,2,20.58,No,No,Otro,No,no completo,clarkpatricia@example.com,App,2610,Elizabeth Johnson
9798372109,43.0,Masculino,Chicago,Medio,5,21.87,Sí,No,Vegano,Sí,203.977.2421x18590,jasonchandler@example.org,App,2778,John Roy
1336150210,51.0,Femenino,Chicago,Alto,6,45.92,Sí,No,Otro,Sí,001-336-369-1735x3757,meyercorey@example.com,Tarjeta,4579,Jessica Mendoza
8311200266,56.0,Femenino,Chicago,Muy Alto,3,97.76,Sí,Sí,Vegano,Sí,no completo,no completo,App,16933,Terry Davies
9554663532,66.0,Masculino,Chicago,Alto,5,10.23,No,Sí,Vegetariano,Sí,+1-259-612-0551x80585,smunoz@example.net,Efectivo,5926,Travis Ramsey
1791942421,72.0,Femenino,Chicago,Alto,5,45.8,No,Sí,Pescado,Sí,no completo,no completo,Efectivo,4372,Sabrina Thomas
9270643759,28.0,Femenino,Chicago,Alto,5,26.37,Sí,Sí,Carnes,Sí,(401)317-4932x151,barbara75@example.com,Tarjeta,5567,Elizabeth Larsen
3661576929,18.0,Masculino,Chicago,Alto,4,32.07,Sí,Sí,Carnes,Sí,no completo,no completo,Efectivo,6646,Matthew Patel
7030817747,56.0,Masculino,Chicago,Muy Alto,9,64.98,Sí,No,Vegetariano,Sí,312.592.6105,no completo,App,11185,Ronald Montgomery
6035969071,29.0,Masculino,Chicago,Muy Alto,8,72.57,No,Sí,Carnes,Sí,no completo,derrick76@example.net,Efectivo,14555,Joshua Jones
2328885802,77.0,Masculino,Chicago,Alto,4,9.38,Sí,No,Vegetariano,No,+1-943-540-1760x71817,katelyn40@example.com,Tarjeta,8356,Gregory Carpenter
2459525419,74.0,Femenino,Chicago,Alto,6,31.23,No,No,Carnes,No,449.593.7538,no completo,App,4215,Jennifer Rice
5563810247,70.0,Femenino,Chicago,Bajo,1,9.53,No,Sí,Pescado,No,no completo,no completo,App,1431,Ashley Marshall
2828666420,54.0,Femenino,Chicago,Medio,5,27.1,Sí,No,Pescado,No,+1-283-834-1635x848,johnsonpatrick@example.com,Efectivo,3008,Tracey Rowland
7129095260,59.0,Masculino,Chicago,Bajo,3,6.73,Sí,No,Carnes,No,+1-822-706-1044x83492,mitchellpaula@example.org,Efectivo,919,Ryan Barry
7928917961,67.0,Femenino,Chicago,Alto,6,56.75,No,No,Vegetariano,No,6299331609,tiffanylynch@example.com,Tarjeta,6477,Angela Rosales
8619188775,74.0,Masculino,Chicago,Muy Alto,10,47.43,Sí,Sí,Vegano,Sí,001-510-666-9727x31700,longmelissa@example.net,Tarjeta,10340,Anthony Miller
1283850417,75.0,Femenino,Chicago,Medio,2,15.68,Sí,Sí,Vegetariano,No,no completo,thompsontina@example.org,Efectivo,2343,Catherine Pierce
9381721143,20.0,Femenino,Chicago,Bajo,2,6.49,Sí,Sí,Vegano,No,no completo,wortiz@example.org,Tarjeta,1281,Alexis Quinn
5387044101,71.0,Masculino,Chicago,Bajo,1,8.83,Sí,No,Carnes,No,no completo,no completo,Efectivo,1515,Michael Scott
2812140441,46.0,Masculino,Chicago,Medio,3,23.21,Sí,No,Carnes,No,no completo,chad58@example.net,App,1642,Dustin Mcbride
1077090344,53.0,Masculino,Chicago,Medio,5,14.81,No,No,Vegano,No,001-239-896-3393,hugheschristina@example.org,App,3134,Derrick Jackson
7794992582,46.0,Masculino,Chicago,Alto,6,35.44,Sí,Sí,Carnes,No,no completo,traceymiller@example.net,Tarjeta,7975,Ryan Webb
5267558698,41.0,Masculino,Chicago,Medio,4,29.07,No,Sí,Mariscos,No,no completo,aprilcruz@example.org,Tarjeta,1889,Adam Daniels
4973774025,59.0,Masculino,Chicago,Muy Alto,5,34.84,Sí,Sí,Otro,Sí,no completo,no completo,App,13686,Daniel Rodriguez
2267081065,67.0,Femenino,Chicago,Alto,5,45.91,Sí,No,Vegetariano,Sí,no completo,no completo,Tarjeta,6175,Paula Juarez
6959501845,49.0,Femenino,Chicago,Bajo,3,7.86,Sí,Sí,Carnes,No,no completo,no completo,Efectivo,1578,Megan Jones
5985718256,30.0,Femenino,Chicago,Alto,4,56.46,Sí,Sí,Vegetariano,No,no completo,no completo,Tarjeta,3801,Tammy Vargas
3015589768,18.0,Masculino,Chicago,Alto,6,52.44,Sí,Sí,Vegetariano,Sí,no completo,no completo,Efectivo,7066,Richard Andrews
5508149905,47.0,Masculino,Chicago,Muy Alto,7,67.73,No,Sí,Vegano,Sí,no completo,no completo,Tarjeta,15961,Caleb Mercer
6027899528,69.0,Femenino,Chicago,Muy Alto,8,59.92,Sí,Sí,Carnes,No,no completo,dguerra@example.org,App,16839,Mary Zavala
4131012566,26.0,Femenino,Chicago,Medio,3,16.62,No,Sí,Pescado,No,+1-355-458-1923x40365,no completo,App,3164,Elizabeth Reilly
7952410744,22.0,Femenino,Chicago,Alto,6,56.45,Sí,Sí,Vegetariano,Sí,804-441-4607x63274,james11@example.org,Efectivo,5579,Kayla Henry
4706249669,30.0,Femenino,Chicago,Alto,5,8.03,No,Sí,Vegetariano,No,001-582-332-6549x260,no completo,App,7630,Kellie Douglas
3960136787,65.0,Femenino,Chicago,Medio,4,26.92,Sí,Sí,Otro,No,383.561.7967x96519,christianacosta@example.net,Efectivo,1945,Joyce Foster
3967280998,21.0,Femenino,Chicago,Bajo,1,9.79,Sí,Sí,Otro,No,no completo,no completo,Efectivo,1206,Alyssa Mcpherson
6884333221,70.0,Masculino,Chicago,Alto,6,38.0,No,Sí,Vegetariano,No,no completo,no completo,Efectivo,4543,Alejandro Odonnell
8111548844,62.0,Femenino,Chicago,Bajo,2,,No,Sí,Carnes,No,no completo,no completo,App,965,Angela Bird
1754849915,38.0,Masculino,Chicago,Alto,3,16.4,Sí,Sí,Vegano,Sí,no completo,no completo,Tarjeta,5337,Jacob Thomas
4994825020,70.0,Femenino,Chicago,Alto,4,6.94,Sí,Sí,Otro,No,no completo,no completo,App,5072,Tammy Macias
2195810743,49.0,Masculino,Chicago,Alto,5,10.1,No,Sí,Carnes,Sí,no completo,stephaniethomas@example.com,Tarjeta,4974,Jeffrey Burke
5751654002,21.0,Femenino,Chicago,Medio,5,13.12,No,Sí,Carnes,No,no completo,andrewlutz@example.com,Efectivo,2950,Rhonda Carter
2824643661,63.0,Femenino,Chicago,Muy Alto,10,29.03,Sí,Sí,Vegano,Sí,no completo,no completo,App,14412,Mary Martinez
6932792457,44.0,Masculino,Chicago,Muy Alto,7,20.18,No,No,Vegetariano,Sí,no completo,no completo,Efectivo,17041,Raymond Park
9488715564,54.0,Femenino,Chicago,Medio,4,13.55,Sí,Sí,Vegano,No,001-600-902-2009,no completo,Tarjeta,3158,Vanessa Rivera
5648952124,18.0,Masculino,Chicago,Medio,2,,No,Sí,Carnes,Sí,749.472.3742x4821,no completo,Efectivo,1805,Terrance Torres
2150189847,63.0,Masculino,Chicago,Medio,4,23.13,No,Sí,Vegetariano,Sí,219-229-0493x1791,no completo,Tarjeta,3042,Anthony Hudson
8253927658,62.0,Femenino,Chicago,Bajo,2,5.64,No,Sí,Mariscos,No,no completo,andrea16@example.com,Efectivo,1230,Allison Yang
4566698486,50.0,Masculino,Chicago,Medio,4,27.98,No,Sí,Pescado,No,737-886-5929x20863,murphysarah@example.com,Tarjeta,1755,Jeffrey Foster
6751685477,55.0,Masculino,Chicago,Medio,5,26.09,No,Sí,Carnes,No,9932566215,jared22@example.org,Efectivo,2985,Matthew Blackburn
6607097661,42.0,Femenino,Chicago,Medio,5,16.87,No,No,Mariscos,No,no completo,angelacunningham@example.net,App,3192,Tammy Cowan
7761130248,40.0,Masculino,Chicago,Medio,2,11.63,No,Sí,Pescado,No,001-599-702-9342x936,no completo,Tarjeta,2149,Christopher Marshall
1201390335,51.0,Masculino,Chicago,Alto,4,53.31,No,Sí,Vegano,Sí,no completo,no completo,App,7049,Timothy Carlson
6248817328,44.0,Masculino,Chicago,Muy Alto,10,33.86,Sí,No,Vegetariano,Sí,001-834-721-2109x7905,no completo,Tarjeta,17678,Randall Moss
2301188571,52.0,Femenino,Chicago,Bajo,1,7.16,No,No,Carnes,No,001-570-717-2162x6786,no completo,Efectivo,1451,Heidi Burgess
4729100207,59.0,Masculino,Chicago,Muy Alto,6,97.66,No,Sí,Vegetariano,Sí,no completo,john96@example.com,Tarjeta,15303,Donald Lyons
2777556269,59.0,Masculino,Chicago,Muy Alto,7,74.74,No,Sí,Carnes,Sí,+1-544-706-3797,fmarshall@example.net,Efectivo,17491,Brian Garcia
6923301988,64.0,Femenino,Chicago,Medio,3,23.27,No,No,Mariscos,Sí,(698)727-0610x001,no completo,Efectivo,2792,Melissa Hatfield
9334364363,55.0,Femenino,Chicago,Muy Alto,5,49.55,No,Sí,Vegano,Sí,943.994.2523,no completo,Efectivo,16333,Ashley Valdez
5373348622,39.0,Femenino,Chicago,Alto,6,38.43,No,Sí,Carnes,Sí,no completo,no completo,Efectivo,4186,Kimberly Jordan
6738840177,47.0,Femenino,Chicago,Alto,3,14.12,No,No,Vegano,Sí,no completo,csteele@example.com,Efectivo,5411,Nichole Garrett
6515490818,59.0,Masculino,Chicago,Medio,2,7.82,Sí,No,Carnes,Sí,001-347-845-1535x35532,no completo,App,1863,Thomas Buchanan
5075027913,18.0,Masculino,Chicago,Muy Alto,6,62.43,Sí,Sí,Mariscos,Sí,928.914.1132,valerie81@example.org,Efectivo,13926,Bryan Ayers
5676937381,38.0,Masculino,Chicago,Muy Alto,7,22.02,No,Sí,Vegano,Sí,001-323-659-8113x663,no completo,App,11888,David Martinez
8065803509,21.0,Femenino,Chicago,Medio,5,18.97,Sí,Sí,Carnes,No,+1-672-236-6864x6614,no completo,Efectivo,2365,Carrie Miller
6652461055,34.0,Femenino,Chicago,Bajo,1,5.93,No,No,Carnes,No,(531)344-9406x5450,no completo,Efectivo,1349,Lisa Hernandez
5597002735,56.0,Masculino,Chicago,Alto,5,40.7,No,No,Carnes,Sí,no completo,no completo,Efectivo,6010,Austin Greene
3517677005,54.0,Masculino,Chicago,Medio,2,26.15,Sí,No,Vegetariano,No,no completo,kimberly14@example.com,Efectivo,2893,Christopher Paul
5479267516,25.0,Femenino,Chicago,Medio,2,5.4,Sí,Sí,Vegetariano,Sí,345-382-3855,barronkimberly@example.net,Efectivo,1856,Marilyn Santos
2038933287,27.0,Masculino,Chicago,Alto,6,57.4,No,Sí,Carnes,No,no completo,kristin16@example.net,App,8058,Kyle Mclaughlin
2274196572,51.0,Femenino,Chicago,Alto,6,29.94,No,No,Vegetariano,Sí,880.478.1468x02100,suzannecaldwell@example.org,App,5977,Abigail Kennedy
5916210945,75.0,Masculino,Chicago,Medio,2,15.32,No,No,Vegano,No,no completo,mark98@example.com,Efectivo,3213,Todd Charles
8605695669,45.0,Femenino,Chicago,Muy Alto,9,7.41,No,Sí,Pescado,Sí,849-261-9418x735,no completo,Efectivo,10440,Donna Weaver
4039894412,74.0,Masculino,Chicago,Medio,5,25.66,No,Sí,Vegetariano,No,001-213-413-7999,dominguezdevin@example.org,Efectivo,1711,Keith Williams
7378975905,79.0,Masculino,Chicago,Muy Alto,5,83.4,No,No,Otro,Sí,386.935.5476x0747,woodwardjames@example.com,Tarjeta,11376,Alan Murillo
5303682052,80.0,Masculino,Chicago,Alto,5,58.27,No,No,Pescado,Sí,no completo,jamesbarrett@example.org,Tarjeta,6368,Brian Ballard
8335258191,19.0,Femenino,Chicago,Muy Alto,5,35.01,No,Sí,Otro,Sí,534.801.2846x7062,no completo,Tarjeta,11438,Jody Landry
1515397731,47.0,Femenino,Chicago,Bajo,1,7.79,No,Sí,Otro,No,3107861748,no completo,Tarjeta,1183,Mary Fisher
1818520766,43.0,Femenino,Chicago,Alto,4,44.31,Sí,Sí,Carnes,Sí,no completo,michael33@example.org,App,4980,Jennifer Stevens
1853254184,79.0,Masculino,Chicago,Medio,4,26.87,Sí,No,Mariscos,No,no completo,no completo,App,2662,Brian Diaz
2297524788,31.0,Masculino,Chicago,Alto,4,13.58,Sí,Sí,Carnes,Sí,no completo,no completo,App,5034,Matthew Page
4089049607,62.0,Masculino,Chicago,Bajo,3,8.8,No,Sí,Carnes,No,795-336-4450x9709,no completo,Tarjeta,909,Tim Ruiz
7589707547,20.0,Masculino,Chicago,Bajo,3,5.67,Sí,Sí,Carnes,No,no completo,no completo,Efectivo,1301,Christopher Ford
3824776052,18.0,Masculino,Chicago,Alto,6,13.56,No,Sí,Carnes,Sí,901-228-0461x559,no completo,App,5538,Keith Wilkerson
2683969771,64.0,Masculino,Chicago,Medio,4,25.81,No,Sí,Carnes,Sí,001-980-740-9377x78737,nhamilton@example.com,Criptomoneda,2961,Matthew Cross
2008716202,49.0,Femenino,Chicago,Medio,5,26.54,Sí,No,Mariscos,No,941.685.6777,no completo,Tarjeta,3447,Diana Cortez
6340003593,73.0,Masculino,Chicago,Bajo,3,9.01,No,Sí,Mariscos,No,752-383-4853x46021,stewartduane@example.com,Efectivo,1130,William Luna
2383666742,38.0,Masculino,Chicago,Medio,5,10.3,No,No,Otro,No,(808)932-6990x11487,lesliemiranda@example.net,Efectivo,1832,Peter Evans
3039340985,45.0,Femenino,Chicago,Alto,5,29.98,No,No,Carnes,Sí,(237)596-8903,no completo,Efectivo,6295,Lynn Guerrero
6592426108,78.0,Femenino,Chicago,Medio,3,26.89,No,No,Vegetariano,No,no completo,hughesmisty@example.net,Efectivo,2609,Elizabeth Delacruz
3315965162,54.0,Masculino,Chicago,Alto,5,17.94,Sí,Sí,Vegano,Sí,no completo,no completo,Efectivo,4838,Taylor Mitchell
2811346167,57.0,Femenino,Chicago,Muy Alto,10,75.73,No,Sí,Vegano,Sí,001-524-473-9070x707,no completo,Efectivo,10764,Taylor Wilkins
6265180701,32.0,Femenino,Chicago,Bajo,3,5.64,No,Sí,Otro,No,no completo,nmoreno@example.com,Tarjeta,1270,Tammy Porter
3327719428,33.0,Masculino,Chicago,Medio,4,13.76,Sí,No,Carnes,No,218.842.7888,nathanielbrandt@example.com,Efectivo,3248,Brian Brown
2762198468,76.0,Masculino,Chicago,Alto,5,26.78,No,No,Pescado,No,no completo,no completo,App,4515,Timothy Powell
5426502879,30.0,Femenino,Chicago,Medio,2,6.2,Sí,Sí,Mariscos,No,no completo,thorntoncharles@example.org,App,2448,Nicole Navarro
9116506114,25.0,Femenino,Chicago,Medio,2,22.58,Sí,Sí,Carnes,No,no completo,jensendeborah@example.net,App,1841,Jo Cowan
4480443642,19.0,Femenino,Chicago,Muy Alto,5,74.84,No,Sí,Carnes,Sí,no completo,no completo,Tarjeta,12877,Rebecca Myers
1604381788,54.0,Femenino,Chicago,Medio,2,26.69,Sí,No,Vegano,No,3114641612,tyler12@example.com,Tarjeta,3190,Wendy Wright
1322351541,37.0,Femenino,Chicago,Medio,2,18.28,No,No,Carnes,No,+1-844-333-2629x9899,welchrobert@example.net,Tarjeta,3412,Rachel Stewart
7902823328,73.0,Masculino,Chicago,Medio,3,7.39,Sí,No,Carnes,No,no completo,no completo,Tarjeta,2911,George Suarez
6388090295,76.0,Masculino,Chicago,Muy Alto,8,27.21,Sí,No,Carnes,Sí,no completo,no completo,Tarjeta,9328,Austin Robertson
4463474778,59.0,Masculino,Chicago,Muy Alto,10,45.02,Sí,Sí,Carnes,Sí,no completo,matthew43@example.com,App,11137,Richard Huynh
4784411165,78.0,Masculino,Chicago,Muy Alto,10,92.17,Sí,No,Otro,Sí,+1-373-350-5058x202,jenna38@example.com,Efectivo,12506,Leonard Kelly
3799264931,68.0,Femenino,Chicago,Alto,5,35.83,Sí,No,Mariscos,No,no completo,edwardnguyen@example.com,Efectivo,4219,Kelly Leonard
3398510824,29.0,Femenino,Chicago,Bajo,2,6.02,Sí,Sí,Vegano,No,no completo,jacksonlisa@example.com,Tarjeta,992,Jacqueline Griffin
2051516118,63.0,Femenino,Chicago,Bajo,1,5.08,No,Sí,Vegano,No,+1-972-636-4520x17015,no completo,Efectivo,1164,Linda White
4642342815,51.0,Masculino,Chicago,Medio,5,6.64,No,Sí,Carnes,No,+1-971-603-8004,no completo,Tarjeta,2990,Robert Williams
6841049271,32.0,Femenino,Chicago,Alto,6,47.89,Sí,No,Carnes,Sí,001-663-897-2060x62475,glennthompson@example.net,Tarjeta,7329,Rachel Jones
1993061577,39.0,Femenino,Chicago,Medio,5,7.18,No,No,Pescado,No,no completo,jillhoward@example.net,App,2016,Jennifer Le
4442231856,30.0,Masculino,Chicago,Medio,5,26.72,Sí,Sí,Otro,No,001-640-979-2834x781,no completo,Efectivo,2483,Kevin Adams
6528412331,37.0,Masculino,Chicago,Medio,4,9.06,No,No,Carnes,Sí,no completo,tamaramartin@example.net,Efectivo,3429,Kevin Ramsey
6336338219,37.0,Masculino,Chicago,Medio,5,19.45,Sí,No,Mariscos,No,+1-246-911-7806,veronicacharles@example.org,Efectivo,1619,Douglas Harris
8450035492,51.0,Femenino,Chicago,Medio,4,6.86,Sí,Sí,Pescado,Sí,(485)966-5688,codyevans@example.net,App,2692,Susan Moore
4391243989,33.0,Femenino,Chicago,Medio,4,25.59,No,No,Otro,Sí,909.944.8308x164,no completo,App,1749,Debbie Rodriguez
9491796858,68.0,Femenino,Chicago,Alto,6,29.8,Sí,Sí,Pescado,Sí,(339)863-7780x177,garciaandres@example.org,Efectivo,4765,Joyce Beltran
3154291677,56.0,Femenino,Chicago,Alto,4,22.76,Sí,Sí,Vegetariano,Sí,no completo,no completo,Tarjeta,8810,Brandy Gallagher
1068897913,80.0,Masculino,Chicago,Muy Alto,10,100.09,Sí,Sí,Mariscos,Sí,no completo,no completo,App,15893,Anthony Armstrong
9001404820,47.0,Femenino,Chicago,Medio,5,13.6,No,No,Carnes,No,718-350-5531x953,abryan@example.com,Efectivo,3274,Jennifer Maynard
5645520528,22.0,Masculino,Chicago,Bajo,3,7.44,Sí,Sí,Vegano,No,no completo,no completo,Tarjeta,1568,Roger Harris
3780342764,33.0,Masculino,Chicago,Muy Alto,5,8.5,Sí,Sí,Carnes,No,no completo,no completo,Tarjeta,16103,Daniel Sanchez
5456138566,60.0,Masculino,Chicago,Bajo,3,6.48,Sí,Sí,Pescado,No,no completo,no completo,App,966,Stephen Smith
3723700483,59.0,Femenino,Chicago,Muy Alto,7,69.86,Sí,Sí,Mariscos,Sí,+1-557-949-9868x26090,rhenderson@example.org,Efectivo,15060,Sherri Pittman
2868157083,24.0,Femenino,Chicago,Medio,2,18.6,Sí,Sí,Vegano,No,no completo,stephen74@example.org,Efectivo,3336,Christine Olson
1190487386,42.0,Masculino,Chicago,Alto,4,58.14,Sí,Sí,Vegano,Sí,688.442.0850,no completo,Efectivo,7808,Gary Willis
1318915981,43.0,Masculino,Chicago,Medio,5,20.05,Sí,No,Mariscos,No,no completo,brianhines@example.org,Efectivo,2598,Shawn Wolfe
7414673077,21.0,Femenino,Chicago,Muy Alto,9,87.75,Sí,No,Carnes,Sí,no completo,kimberlybutler@example.org,Efectivo,11734,Catherine Daniels
9088443608,51.0,Masculino,Chicago,Medio,3,11.78,Sí,No,Mariscos,No,no completo,no completo,Tarjeta,3335,Daniel Lewis
6057435868,55.0,Masculino,Chicago,Medio,4,6.46,No,Sí,Vegetariano,No,(652)875-7435,lori55@example.net,Efectivo,2135,Nicholas Jenkins
1200793449,56.0,Femenino,Chicago,Alto,5,58.01,No,No,Vegetariano,Sí,347-773-4373,no completo,Efectivo,3687,Julia Adams
1846286593,61.0,Femenino,Chicago,Muy Alto,9,62.06,No,Sí,Vegetariano,Sí,no completo,jgood@example.com,Tarjeta,15393,Theresa Johnson
5006748052,39.0,Femenino,Chicago,Alto,6,23.39,Sí,No,Mariscos,Sí,001-624-615-3516,no completo,Efectivo,3959,Taylor Lawson
3108711029,36.0,Femenino,Chicago,Bajo,2,8.58,Sí,Sí,Carnes,No,872.249.9309x320,alison84@example.com,Tarjeta,1097,Denise Smith
6288412270,50.0,Masculino,Chicago,Alto,5,57.54,No,No,Carnes,Sí,no completo,no completo,App,6204,Juan Kemp
8737339019,60.0,Masculino,Chicago,Alto,5,42.16,Sí,No,Otro,Sí,no completo,bentonchad@example.net,Efectivo,5498,Alexander Romero
4857194484,68.0,Masculino,Chicago,Bajo,2,7.2,Sí,Sí,Otro,No,7049032224,no completo,App,1341,Anthony Grimes
9519577735,73.0,Femenino,Chicago,Alto,4,19.98,No,No,Carnes,Sí,no completo,wnewman@example.org,Tarjeta,7751,Anne Preston
9885460144,52.0,Masculino,Chicago,Alto,5,38.82,No,Sí,Carnes,Sí,6277644722,etaylor@example.com,Tarjeta,5994,Michael Sloan
1248775268,77.0,Femenino,Chicago,Medio,3,13.99,Sí,Sí,Vegetariano,No,no completo,carljohnson@example.org,Tarjeta,2484,Debra Romero
7104224123,43.0,Femenino,Chicago,Bajo,2,7.24,No,No,Pescado,No,no completo,no completo,Efectivo,1313,Nicole Burton
6170114639,73.0,Masculino,Chicago,Bajo,1,6.34,Sí,Sí,Pescado,No,001-926-437-9013x710,john82@example.net,Tarjeta,1065,David Wheeler
7820039405,72.0,Masculino,Chicago,Alto,5,31.45,Sí,Sí,Carnes,Sí,(245)358-0119,christinaquinn@example.net,Efectivo,6307,Luis Kelly
4205384349,59.0,Masculino,Chicago,Muy Alto,9,77.75,Sí,Sí,Vegano,Sí,no completo,christopher65@example.net,Efectivo,16181,Robert Raymond
8204133377,49.0,Masculino,Chicago,Alto,6,41.98,Sí,No,Vegetariano,Sí,6835155019,no completo,App,5646,Christopher Bell
8996744137,26.0,Femenino,Chicago,Medio,3,12.58,Sí,Sí,Vegetariano,No,no completo,kbrown@example.org,App,2973,Anna Cole
9745050240,26.0,Femenino,Chicago,Alto,5,21.24,Sí,Sí,Mariscos,No,(808)602-1280,angelaanderson@example.com,App,4041,Theresa Merritt
9432777006,62.0,Femenino,Chicago,Bajo,1,7.92,Sí,Sí,Mariscos,No,627.996.6695x5206,melissa34@example.org,App,991,Rachel Wilson
4602756961,43.0,Femenino,Chicago,Alto,6,47.12,Sí,No,Carnes,No,(313)502-0412x975,no completo,App,5372,Jennifer Livingston
2486979306,57.0,Femenino,Chicago,Muy Alto,10,81.8,No,Sí,Vegano,Sí,(439)353-3677x392,no completo,App,12991,Rebecca Williams
5742792221,65.0,Masculino,Chicago,Bajo,3,7.39,Sí,Sí,Vegano,No,001-681-513-6150,no completo,Efectivo,1313,Christopher Henry
2782157530,19.0,Masculino,Chicago,Medio,5,12.95,No,Sí,Otro,No,no completo,harold66@example.org,App,2324,Charles Fisher
1793979551,36.0,Femenino,Chicago,Medio,3,28.19,Sí,Sí,Carnes,No,+1-394-249-0324x77062,marissa11@example.org,Efectivo,1916,Jessica Moore
3596622371,69.0,Femenino,Chicago,Bajo,1,5.66,No,Sí,Mariscos,No,376-295-3680,pflores@example.org,Efectivo,930,Misty Young
3467779677,64.0,Masculino,Chicago,Alto,4,37.2,No,No,Vegano,Sí,no completo,claudiamendez@example.com,Efectivo,3770,Robert Davis
7025492876,60.0,Femenino,Chicago,Bajo,1,6.85,No,No,Carnes,No,no completo,no completo,App,1481,Courtney Murphy
8188400168,60.0,Masculino,Chicago,Medio,4,13.39,Sí,Sí,Carnes,No,no completo,amy03@example.com,Efectivo,2616,Justin Allen
1742855478,71.0,Masculino,Chicago,Alto,5,40.56,Sí,Sí,Otro,Sí,no completo,no completo,Tarjeta,6758,Calvin Robbins
7254396705,55.0,Femenino,Chicago,Bajo,2,5.44,No,Sí,Carnes,No,no completo,adamvincent@example.net,Tarjeta,1599,Terri Ray
3727525740,27.0,Masculino,Chicago,Alto,4,16.21,No,No,Carnes,Sí,515.578.8028x2449,pmoore@example.net,Tarjeta,4073,Nicholas Alvarez
3539023418,80.0,Femenino,Chicago,Alto,4,59.32,Sí,No,Carnes,Sí,no completo,wdunn@example.org,Efectivo,7662,Heather Shaw
4060289049,31.0,Masculino,Chicago,Bajo,3,6.81,No,Sí,Vegetariano,No,001-679-605-4693,qwilson@example.org,App,1121,Dustin Barry
1814249351,24.0,Masculino,Chicago,Medio,4,23.07,Sí,Sí,Vegetariano,No,6556341277,mckenziekimberly@example.net,App,2103,Anthony Peck
4572079205,66.0,Masculino,Chicago,Muy Alto,6,91.6,No,Sí,Pescado,Sí,4598428147,stevenholland@example.com,Efectivo,10553,Dillon Jones
5220287391,41.0,Femenino,Chicago,Medio,4,29.69,No,No,Carnes,No,no completo,no completo,Efectivo,3081,Marissa Gonzalez
2421458235,30.0,Masculino,Chicago,Alto,6,11.84,No,Sí,Vegano,Sí,7399528951,no completo,Tarjeta,5936,Benjamin Young
1210267569,38.0,Femenino,Chicago,Bajo,1,8.0,Sí,Sí,Carnes,No,no completo,johnsonkelsey@example.org,App,1431,Deborah Kelley
1114894901,66.0,Femenino,Chicago,Alto,6,23.82,Sí,No,Vegetariano,Sí,no completo,no completo,Efectivo,8207,Theresa Ramos
7738124846,38.0,Femenino,Chicago,Medio,3,19.05,No,Sí,Carnes,Sí,310-785-5584x782,snydermark@example.com,App,2407,Mariah Murray
9969678424,62.0,Masculino,Chicago,Medio,2,20.48,No,No,Vegetariano,Sí,no completo,no completo,App,2902,Garrett Clark
9827584841,44.0,Masculino,Chicago,Alto,5,43.71,Sí,No,Otro,No,no completo,vasquezjulie@example.org,App,3928,Chris Roberts
7667532094,41.0,Femenino,Chicago,Alto,6,21.02,Sí,No,Vegano,Sí,001-748-745-3833x264,no completo,Tarjeta,4661,Ashley Rivas
4435627262,64.0,Femenino,Chicago,Alto,3,17.24,No,No,Vegetariano,Sí,no completo,alexandramedina@example.net,Efectivo,8532,Holly Harris
8771690787,37.0,Masculino,Chicago,Medio,3,24.82,No,Sí,Vegetariano,No,no completo,no completo,Efectivo,1893,Keith Byrd
8642956821,26.0,Femenino,Chicago,Medio,3,8.45,No,Sí,Mariscos,No,no completo,no completo,Tarjeta,3375,Susan Harris
8849572476,46.0,Masculino,Chicago,Muy Alto,5,98.12,No,No,Carnes,Sí,no completo,jessica20@example.com,Efectivo,17385,Alexander Williamson
8803298579,19.0,Masculino,Chicago,Bajo,3,7.33,Sí,Sí,Vegano,No,no completo,no completo,Efectivo,1207,Joshua Cooper
8146597223,22.0,Femenino,Chicago,Alto,3,21.87,No,Sí,Carnes,Sí,999.858.3485,lsmith@example.net,Tarjeta,6651,Susan Smith
5069522255,33.0,Masculino,Chicago,Medio,5,5.66,No,Sí,Carnes,No,no completo,no completo,Efectivo,2121,Christopher Watson
8384840466,31.0,Femenino,Chicago,Alto,6,26.15,No,No,Vegano,Sí,no completo,sheppardshannon@example.com,Tarjeta,5371,Jennifer Gregory
8742962837,31.0,Femenino,Chicago,Medio,4,9.61,Sí,Sí,Carnes,No,no completo,pharris@example.org,Efectivo,2214,Jessica Cisneros
3905771574,67.0,Masculino,Chicago,Medio,4,7.33,Sí,Sí,Vegetariano,No,(355)896-0730x497,no completo,Tarjeta,2213,Timothy Young
9445332139,52.0,Masculino,Chicago,Bajo,3,8.18,No,Sí,Carnes,No,no completo,andrewwoods@example.com,Efectivo,1133,Jason Roberson
5273988024,69.0,Masculino,Chicago,Alto,5,24.06,Sí,Sí,Carnes,No,no completo,mthomas@example.org,Tarjeta,3992,Kevin Blankenship
8493135871,38.0,Masculino,Chicago,Bajo,1,6.89,Sí,No,Vegetariano,No,(862)664-6650x76906,katherinelang@example.com,App,1097,Gary Mills
5847023855,20.0,Femenino,Chicago,Bajo,2,5.32,No,No,Vegetariano,No,239-310-5911x142,stephen02@example.com,App,1406,Dana Davis
7079234115,43.0,Femenino,Chicago,Alto,6,5.18,Sí,Sí,Pescado,No,no completo,vasquezbrandi@example.org,App,6512,Krystal Davis
5492922930,76.0,Femenino,Chicago,Medio,3,28.61,Sí,Sí,Carnes,No,no completo,scottguerrero@example.net,App,3205,Carrie Townsend
6175261010,71.0,Femenino,Chicago,Medio,3,9.86,No,Sí,Carnes,No,no completo,alvaradojohn@example.org,Tarjeta,1707,Angela Smith
1473029049,19.0,Masculino,Chicago,Alto,6,8.02,No,Sí,Mariscos,No,+1-907-562-1281x336,no completo,Efectivo,8457,Andre Kelley
2956910592,78.0,Femenino,Chicago,Medio,5,15.71,Sí,No,Mariscos,No,no completo,no completo,Efectivo,2549,Hannah Smith
3619521081,65.0,Femenino,Chicago,Bajo,1,9.52,No,No,Vegetariano,No,334-975-6507,okennedy@example.org,Tarjeta,1229,Cynthia Reynolds
4029778660,27.0,Masculino,Chicago,Muy Alto,10,74.16,No,Sí,Mariscos,Sí,519-406-5375,mark08@example.org,Efectivo,10376,Jonathon Jackson
5386629373,68.0,Femenino,Chicago,Bajo,1,8.93,No,Sí,Carnes,No,001-745-337-5057,no completo,Efectivo,1288,Michelle Williams
3880188409,38.0,Masculino,Chicago,Medio,3,12.03,No,No,Carnes,No,no completo,hectormoore@example.com,App,1973,Adam Rodriguez
7190923004,61.0,Femenino,Chicago,Medio,2,10.47,No,No,Carnes,No,708.382.4289x8921,no completo,Efectivo,2863,Lauren Rodriguez
7561581113,31.0,Masculino,Chicago,Bajo,3,5.93,No,Sí,Vegano,No,no completo,no completo,Efectivo,1319,Mike Thomas
5625342041,61.0,Femenino,Chicago,Muy Alto,5,13.17,Sí,Sí,Mariscos,Sí,855.493.9808,kmeyer@example.net,Efectivo,15324,Jacqueline Rogers
7897759834,58.0,Femenino,Chicago,Alto,3,40.67,Sí,Sí,Carnes,Sí,no completo,qdavis@example.com,Efectivo,6804,Deborah Horn
8954835349,43.0,Femenino,Chicago,Muy Alto,5,13.34,Sí,No,Vegano,Sí,no completo,no completo,Tarjeta,12106,Kimberly Harris
8846666501,69.0,Masculino,Chicago,Alto,5,51.83,Sí,Sí,Carnes,No,(847)651-0023x376,allison16@example.net,Tarjeta,7190,Miguel Short
7654839196,68.0,Masculino,Chicago,Alto,6,47.22,No,Sí,Pescado,No,+1-858-699-1760x89750,castrothomas@example.org,Efectivo,8461,Chase Gonzalez
6272767389,24.0,Masculino,Chicago,Bajo,3,6.4,Sí,Sí,Carnes,No,(547)889-6579x8084,no completo,App,1048,Jacob Cook
1433915170,47.0,Femenino,Chicago,Muy Alto,9,8.16,No,No,Carnes,Sí,(474)321-2894x457,bkane@example.net,Tarjeta,14383,Tina Scott
7204148060,60.0,Femenino,Chicago,Alto,5,5.43,Sí,Sí,Vegetariano,Sí,(996)280-8382,laura88@example.net,Tarjeta,7162,Pamela Jackson
7543747200,45.0,Masculino,Chicago,Medio,4,19.22,Sí,Sí,Carnes,Sí,no completo,no completo,App,2123,Michael Miles
6791123870,24.0,Masculino,Chicago,Alto,5,48.56,Sí,Sí,Pescado,Sí,001-540-303-7602x51452,webbcindy@example.org,App,5318,Jeffrey Pitts
3307434175,68.0,Masculino,Chicago,Medio,2,27.26,No,No,Carnes,No,no completo,no completo,Tarjeta,1998,John Hall
4956866299,38.0,Masculino,Chicago,Muy Alto,5,74.89,Sí,Sí,Mariscos,Sí,(790)253-8157x968,christopher73@example.org,Efectivo,13670,Adam Medina
1934523126,50.0,Masculino,Chicago,Alto,6,11.87,No,Sí,Carnes,Sí,no completo,christiewalker@example.net,Efectivo,4062,Derek Santiago
5943946354,43.0,Masculino,Chicago,Muy Alto,6,21.93,No,Sí,Pescado,Sí,no completo,ashleygalvan@example.net,Tarjeta,12392,Bryan Cuevas
1596412178,45.0,Masculino,Chicago,Bajo,3,8.12,Sí,Sí,Pescado,No,001-672-712-1975x0635,no completo,Tarjeta,1020,Anthony Martin
7488089171,37.0,Femenino,Chicago,Medio,4,10.93,Sí,No,Pescado,No,no completo,no completo,Tarjeta,2824,Teresa Black
3500339713,46.0,Masculino,Chicago,Medio,2,8.18,Sí,Sí,Carnes,No,001-379-711-7591x1324,no completo,App,2501,David Mathis
7132981085,79.0,Masculino,Chicago,Muy Alto,8,10.09,Sí,No,Vegano,Sí,(883)855-8070,no completo,Tarjeta,13172,Jeremy Willis
2846343177,71.0,Femenino,Chicago,Medio,3,8.84,No,Sí,Vegetariano,No,+1-627-665-7291x73946,javier74@example.com,Tarjeta,1642,Megan White
3392699489,51.0,Femenino,Chicago,Alto,5,52.19,No,Sí,Carnes,Sí,no completo,tonya71@example.com,Efectivo,4745,Jasmine Elliott
3471559918,49.0,Masculino,Chicago,Medio,3,14.21,No,Sí,Mariscos,No,no completo,brett06@example.com,Tarjeta,3433,Derek Clements
7530009085,37.0,Masculino,Chicago,Muy Alto,7,48.81,No,Sí,Otro,Sí,479-293-6918,tmoss@example.org,App,17045,Vernon Burke
2826423231,59.0,Masculino,Chicago,Alto,6,19.71,Sí,Sí,Otro,Sí,502.699.6929,jeremypowell@example.com,Efectivo,3616,Martin Ramirez
4373060563,25.0,Masculino,Chicago,Medio,2,15.21,No,Sí,Vegetariano,Sí,no completo,no completo,Efectivo,2599,Jamie Martinez
2066074462,19.0,Femenino,Chicago,Medio,3,11.84,Sí,Sí,Vegetariano,No,662.324.6170x8599,david70@example.net,Efectivo,3202,April Ramsey
5868640848,62.0,Femenino,Chicago,Medio,4,20.7,No,Sí,Pescado,No,no completo,no completo,App,3351,Patricia Gonzalez
4476252444,71.0,Femenino,Chicago,Alto,3,39.35,Sí,Sí,Vegetariano,No,no completo,joel15@example.net,App,5065,Karen Leonard
5658436786,76.0,Femenino,Chicago,Alto,5,57.0,No,No,Carnes,Sí,+1-470-587-5368x467,no completo,App,5090,Brandi Mcgee
4807470081,33.0,Femenino,Chicago,Bajo,3,8.42,Sí,Sí,Mariscos,No,(282)992-0752,no completo,Efectivo,955,Danielle Bush
3348938701,71.0,Femenino,Chicago,Bajo,1,8.48,No,Sí,Carnes,No,891-341-5593x882,no completo,App,1291,Brandy Jones
4346026267,77.0,Femenino,Chicago,Bajo,2,9.97,Sí,No,Carnes,No,872.249.9309x320,alison84@example.com,Tarjeta,1373,Denise Smith
7325737564,76.0,Masculino,Chicago,Bajo,3,6.71,No,No,Vegetariano,No,no completo,gwendolyncolon@example.com,Tarjeta,1378,Randall Barber
2300475989,48.0,Femenino,Chicago,Bajo,3,7.29,No,Sí,Otro,No,+1-769-860-2863x599,no completo,Efectivo,815,Jo Mccoy
1686490457,75.0,Masculino,Chicago,Alto,5,37.38,No,Sí,Vegetariano,Sí,no completo,no completo,Tarjeta,6440,Robert Ross
5231184406,61.0,Masculino,Chicago,Alto,6,27.05,Sí,Sí,Otro,Sí,001-704-540-7458x8274,christian72@example.org,Tarjeta,7394,Daniel Manning
6837982055,18.0,Masculino,Chicago,Medio,4,17.91,No,Sí,Carnes,No,504-308-1088,benjaminrodriguez@example.com,Efectivo,2476,Larry White
5422697684,66.0,Masculino,Chicago,Medio,3,15.66,No,Sí,Carnes,No,no completo,bleach@example.org,Efectivo,2168,Nicholas Cunningham
2579880342,56.0,Femenino,Chicago,Medio,5,13.9,Sí,Sí,Vegetariano,Sí,no completo,fernandezmichael@example.org,Tarjeta,1791,Nicole Maldonado
6719579866,55.0,Femenino,Chicago,Muy Alto,5,74.05,Sí,Sí,Carnes,Sí,216.864.9922x404,no completo,Tarjeta,16590,Sheryl Garcia
5412437658,56.0,Femenino,Chicago,Alto,5,21.48,Sí,Sí,Vegetariano,Sí,no completo,ycisneros@example.com,Efectivo,4137,Amber Miller
9233052213,68.0,Femenino,Chicago,Medio,5,27.5,No,No,Otro,No,no completo,no completo,Tarjeta,3235,Christine Villegas
1823127520,57.0,Masculino,Chicago,Muy Alto,8,83.79,No,Sí,Carnes,Sí,no completo,no completo,Efectivo,16360,Andrew Hart
2373225204,70.0,Masculino,Chicago,Muy Alto,6,83.15,Sí,No,Mariscos,Sí,no completo,fischerkevin@example.net,Tarjeta,10683,Steven Thomas
9661038671,35.0,Femenino,Chicago,Muy Alto,6,50.59,Sí,Sí,Vegetariano,Sí,4443338552,no completo,Efectivo,16581,Susan Hernandez
8201054390,45.0,Femenino,Chicago,Medio,3,28.57,Sí,No,Mariscos,No,no completo,no completo,Tarjeta,2056,Judith Grant
7133331989,65.0,Femenino,Chicago,Muy Alto,10,91.76,Sí,Sí,Vegetariano,No,no completo,martha21@example.com,App,12047,Nichole Castillo
9008400559,35.0,Femenino,Chicago,Bajo,3,8.13,Sí,Sí,Vegetariano,No,no completo,no completo,App,1462,Denise Evans
1964046033,38.0,Masculino,Chicago,Bajo,3,9.16,Sí,Sí,Vegetariano,No,+1-393-926-3935x230,april35@example.net,Tarjeta,1481,Blake Pace
6389864974,47.0,Masculino,Chicago,Bajo,1,7.35,No,Sí,Carnes,No,no completo,matthew19@example.com,App,1454,Adam Bryant
9109870866,24.0,Masculino,Chicago,Alto,6,16.96,Sí,Sí,Carnes,No,+1-915-742-7684x4434,no completo,Tarjeta,5097,Nathaniel Barnett
3859898073,63.0,Femenino,Chicago,Medio,4,22.5,No,Sí,Carnes,No,no completo,matthewstone@example.com,Efectivo,2855,Andrea Davis
2620132317,58.0,Masculino,Chicago,Medio,2,19.34,Sí,Sí,Vegano,No,no completo,no completo,Efectivo,2869,John Becker
8412721473,47.0,Femenino,Chicago,Alto,5,35.3,No,No,Mariscos,Sí,no completo,no completo,Efectivo,5092,Erin Preston
5358456111,49.0,Femenino,Chicago,Medio,2,17.92,Sí,Sí,Otro,No,489.449.8592,christopher35@example.net,Efectivo,1924,Annette Nelson
1682700754,64.0,Femenino,Chicago,Alto,6,6.89,Sí,Sí,Otro,Sí,(376)284-7144x6806,dlogan@example.com,Efectivo,8221,Christina Graham
9470523707,54.0,Masculino,Chicago,Bajo,1,8.23,No,No,Carnes,No,no completo,no completo,Efectivo,1500,Brett Mcmillan
7728372274,50.0,Masculino,Chicago,Bajo,3,5.06,Sí,No,Pescado,No,001-562-988-7834x58463,belldebbie@example.org,Efectivo,1327,Logan Johnson
7962682393,46.0,Femenino,Chicago,Alto,6,40.3,Sí,Sí,Carnes,Sí,680-437-4258x9083,no completo,App,8899,Felicia Carter
6739056209,54.0,Femenino,Chicago,Bajo,3,6.97,Sí,Sí,Vegetariano,No,no completo,no completo,Tarjeta,1187,Angela Edwards
4514021643,74.0,Femenino,Chicago,Medio,3,25.07,Sí,Sí,Carnes,No,001-552-882-6294x74563,ugarrett@example.net,App,2445,Melissa Love
5024050098,28.0,Femenino,Chicago,Medio,3,11.11,No,Sí,Otro,No,+1-692-596-8123x57052,jacquelinethompson@example.org,Tarjeta,3137,Jennifer Williams
6852325391,76.0,Femenino,Chicago,Alto,5,7.72,No,No,Carnes,Sí,850-528-9773,patriciawaters@example.net,Efectivo,6705,Robin Lane
7104729072,25.0,Femenino,Chicago,Muy Alto,5,77.54,No,Sí,Vegano,Sí,8702507119,no completo,Efectivo,11546,Denise Patel
9463835324,47.0,Femenino,Chicago,Alto,5,29.28,Sí,Sí,Vegetariano,No,2875525742,robertallen@example.com,Tarjeta,5080,Sarah Washington
4327896974,76.0,Masculino,Chicago,Muy Alto,8,52.67,Sí,No,Pescado,Sí,no completo,no completo,Tarjeta,16526,Jared Mills
7455331209,25.0,Masculino,Chicago,Alto,4,33.63,Sí,No,Pescado,No,244.653.6696x384,hlewis@example.com,Efectivo,8407,Gregory Gonzalez
5101650214,52.0,Masculino,Chicago,Muy Alto,5,23.8,Sí,No,Otro,Sí,no completo,kyle01@example.net,Efectivo,16852,Nicholas Hayes
4668375662,66.0,Masculino,Chicago,Muy Alto,5,71.37,No,Sí,Carnes,Sí,no completo,no completo,Efectivo,17051,Shawn Parker
7022683808,38.0,Femenino,Chicago,Bajo,3,6.7,Sí,No,Pescado,No,no completo,no completo,Tarjeta,1567,Cheryl Black
5735817014,52.0,Masculino,Chicago,Alto,5,26.77,Sí,Sí,Carnes,Sí,001-769-681-7012x1835,cbush@example.com,App,3820,Gregory Gonzalez
1015575511,19.0,Femenino,Chicago,Medio,2,20.35,No,Sí,Vegano,No,no completo,no completo,Efectivo,2442,Courtney Wang
8125843701,60.0,Femenino,Chicago,Alto,4,10.76,No,Sí,Vegetariano,Sí,no completo,no completo,App,8337,Madison West
2650831268,43.0,Femenino,Chicago,Medio,3,18.34,Sí,No,Otro,No,+1-821-869-2970,castrochristopher@example.com,App,2174,Lisa Lane
7451175303,38.0,Femenino,Chicago,Medio,3,29.75,No,No,Otro,No,no completo,no completo,Tarjeta,3301,Ashley Moody
8013338099,68.0,Femenino,Chicago,Alto,4,39.44,Sí,Sí,Otro,Sí,no completo,no completo,Tarjeta,4111,Gloria Williams
8441782033,63.0,Femenino,Chicago,Alto,3,6.72,Sí,Sí,Mariscos,Sí,no completo,no completo,Efectivo,4611,Rachel Espinoza
8203479350,65.0,Femenino,Chicago,Medio,5,9.27,Sí,No,Otro,No,no completo,lgonzalez@example.com,Efectivo,2334,Olivia Gomez
5254285782,75.0,Femenino,Chicago,Medio,5,21.55,Sí,No,Mariscos,No,no completo,ksoto@example.com,Tarjeta,2859,Christina Mcclain
7550139546,35.0,Femenino,Chicago,Bajo,1,5.5,No,Sí,Pescado,No,7329412740,no completo,Tarjeta,1125,Megan Perkins
1805968667,72.0,Femenino,Chicago,Alto,5,39.65,No,Sí,Otro,No,887.418.4035,no completo,Efectivo,5581,Andrea Sandoval
7299731371,61.0,Masculino,Chicago,Muy Alto,5,50.17,Sí,Sí,Vegano,Sí,(955)375-6740x69468,shannontaylor@example.net,Efectivo,15026,Darryl Anderson
4932901870,63.0,Masculino,Chicago,Medio,5,11.54,No,Sí,Carnes,Sí,no completo,tonyaware@example.com,Tarjeta,1810,Joseph Anderson
3880682532,18.0,Femenino,Chicago,Muy Alto,9,12.13,Sí,Sí,Otro,Sí,2523507427,adamslauren@example.net,Efectivo,13300,Leslie Reed
9602236528,32.0,Femenino,Chicago,Bajo,2,9.63,Sí,No,Otro,No,(979)200-1100,fperez@example.com,Tarjeta,884,Danielle Thompson
9815056399,32.0,Masculino,Chicago,Alto,4,27.92,No,No,Vegano,No,no completo,no completo,Efectivo,8227,Steven Cooley
2063564831,18.0,Femenino,Chicago,Muy Alto,8,31.75,No,Sí,Vegetariano,Sí,001-676-360-5264,kenneth43@example.com,Efectivo,15390,Lisa Williams
5884391502,71.0,Femenino,Chicago,Muy Alto,7,23.56,Sí,No,Vegano,Sí,854.621.2660x278,blane@example.com,Tarjeta,15571,Angela Randall
1661120637,56.0,Femenino,Chicago,Medio,5,14.34,No,Sí,Carnes,Sí,no completo,sally16@example.org,Tarjeta,2634,Katrina Mejia
2302403255,37.0,Masculino,Chicago,Bajo,1,8.7,No,Sí,Mariscos,No,2113691108,no completo,Efectivo,1488,Willie Phelps
9733323246,37.0,Masculino,Chicago,Alto,6,55.31,No,No,Carnes,Sí,001-594-960-5895,no completo,Tarjeta,6453,Antonio Montoya
6654048442,36.0,Masculino,Chicago,Muy Alto,6,27.16,Sí,No,Carnes,No,(628)815-0401x22958,no completo,Criptomoneda,9891,Jon Mcguire
6900690255,54.0,Masculino,Chicago,Medio,2,19.39,Sí,Sí,Vegetariano,No,no completo,zbrown@example.org,Efectivo,2274,Robert Jones
9731584225,37.0,Masculino,Chicago,Medio,5,7.09,No,No,Vegetariano,No,no completo,no completo,Efectivo,2211,Richard Sanchez
7929726833,46.0,Femenino,Chicago,Medio,5,26.14,No,No,Carnes,No,no completo,no completo,Tarjeta,3427,Lisa James
5137490437,42.0,Femenino,Chicago,Medio,2,26.2,No,Sí,Vegetariano,No,(753)835-5409x51363,no completo,App,2584,Maria Torres
6798638084,22.0,Masculino,Chicago,Bajo,3,9.98,Sí,Sí,Carnes,No,no completo,no completo,Tarjeta,1361,Aaron Kirk
6239170864,66.0,Masculino,Chicago,Alto,5,39.5,Sí,Sí,Otro,No,no completo,katherine97@example.org,Tarjeta,7272,Anthony Bridges
2605836953,29.0,Masculino,Chicago,Alto,4,10.23,No,Sí,Otro,No,315-368-7648x293,no completo,Efectivo,4145,Jason Spencer
9626202416,23.0,Masculino,Chicago,Bajo,1,9.33,No,Sí,Vegetariano,No,no completo,no completo,Efectivo,1414,Carlos Quinn
2740411609,22.0,Femenino,Chicago,Muy Alto,6,95.27,Sí,Sí,Otro,Sí,no completo,no completo,Efectivo,15518,Connie Brown
3253338333,44.0,Masculino,Chicago,Muy Alto,6,32.77,No,Sí,Carnes,Sí,no completo,no completo,Efectivo,13960,Tony Green
9763378972,59.0,Femenino,Chicago,Medio,4,19.12,No,Sí,Vegano,No,+1-488-220-9831x0393,no completo,Tarjeta,1738,Amanda Anderson
6394997489,32.0,Femenino,Chicago,Medio,4,13.11,No,Sí,Carnes,No,7639547960,no completo,Efectivo,2592,Melissa Patterson
1479561482,74.0,Masculino,Chicago,Muy Alto,8,52.57,No,Sí,Vegano,Sí,no completo,brenda16@example.org,Efectivo,17987,William Garza
1287814151,26.0,Femenino,Chicago,Alto,4,29.29,Sí,Sí,Vegetariano,Sí,356-747-5470,marcmartin@example.com,Efectivo,8745,Stephanie Goodman
5745844242,39.0,Femenino,Chicago,Medio,2,9.16,No,Sí,Vegetariano,No,498.415.4944x815,no completo,App,2812,Samantha Mcdaniel
1731517326,58.0,Masculino,Chicago,Muy Alto,8,81.78,No,No,Carnes,Sí,001-339-244-6275x08872,donovandouglas@example.com,Tarjeta,14598,James Johnson
7655765354,27.0,Femenino,Chicago,Medio,4,22.55,No,Sí,Mariscos,No,no completo,rhonda51@example.com,Efectivo,2063,Laura Mcclain
8450355695,51.0,Femenino,Chicago,Bajo,3,9.74,Sí,Sí,Pescado,No,001-851-348-4394x8444,no completo,Efectivo,1425,Maria Petersen
6505220705,37.0,Masculino,Chicago,Medio,3,24.66,No,Sí,Vegano,No,no completo,no completo,Efectivo,1873,Steven Briggs
4498132611,27.0,Femenino,Chicago,Bajo,3,8.82,Sí,Sí,Vegetariano,No,001-769-676-1686x06102,gchavez@example.net,Efectivo,1480,Carrie Stewart
5300167134,67.0,Femenino,Chicago,Alto,6,18.27,Sí,Sí,Mariscos,No,no completo,no completo,App,5241,Haley Leonard
9906478500,55.0,Masculino,Chicago,Alto,5,49.33,Sí,Sí,Otro,No,no completo,tjohnson@example.org,Tarjeta,5696,George Rowe
3947560232,56.0,Femenino,Chicago,Medio,5,27.19,Sí,Sí,Pescado,No,212.457.1453x689,no completo,Efectivo,1648,Shannon Hoffman
9817638455,37.0,Masculino,Chicago,Medio,3,22.89,Sí,No,Mariscos,No,no completo,fcarter@example.net,Efectivo,1616,Benjamin Price
2349590697,36.0,Femenino,Chicago,Medio,5,23.85,Sí,Sí,Pescado,No,001-227-526-6731x436,christopher76@example.net,Efectivo,2792,Veronica Jones
3226715826,53.0,Masculino,Chicago,Muy Alto,9,20.01,Sí,No,Vegano,Sí,001-792-316-8859x053,jkim@example.net,App,10304,Matthew Miller
2574942792,30.0,Femenino,Chicago,Alto,5,18.77,No,Sí,Carnes,No,+1-785-356-1462x340,shannonjennings@example.net,Efectivo,7118,Donna Reese
8104759351,71.0,Femenino,Chicago,Muy Alto,5,24.22,No,Sí,Otro,Sí,no completo,david37@example.org,Efectivo,14435,Kendra Walker
2280875150,74.0,Masculino,Chicago,Bajo,2,,No,Sí,Vegano,No,845-607-1020,no completo,Tarjeta,1040,Kenneth Moore
8485653966,42.0,Femenino,Chicago,Medio,5,27.99,No,Sí,Pescado,No,no completo,lmcdaniel@example.net,App,2148,Shannon Braun
1347295031,47.0,Masculino,Chicago,Medio,2,13.74,No,Sí,Carnes,Sí,no completo,no completo,App,2223,Michael Lambert
3445250621,28.0,Femenino,Chicago,Medio,4,17.52,Sí,Sí,Carnes,No,no completo,onewton@example.org,Efectivo,2485,Jackie Wilson
6554488855,20.0,Femenino,Chicago,Alto,6,39.32,No,Sí,Vegetariano,No,no completo,no completo,Criptomoneda,6957,April Lucero
5975121667,53.0,Masculino,Chicago,Bajo,1,9.66,Sí,No,Carnes,No,no completo,no completo,Tarjeta,1323,Brian Garrett
7370264712,77.0,Femenino,Chicago,Medio,2,15.09,Sí,No,Vegetariano,Sí,no completo,greenaaron@example.com,App,1709,Kelsey Baker
3630047061,65.0,Femenino,Chicago,Medio,5,15.38,No,Sí,Mariscos,No,no completo,richardsonashley@example.com,Efectivo,2939,Danielle Rubio
5329658747,27.0,Femenino,Chicago,Medio,4,21.48,No,Sí,Vegetariano,No,no completo,gordonmorgan@example.org,App,1871,Dana Lyons
6767494752,75.0,Masculino,Chicago,Medio,2,20.9,Sí,Sí,Carnes,No,no completo,fernando01@example.org,Tarjeta,2364,Joseph Munoz
9876515546,20.0,Masculino,Chicago,Alto,4,35.66,No,Sí,Vegetariano,Sí,001-519-875-1627,no completo,Efectivo,6984,Chad Christensen
5227828349,74.0,Masculino,Chicago,Medio,3,9.2,No,Sí,Carnes,No,204-335-3894x1517,jacobbrown@example.net,Efectivo,3040,Arthur Cox
6386329670,40.0,Femenino,Chicago,Medio,5,7.05,No,No,Mariscos,No,no completo,sharon91@example.net,Tarjeta,1733,Pamela Hull
8577019017,31.0,Masculino,Chicago,Bajo,3,9.26,No,No,Vegetariano,No,no completo,normansheryl@example.net,Tarjeta,1168,Jeremy Estrada
7857560990,29.0,Femenino,Chicago,Medio,3,18.25,No,Sí,Vegetariano,No,(644)728-0931x98579,debbie48@example.org,Efectivo,2117,Andrea Hamilton
1947739357,46.0,Femenino,Chicago,Medio,3,8.72,Sí,Sí,Vegano,No,508-938-2548x055,no completo,Efectivo,2034,Ann Robinson
9645819284,52.0,Masculino,Chicago,Alto,6,44.19,No,Sí,Vegetariano,Sí,743.313.4565x831,zmiller@example.com,Efectivo,7967,Dennis Curtis
6112823642,57.0,Masculino,Chicago,Bajo,2,5.71,Sí,Sí,Vegetariano,No,+1-588-971-8072x63303,no completo,Efectivo,881,Anthony Edwards
3805230374,45.0,Masculino,Chicago,Medio,5,6.01,Sí,Sí,Vegano,No,636-665-8217x50149,laurabennett@example.com,Criptomoneda,3449,Charles Clark
6358649284,43.0,Masculino,Chicago,Medio,5,21.24,No,Sí,Mariscos,No,+1-366-770-0541,no completo,Efectivo,2956,Mark Moore
4226287306,67.0,Femenino,Chicago,Medio,5,9.87,Sí,Sí,Otro,No,no completo,no completo,Efectivo,2777,Rebecca Perez
2263344317,55.0,Masculino,Chicago,Bajo,3,8.95,No,Sí,Carnes,No,(461)679-9609x6325,no completo,Efectivo,1123,Jason Davis
1638321534,60.0,Masculino,Chicago,Alto,5,14.07,Sí,No,Vegetariano,Sí,+1-379-638-4801x1415,no completo,Efectivo,6535,Nicholas Miller
4121407135,77.0,Masculino,Chicago,Alto,5,48.84,Sí,No,Carnes,Sí,no completo,no completo,Tarjeta,8558,James Myers
6791583192,74.0,Femenino,Chicago,Medio,2,5.86,No,Sí,Mariscos,No,746.303.1091,amoore@example.com,Tarjeta,2910,Maria Bass
4130305126,42.0,Masculino,Chicago,Alto,5,31.29,Sí,No,Vegetariano,Sí,no completo,laura15@example.com,Efectivo,7173,Gregory Pierce
4204948650,55.0,Masculino,Chicago,Bajo,2,8.23,No,No,Carnes,No,no completo,cabreramargaret@example.net,Tarjeta,1210,Brian Jennings
8941388232,68.0,Femenino,Chicago,Muy Alto,9,31.9,No,Sí,Vegetariano,Sí,(725)325-6766,marvin75@example.net,App,13254,Janet Gonzales
5886133002,45.0,Femenino,Chicago,Alto,6,8.39,Sí,Sí,Vegetariano,Sí,no completo,grahamdevin@example.net,Efectivo,4528,Sara Rose
8100420507,31.0,Masculino,Chicago,Medio,2,21.7,Sí,No,Vegetariano,No,+1-733-542-4285,kelly66@example.net,Tarjeta,2530,David Patton
9942933571,40.0,Masculino,Chicago,Alto,6,58.31,Sí,Sí,Vegetariano,No,no completo,no completo,Efectivo,7762,Andrew Johnson
9060544459,51.0,Masculino,Chicago,Medio,3,15.62,No,Sí,Carnes,Sí,574.868.1643x716,no completo,Efectivo,2285,Vincent Cole
7308717761,42.0,Femenino,Chicago,Bajo,3,6.49,No,Sí,Vegetariano,No,316-771-3317,seanmurray@example.net,Tarjeta,1337,Sarah Murphy
4534430308,62.0,Femenino,Chicago,Medio,5,7.21,Sí,No,Vegetariano,Sí,3455019561,graveskaren@example.net,Tarjeta,3025,Ashley Woodard
4486522557,51.0,Masculino,Chicago,Alto,4,54.22,Sí,No,Vegetariano,Sí,no completo,ykane@example.org,Efectivo,4010,Walter Huber
3023399168,37.0,Femenino,Chicago,Muy Alto,7,96.15,No,Sí,Carnes,Sí,no completo,no completo,Tarjeta,11356,Michelle Acevedo
8881826467,39.0,Femenino,Chicago,Alto,5,33.73,No,No,Carnes,Sí,no completo,danielburton@example.net,Tarjeta,5684,Wanda Sanchez
2529736332,35.0,Masculino,Chicago,Medio,3,16.03,No,No,Otro,No,711.872.7171,fergusoncarol@example.com,App,2951,Kevin Flores
4098961063,72.0,Femenino,Chicago,Alto,4,14.93,No,Sí,Otro,Sí,535.900.7024x76885,moodyfrancisco@example.com,Tarjeta,5385,Andrea White
2952887577,41.0,Femenino,Chicago,Muy Alto,3,34.95,Sí,No,Carnes,Sí,9703297632,uchavez@example.org,Tarjeta,17562,Aimee Chavez
2863756160,33.0,Masculino,Chicago,Alto,4,33.45,No,Sí,Vegetariano,Sí,no completo,rhonda63@example.org,Tarjeta,4280,Andrew Wilson
3233255362,61.0,Masculino,Chicago,Muy Alto,5,82.38,Sí,Sí,Carnes,Sí,no completo,no completo,Efectivo,13520,Jon Ruiz
6544063167,62.0,Femenino,Chicago,Medio,3,9.25,Sí,Sí,Mariscos,No,363.591.7247x056,chelsea90@example.net,Tarjeta,2434,Mary Howe
2982039310,22.0,Femenino,Chicago,Muy Alto,9,50.69,No,Sí,Pescado,Sí,(800)975-5322x98838,hughesjohn@example.com,Efectivo,14429,Melissa Foley
9787117624,53.0,Femenino,Chicago,Bajo,1,5.27,No,Sí,Carnes,No,768.342.6770x125,qsmith@example.net,Efectivo,1440,Jennifer Simmons
8015775567,24.0,Femenino,Chicago,Alto,6,35.38,Sí,Sí,Mariscos,Sí,995-378-0060x171,adriana52@example.org,Efectivo,4466,Angela Castro
5342815588,66.0,Masculino,Chicago,Muy Alto,7,84.43,No,Sí,Otro,Sí,001-971-804-9908x74570,no completo,Criptomoneda,10972,Kyle Montoya
6391627751,56.0,Femenino,Chicago,Alto,4,30.05,Sí,Sí,Carnes,Sí,(419)605-6621x0694,egarrett@example.org,Efectivo,4389,Sara Ramirez
7145702684,49.0,Masculino,Chicago,Medio,3,15.62,No,No,Vegetariano,No,248-701-9084,no completo,Tarjeta,3336,Joshua Hart
6219829416,34.0,Masculino,Chicago,Alto,5,49.45,No,No,Otro,No,597.795.7551,donnacooper@example.org,Efectivo,4048,Mark Murillo
4008747030,60.0,Femenino,Chicago,Alto,4,10.12,No,No,Vegetariano,Sí,no completo,yparker@example.com,Tarjeta,4563,Sandra Austin
6236082775,49.0,Masculino,Chicago,Bajo,2,6.47,Sí,Sí,Vegano,No,001-872-953-4257x69163,hollowaymichele@example.net,Efectivo,1006,Hayden Parker
5613093606,77.0,Femenino,Chicago,Alto,4,50.47,No,No,Carnes,No,no completo,no completo,App,5881,Shelly Johnson
3047446769,68.0,Masculino,Chicago,Medio,4,12.36,No,Sí,Pescado,No,+1-257-680-3404x2260,andreagreen@example.net,Efectivo,2888,Jacob Lambert
3897065689,33.0,Masculino,Chicago,Medio,4,28.73,Sí,Sí,Carnes,No,no completo,no completo,Tarjeta,1788,Anthony Chang
5210798990,70.0,Femenino,Chicago,Medio,5,12.94,No,Sí,Carnes,No,001-546-424-5109x775,kserrano@example.org,Tarjeta,2212,Stacy Ellis
5537967771,18.0,Femenino,Chicago,Bajo,3,8.32,No,Sí,Otro,No,no completo,no completo,Efectivo,983,Beth Vasquez
6856712561,51.0,Femenino,Chicago,Alto,4,32.24,No,Sí,Carnes,No,no completo,no completo,Efectivo,7478,Cindy Young
2405728072,73.0,Femenino,Chicago,Muy Alto,9,31.56,No,No,Pescado,Sí,no completo,christina62@example.net,Tarjeta,13567,Linda Calderon
1436389523,63.0,Masculino,Chicago,Medio,4,19.23,No,Sí,Otro,No,737-711-1839x08208,edward59@example.org,Tarjeta,1787,Christopher Shaw
1902697901,48.0,Femenino,Chicago,Bajo,3,9.58,No,Sí,Carnes,No,797-602-3418x69266,christopherwebb@example.org,Efectivo,1001,Carla Hendrix
8554543261,43.0,Femenino,Chicago,Alto,4,52.9,Sí,No,Mariscos,Sí,001-328-449-8059x8343,no completo,Efectivo,3835,Anna Joyce
1843046681,72.0,Femenino,Chicago,Muy Alto,5,95.3,Sí,No,Carnes,Sí,001-208-890-0867x06455,no completo,Efectivo,11109,Peggy Mitchell
4813908576,45.0,Femenino,Chicago,Bajo,2,7.53,Sí,Sí,Mariscos,No,+1-730-910-3616,no completo,Efectivo,1266,Caroline Durham
8146697580,19.0,Femenino,Chicago,Alto,4,45.8,Sí,Sí,Carnes,No,no completo,ebooth@example.org,Tarjeta,8827,Sonya Miller
7293949932,43.0,Femenino,Chicago,Muy Alto,10,52.36,No,No,Carnes,Sí,no completo,donaldlynch@example.org,App,10043,Alison Dixon
5774506107,34.0,Masculino,Chicago,Alto,5,46.15,No,No,Vegetariano,Sí,921.371.2728,sierrahunt@example.org,Tarjeta,8694,Wayne Mccormick
9581823770,57.0,Femenino,Chicago,Bajo,2,5.87,No,No,Pescado,No,+1-464-379-7504,no completo,App,1090,Stephanie Wilson
7530505828,52.0,Femenino,Chicago,Alto,5,43.72,Sí,No,Vegetariano,No,no completo,dannychristian@example.net,App,3555,Amy Wells
2108351802,41.0,Masculino,Chicago,Alto,4,6.37,Sí,Sí,Vegetariano,Sí,no completo,hdavis@example.com,Efectivo,8836,Brett Dunn
8425814077,22.0,Masculino,Chicago,Alto,4,23.19,No,Sí,Pescado,Sí,001-301-799-7129,no completo,App,6607,Robert Jackson
6969467004,34.0,Femenino,Chicago,Bajo,3,8.39,Sí,No,Mariscos,No,+1-555-457-0603x6641,nancy19@example.com,Tarjeta,1442,Penny Gibson
5254648865,50.0,Femenino,Chicago,Alto,4,10.54,No,No,Vegetariano,Sí,(785)396-1996,tperry@example.org,App,5912,Veronica Morris
6923811969,75.0,Femenino,Chicago,Medio,4,17.86,No,No,Vegano,No,no completo,ashley33@example.com,Tarjeta,3421,Tammy Benson
7999946683,46.0,Masculino,Chicago,Medio,3,28.16,Sí,Sí,Vegetariano,No,(886)769-1226x5339,no completo,App,3012,Gary Miller
3558850925,62.0,Femenino,Chicago,Alto,4,50.53,No,Sí,Carnes,Sí,no completo,no completo,App,5285,Elizabeth Hernandez
7809282757,59.0,Masculino,Chicago,Alto,5,45.07,Sí,Sí,Carnes,Sí,no completo,no completo,Efectivo,5268,Edward Adams
9873472374,26.0,Femenino,Chicago,Muy Alto,9,99.67,Sí,Sí,Pescado,Sí,no completo,no completo,App,14769,Jennifer Vasquez
7084060349,53.0,Femenino,Chicago,Alto,4,48.3,Sí,No,Vegetariano,No,5799782793,smithrebecca@example.net,Tarjeta,8136,Christina Green
7223976629,59.0,Masculino,Chicago,Medio,2,27.8,No,No,Carnes,No,no completo,monique59@example.com,Efectivo,2688,Thomas Dominguez
7657730492,36.0,Masculino,Chicago,Bajo,2,8.79,Sí,No,Vegetariano,No,no completo,katiebowers@example.org,Tarjeta,1221,Paul Glenn
6158513289,66.0,Masculino,Chicago,Alto,3,42.7,No,Sí,Carnes,Sí,no completo,no completo,Efectivo,5834,Steven Woods
3782188898,21.0,Masculino,Chicago,Medio,3,28.79,No,Sí,Mariscos,No,756.575.1452,anthonymorrison@example.net,App,2093,Douglas Smith
5617615454,56.0,Femenino,Chicago,Medio,2,19.8,No,Sí,Carnes,No,no completo,no completo,App,2118,Lindsey Hale
2406246798,67.0,Femenino,Chicago,Alto,4,15.45,No,No,Vegetariano,No,+1-233-290-9078,no completo,App,7779,Karen Spencer
8402405967,65.0,Masculino,Chicago,Muy Alto,7,69.13,Sí,No,Carnes,Sí,(219)271-7182x313,no completo,App,11211,Michael Freeman
2829781664,65.0,Femenino,Chicago,Alto,6,9.63,Sí,Sí,Vegetariano,Sí,no completo,smithjonathon@example.org,Tarjeta,5588,Kathleen Burnett
1110533960,67.0,Masculino,Chicago,Bajo,3,5.99,No,Sí,Otro,No,605.554.2578,no completo,Criptomoneda,1131,Jack Owen
7020655191,36.0,Femenino,Chicago,Bajo,2,9.98,No,No,Mariscos,No,+1-937-686-2494x8085,ericwright@example.org,App,1352,Kathryn Mason
1550624593,55.0,Femenino,Chicago,Alto,4,49.47,No,Sí,Otro,Sí,no completo,no completo,Tarjeta,8731,April Bradley
6937609381,77.0,Femenino,Chicago,Bajo,3,7.81,Sí,No,Mariscos,No,no completo,no completo,Efectivo,1112,Jessica Nguyen
7756360273,71.0,Femenino,Chicago,Medio,4,13.62,No,No,Pescado,Sí,no completo,dhancock@example.org,Tarjeta,2814,Maria Haley
6288797841,80.0,Femenino,Chicago,Medio,3,14.28,No,No,Carnes,No,no completo,umontgomery@example.org,App,2276,Anna Powers
8650187487,42.0,Masculino,Chicago,Medio,4,5.04,Sí,No,Vegetariano,No,310-880-8371,christopherstone@example.net,Tarjeta,1952,Bruce Taylor
8182521593,26.0,Masculino,Chicago,Medio,3,9.92,Sí,Sí,Vegetariano,No,no completo,christopher00@example.org,App,2557,Matthew Blair
2775325564,72.0,Masculino,Chicago,Medio,5,18.13,No,Sí,Mariscos,No,no completo,tsilva@example.net,App,1859,Ronald Chen
8256226076,52.0,Masculino,Chicago,Alto,5,43.89,Sí,No,Carnes,Sí,675.764.1578x03397,no completo,Tarjeta,6790,Jeffrey Martinez
4188138565,55.0,Femenino,Chicago,Medio,5,25.02,Sí,Sí,Vegetariano,No,+1-704-362-9967x46963,no completo,Efectivo,2878,Alexis Beard
4717847441,35.0,Masculino,Chicago,Medio,4,23.12,No,No,Vegano,No,396.213.7145x42649,carrjacob@example.net,Efectivo,2367,Andrew Rogers
1213934655,52.0,Masculino,Chicago,Medio,5,6.9,Sí,Sí,Pescado,No,001-984-258-6972x238,angelajackson@example.org,Tarjeta,2270,Carlos Hall
8874632173,52.0,Femenino,Chicago,Muy Alto,5,17.36,No,Sí,Vegetariano,Sí,938.775.8299,no completo,Tarjeta,11459,Brenda Vasquez
9900059888,80.0,Femenino,Chicago,Alto,5,58.6,No,No,Vegetariano,Sí,001-747-742-3937x577,no completo,Tarjeta,3927,Vicki Huynh
6101762091,71.0,Masculino,Chicago,Alto,4,16.85,Sí,Sí,Carnes,Sí,+1-272-710-5845,no completo,Efectivo,7016,James Gonzales
9914800093,19.0,Masculino,Chicago,Medio,5,19.41,No,Sí,Pescado,No,001-498-322-0416x3988,no completo,Tarjeta,3481,Blake Beck
3410792785,54.0,Masculino,Chicago,Medio,5,25.73,Sí,Sí,Vegetariano,No,no completo,williamdixon@example.com,App,1864,Allen Sexton
3265150206,80.0,Femenino,Chicago,Alto,4,35.01,Sí,Sí,Carnes,Sí,no completo,allenalexandria@example.com,Tarjeta,6955,Caitlin Adams
3298062484,70.0,Femenino,Chicago,Alto,4,19.72,No,Sí,Mariscos,Sí,no completo,no completo,Tarjeta,4031,Holly Chen
7692685951,18.0,Femenino,Chicago,Muy Alto,10,90.26,No,Sí,Vegetariano,Sí,001-237-269-8801x761,michael41@example.com,Efectivo,15651,Alexandra Mcguire
5677045053,57.0,Femenino,Chicago,Medio,4,20.51,No,Sí,Carnes,No,no completo,no completo,Tarjeta,2616,Karina Crawford
8118724337,43.0,Masculino,Chicago,Medio,3,23.25,No,Sí,Otro,No,no completo,lmay@example.org,Tarjeta,1722,Craig Kim
5056443447,19.0,Masculino,Chicago,Alto,6,38.92,No,Sí,Mariscos,No,no completo,no completo,App,4413,Randy Vega
9584343419,73.0,Masculino,Chicago,Bajo,1,7.58,Sí,No,Vegetariano,No,250.305.6026x3659,natalieharrell@example.org,Efectivo,1420,David Williams
9016895081,26.0,Masculino,Chicago,Medio,4,24.25,No,Sí,Vegetariano,No,no completo,slozano@example.org,Efectivo,1949,Warren Johnson
2176973938,30.0,Femenino,Chicago,Medio,4,18.64,No,Sí,Vegetariano,Sí,no completo,samantha35@example.org,Efectivo,2036,Renee Sutton
3101842153,23.0,Femenino,Chicago,Muy Alto,10,62.06,No,No,Vegano,Sí,300-964-8227,no completo,Efectivo,15606,Denise Turner
3041545544,32.0,Femenino,Chicago,Medio,5,23.07,Sí,No,Pescado,Sí,001-748-472-6737x3596,andrewmartin@example.com,App,2693,Dorothy Perez
2538075050,26.0,Masculino,Chicago,Alto,5,45.58,Sí,Sí,Otro,No,no completo,riveramary@example.net,App,3691,Bobby Davis
7826220566,41.0,Masculino,Chicago,Muy Alto,5,9.84,Sí,Sí,Otro,Sí,952-931-1165x943,no completo,App,11240,Michael Baker
1829326917,37.0,Masculino,Chicago,Muy Alto,5,68.67,No,Sí,Otro,Sí,643-576-4908x23037,jwhite@example.org,Efectivo,12625,Mark Franklin
1676168421,77.0,Femenino,Chicago,Medio,3,18.21,No,Sí,Carnes,Sí,no completo,qmitchell@example.com,Efectivo,2188,Breanna Burton
2390764362,22.0,Masculino,Chicago,Bajo,3,6.6,No,Sí,Carnes,No,443.927.8614,kellyhaley@example.com,Efectivo,1193,Chad Waters
5784450697,77.0,Masculino,Chicago,Bajo,3,7.3,Sí,Sí,Vegetariano,No,no completo,marissa26@example.net,Tarjeta,982,Cameron Spears
9040422656,79.0,Femenino,Chicago,Medio,5,28.97,Sí,Sí,Carnes,No,no completo,hburton@example.com,Tarjeta,2773,Veronica Wall
1001518755,70.0,Masculino,Chicago,Medio,5,28.59,No,No,Carnes,No,(583)733-1723x145,connie04@example.org,Efectivo,2904,Daryl Brown
7032502823,70.0,Femenino,Chicago,Bajo,2,9.0,No,No,Pescado,No,279-670-8447x285,david61@example.org,Efectivo,1421,Katie Freeman
4245356754,60.0,Femenino,Chicago,Medio,3,7.53,No,Sí,Vegetariano,Sí,4375777887,ffloyd@example.net,App,2451,Kayla Griffith
2095762019,73.0,Femenino,Chicago,Alto,6,14.6,No,Sí,Pescado,Sí,no completo,javierstanley@example.org,Efectivo,6788,Tracy Brown
6669602939,66.0,Masculino,Chicago,Bajo,2,5.56,No,Sí,Carnes,No,259.259.2525,richard39@example.org,Tarjeta,1534,Kevin Green
9285199831,45.0,Masculino,Chicago,Alto,6,22.28,Sí,No,Pescado,Sí,no completo,no completo,Efectivo,6870,John Fernandez
8833685626,24.0,Femenino,Chicago,Bajo,2,6.47,No,Sí,Carnes,No,no completo,xwhite@example.com,Efectivo,836,Tara Thomas
3687831910,60.0,Femenino,Chicago,Alto,6,54.5,Sí,Sí,Vegetariano,Sí,(695)676-2916x701,no completo,Efectivo,7474,Carol Roberts
9434743977,22.0,Femenino,Chicago,Medio,3,16.15,No,Sí,Pescado,No,(995)243-6443,no completo,Efectivo,2409,Jennifer Baxter
3807302199,37.0,Femenino,Chicago,Medio,4,26.27,Sí,No,Carnes,No,no completo,charlesreyes@example.org,Efectivo,3194,Rachel Lynch
9245974200,47.0,Masculino,Chicago,Bajo,1,8.74,No,No,Vegetariano,No,no completo,agonzalez@example.org,Tarjeta,1518,Riley Hayes
6586452615,32.0,Femenino,Chicago,Medio,5,17.28,No,No,Vegano,Sí,no completo,no completo,App,2413,Tracey Andrade
7097056942,59.0,Femenino,Chicago,Medio,3,29.94,No,No,Carnes,No,no completo,no completo,Tarjeta,2988,Penny Castillo
7238328717,69.0,Masculino,Chicago,Alto,5,39.29,No,No,Mariscos,No,no completo,jacksonantonio@example.com,App,7843,Brian Hill
8120519877,47.0,Masculino,Chicago,Medio,4,17.07,Sí,No,Vegetariano,No,509-642-4907x6246,no completo,App,2257,Daniel Evans
5728008671,26.0,Masculino,Chicago,Medio,4,29.78,Sí,Sí,Carnes,No,950.306.5441x88746,no completo,Efectivo,1701,Bryan Stephens
2496593070,20.0,Masculino,Chicago,Medio,2,28.7,No,No,Mariscos,No,+1-303-554-6128x05439,tracy85@example.net,Efectivo,3127,Richard Johnson
8607803914,71.0,Femenino,Chicago,Muy Alto,6,30.18,Sí,No,Vegano,Sí,no completo,no completo,Tarjeta,9205,Michelle Brown
8238347470,44.0,Masculino,Chicago,Bajo,2,8.98,Sí,No,Carnes,No,864.993.9710x940,kjarvis@example.com,Efectivo,987,Christopher Aguirre
7663581771,25.0,Femenino,Chicago,Muy Alto,5,71.28,Sí,Sí,Mariscos,Sí,551.502.9178x572,no completo,Efectivo,10968,Heather Rivera
3597215154,56.0,Masculino,Chicago,Alto,3,54.11,No,Sí,Mariscos,No,001-893-526-0068x109,ethan22@example.net,Efectivo,8131,Christopher Nichols
8746137515,24.0,Masculino,Chicago,Medio,5,17.73,No,No,Pescado,No,(276)786-8387x0143,evansglenn@example.org,Efectivo,3212,William Alexander
2250991808,70.0,Femenino,Chicago,Medio,2,19.03,No,Sí,Carnes,No,no completo,no completo,App,3347,Lauren Wilson
8522844928,56.0,Femenino,Chicago,Muy Alto,10,23.13,No,No,Vegetariano,Sí,no completo,no completo,Tarjeta,13822,Alexa Velez
9621419224,53.0,Masculino,Chicago,Medio,3,5.91,Sí,No,Mariscos,No,no completo,no completo,Tarjeta,3375,Ian Daniel
9580494978,70.0,Femenino,Chicago,Medio,4,12.53,No,Sí,Vegetariano,Sí,no completo,no completo,App,2329,Kimberly Stuart
8342622550,66.0,Femenino,Chicago,Muy Alto,10,63.05,Sí,Sí,Carnes,Sí,(425)743-8169x147,no completo,Tarjeta,13631,Lisa Randall
2153553600,41.0,Femenino,Chicago,Bajo,2,5.78,Sí,No,Mariscos,No,no completo,no completo,Tarjeta,1597,Claudia Thompson
1826972878,51.0,Femenino,Chicago,Muy Alto,9,47.93,Sí,No,Vegetariano,Sí,488.475.9565x527,mendezblake@example.org,Efectivo,16236,Nicole Chen
7648529655,32.0,Femenino,Chicago,Medio,5,5.99,Sí,Sí,Carnes,No,no completo,no completo,Efectivo,2342,Heather Munoz
6006032512,56.0,Masculino,Chicago,Medio,2,25.89,No,No,Vegano,No,no completo,josephbennett@example.net,Efectivo,2346,Ryan King
7812372204,29.0,Masculino,Chicago,Bajo,3,6.98,No,Sí,Vegetariano,No,no completo,alexandriawalters@example.com,Tarjeta,824,John Clarke
8894800238,50.0,Femenino,Chicago,Muy Alto,3,34.59,Sí,No,Carnes,Sí,281-224-1838,annereed@example.com,Tarjeta,13882,Amanda Davis
3016202732,66.0,Masculino,Chicago,Alto,4,58.48,No,Sí,Vegetariano,No,no completo,stephen22@example.net,App,5753,Jerry Conley
7256190993,53.0,Femenino,Chicago,Muy Alto,9,51.71,No,Sí,Carnes,Sí,no completo,no completo,Tarjeta,12226,Sherri Farrell
2187473055,40.0,Femenino,Chicago,Medio,2,17.32,No,No,Vegetariano,Sí,no completo,no completo,App,1865,Patricia Dunn
6241062349,67.0,Masculino,Chicago,Medio,4,26.68,Sí,Sí,Vegetariano,No,no completo,abigail90@example.com,Tarjeta,2038,Scott Morgan
4255199201,48.0,Masculino,Chicago,Medio,4,6.74,No,Sí,Vegetariano,No,no completo,carterjason@example.com,Efectivo,2283,David Joseph
9041554047,38.0,Femenino,Chicago,Alto,4,6.44,No,Sí,Mariscos,No,no completo,luis71@example.com,App,7839,Sydney Patterson
3351065638,30.0,Masculino,Chicago,Alto,4,16.0,Sí,Sí,Vegetariano,No,no completo,no completo,Tarjeta,7885,Timothy Savage
9113165802,18.0,Femenino,Chicago,Medio,4,14.55,No,No,Mariscos,No,204-662-4251x07318,kaylahall@example.net,App,3248,Felicia Taylor
2429710460,21.0,Masculino,Chicago,Medio,4,6.65,Sí,Sí,Mariscos,No,995.718.9770,michelle31@example.net,Efectivo,2509,Ryan Warner
3764023878,77.0,Femenino,Chicago,Alto,5,13.82,No,No,Vegetariano,No,no completo,no completo,App,5622,Kimberly Hobbs
1621686329,51.0,Femenino,Chicago,Bajo,2,5.72,No,Sí,Carnes,No,001-577-298-3571x470,stevenflores@example.net,App,1019,Brooke Nelson
8277690297,61.0,Masculino,Chicago,Medio,3,5.82,Sí,Sí,Vegetariano,No,no completo,no completo,Tarjeta,3405,Nathan Sanders
9509410913,67.0,Masculino,Chicago,Bajo,1,6.04,Sí,No,Vegano,No,(318)271-2117x624,no completo,Tarjeta,1061,Craig Velez
2987078920,43.0,Femenino,Chicago,Alto,5,45.04,No,No,Otro,Sí,5162330439,deniselee@example.net,Efectivo,7647,Erin Lopez
3098249631,42.0,Masculino,Chicago,Medio,3,16.12,Sí,Sí,Vegetariano,Sí,(317)956-0298x7078,jeremygonzalez@example.com,Tarjeta,1669,Christopher Pacheco
4094274007,31.0,Masculino,Chicago,Alto,6,56.46,No,No,Carnes,Sí,no completo,vincentjohnny@example.org,Tarjeta,6625,Randy Griffin
6464008146,50.0,Masculino,Chicago,Muy Alto,5,68.9,Sí,No,Carnes,Sí,no completo,no completo,Tarjeta,15138,Dylan Ward
8093179263,55.0,Masculino,Chicago,Alto,5,14.23,Sí,No,Vegano,No,001-216-939-0820,maustin@example.net,Tarjeta,5452,Jesus Johnson
3656916250,34.0,Femenino,Chicago,Alto,6,30.39,No,Sí,Carnes,No,no completo,austintina@example.net,App,7298,Laura Gibson
5274006089,65.0,Femenino,Chicago,Medio,4,12.2,No,Sí,Carnes,Sí,577-717-4930x4652,shawna21@example.net,App,3032,Laura Thomas
4110573421,76.0,Femenino,Chicago,Muy Alto,6,24.4,Sí,Sí,Carnes,Sí,no completo,watsonandrea@example.org,Efectivo,16494,Nicole Fisher
7238095915,52.0,Femenino,Chicago,Medio,4,5.96,No,Sí,Vegetariano,No,no completo,no completo,App,2824,Christine Cook
9044274809,52.0,Femenino,Chicago,Medio,2,13.42,Sí,No,Otro,No,677-687-3330x58164,no completo,App,2102,Laura Torres
2178816289,79.0,Femenino,Chicago,Muy Alto,3,17.24,No,No,Carnes,Sí,no completo,no completo,Efectivo,16834,Amy Mcbride
4534096467,31.0,Masculino,Chicago,Medio,4,21.94,No,No,Mariscos,No,no completo,mrose@example.net,App,2334,Jared Murphy
3853234069,59.0,Masculino,Chicago,Bajo,1,7.0,Sí,Sí,Pescado,No,001-558-574-1491x0250,no completo,Efectivo,1126,Brendan Smith
7555411814,63.0,Masculino,Chicago,Bajo,2,9.88,No,No,Carnes,No,no completo,no completo,Tarjeta,1326,Chase Ballard
6202017883,50.0,Femenino,Chicago,Muy Alto,5,43.78,No,Sí,Carnes,Sí,416-368-5407,robertjones@example.net,Tarjeta,17538,Natasha Jennings
3162040254,71.0,Masculino,Chicago,Muy Alto,6,18.9,No,Sí,Carnes,Sí,no completo,no completo,App,12295,Scott Fitzpatrick
3234675380,23.0,Femenino,Chicago,Bajo,3,7.37,No,Sí,Vegetariano,No,(828)243-8386,jessica77@example.org,App,867,Chloe Lewis
8724594395,57.0,Femenino,Chicago,Muy Alto,10,50.28,Sí,No,Vegetariano,Sí,no completo,no completo,Tarjeta,16492,Jennifer Adams
9065342132,33.0,Femenino,Chicago,Bajo,1,7.2,Sí,Sí,Mariscos,No,860.938.5189,no completo,App,1554,Lori Gray
5899984156,58.0,Masculino,Chicago,Alto,4,47.84,Sí,Sí,Otro,Sí,no completo,no completo,Criptomoneda,8702,Ryan Torres
2137651678,36.0,Masculino,Chicago,Alto,5,27.5,No,Sí,Pescado,Sí,+1-993-225-7215x5199,gonzalezmelissa@example.net,Efectivo,6337,Michael Delacruz
3392652436,58.0,Femenino,Chicago,Alto,4,11.71,Sí,Sí,Pescado,Sí,no completo,hernandeznancy@example.net,Tarjeta,8735,Latasha Cohen
1574058151,74.0,Femenino,Chicago,Medio,3,15.35,Sí,No,Mariscos,No,no completo,karenhill@example.com,App,2048,Alexis Malone
2500493518,31.0,Masculino,Chicago,Medio,5,10.15,No,Sí,Carnes,No,no completo,michelledavila@example.net,Efectivo,3362,Carlos Arellano
9950088288,30.0,Femenino,Chicago,Bajo,2,7.46,No,Sí,Carnes,No,no completo,no completo,Tarjeta,887,Lisa Morrow
1196030879,55.0,Femenino,Chicago,Alto,5,19.11,Sí,Sí,Carnes,Sí,+1-600-873-7638x317,kimcarol@example.net,Efectivo,5618,Patricia Stephens
6646855056,24.0,Masculino,Chicago,Bajo,1,9.3,No,Sí,Otro,No,001-862-533-5724,yhooper@example.com,Tarjeta,1267,Scott Lewis
3768901084,42.0,Masculino,Chicago,Muy Alto,6,23.89,No,No,Carnes,Sí,(456)496-2999,heathersmith@example.com,App,13970,Charles Montes
9270246399,68.0,Femenino,Chicago,Medio,5,28.39,No,Sí,Vegetariano,Sí,946.238.3678x5112,no completo,Efectivo,2497,Dawn Daniel
8078245708,65.0,Masculino,Chicago,Medio,4,14.22,Sí,Sí,Carnes,No,609-701-7551x6152,sheppardstephen@example.net,App,2589,Robert Lambert
5491218283,41.0,Femenino,Chicago,Alto,5,43.06,Sí,Sí,Vegetariano,No,822.771.7003,no completo,Efectivo,3701,Katelyn Dennis
7700539859,55.0,Masculino,Chicago,Alto,5,9.28,No,No,Vegetariano,Sí,+1-803-680-6086x0756,zchurch@example.org,Tarjeta,3623,Ian Martinez
1033141252,51.0,Femenino,Chicago,Bajo,3,7.38,Sí,Sí,Vegetariano,No,(354)337-7258x3136,tiffany86@example.org,Tarjeta,1310,Stephanie Johnson
8203324176,54.0,Masculino,Chicago,Bajo,3,6.55,Sí,Sí,Vegetariano,No,767.940.8937x921,jonathanstephenson@example.net,Tarjeta,1557,Bryan Jones
5027337925,47.0,Femenino,Chicago,Muy Alto,5,63.81,No,No,Carnes,Sí,no completo,no completo,Tarjeta,16305,Crystal Hernandez
7518775782,23.0,Femenino,Chicago,Muy Alto,9,60.41,No,Sí,Vegano,Sí,no completo,thomas06@example.net,App,11726,Tiffany Wright
3280805846,33.0,Masculino,Chicago,Medio,5,28.66,Sí,Sí,Carnes,No,+1-957-282-2162x38773,laurieparker@example.com,Efectivo,2476,Keith Perry
9829760398,69.0,Masculino,Chicago,Muy Alto,7,81.39,No,No,Pescado,Sí,001-922-821-8198x70667,no completo,Efectivo,14145,Cody Molina
7035349951,24.0,Femenino,Chicago,Medio,3,10.37,Sí,Sí,Otro,No,no completo,anthony16@example.com,Efectivo,1846,Christine Martinez
8765447816,63.0,Masculino,Chicago,Alto,4,26.06,Sí,No,Vegetariano,Sí,375-745-6127,beverly14@example.com,App,5627,Tony Kelly
7165825974,68.0,Masculino,Chicago,Bajo,2,6.15,Sí,No,Carnes,No,no completo,no completo,Tarjeta,1052,Kenneth Hernandez
5403510324,34.0,Femenino,Chicago,Muy Alto,8,57.1,Sí,Sí,Carnes,Sí,001-506-866-6660,no completo,Tarjeta,15720,Heather Hendricks
7951820749,78.0,Masculino,Chicago,Muy Alto,3,13.21,Sí,Sí,Vegetariano,Sí,919-445-2261,ryanlindsay@example.org,Efectivo,14442,Kyle Hampton
8261861030,24.0,Femenino,Chicago,Alto,4,49.66,Sí,Sí,Pescado,Sí,912.226.1661x323,no completo,App,7981,Janet Sullivan
8830610301,46.0,Femenino,Chicago,Alto,4,46.74,Sí,Sí,Vegano,No,no completo,moorenicholas@example.com,Efectivo,7581,Taylor Rosario
9632592561,59.0,Femenino,Chicago,Muy Alto,7,53.18,No,No,Carnes,Sí,no completo,loveshelly@example.net,Efectivo,10953,Melissa Estrada
9948441695,39.0,Femenino,Chicago,Alto,6,55.21,No,Sí,Otro,Sí,no completo,tonyajones@example.net,Efectivo,6104,Wendy Ramirez
6848136102,21.0,Femenino,Chicago,Bajo,2,9.49,Sí,No,Vegano,No,no completo,bennettcaitlin@example.com,Efectivo,883,Donna Manning
2165883683,74.0,Femenino,Chicago,Muy Alto,7,14.55,Sí,No,Carnes,Sí,(945)628-6346x3411,danielle61@example.net,Efectivo,12099,Kimberly Scott
6789448659,24.0,Femenino,Chicago,Muy Alto,3,58.67,No,Sí,Mariscos,Sí,+1-737-246-3865,no completo,Efectivo,16360,Alyssa Norman
7243172391,61.0,Masculino,Chicago,Alto,5,8.98,No,Sí,Carnes,Sí,no completo,no completo,Efectivo,5574,Willie Ruiz
6622840063,72.0,Femenino,Chicago,Medio,5,11.36,Sí,No,Carnes,No,666.882.8760x03782,no completo,Efectivo,2475,Michelle Smith
2568334904,69.0,Femenino,Chicago,Alto,6,12.92,Sí,Sí,Carnes,Sí,no completo,no completo,Criptomoneda,7779,Sharon Smith
8446676790,56.0,Femenino,Chicago,Muy Alto,6,32.96,No,Sí,Vegetariano,Sí,655.420.2863,no completo,Tarjeta,12696,Emily Clark
3817614885,19.0,Femenino,Chicago,Muy Alto,8,69.3,Sí,Sí,Vegetariano,Sí,+1-761-990-1747x29418,no completo,Efectivo,15575,Laura Jones
1443614797,64.0,Masculino,Chicago,Alto,4,39.62,No,Sí,Carnes,No,no completo,marisa55@example.com,Efectivo,4345,Kyle Duncan
4688553363,58.0,Masculino,Chicago,Medio,4,27.82,No,No,Otro,No,no completo,no completo,Tarjeta,2080,Connor Taylor
5504196105,71.0,Femenino,Chicago,Muy Alto,8,27.51,No,Sí,Vegetariano,Sí,9397444242,no completo,App,15123,Katie Huff
5078551333,62.0,Masculino,Chicago,Medio,5,11.57,Sí,Sí,Vegetariano,No,no completo,bporter@example.net,App,2376,Shawn Simon
9380438386,39.0,Masculino,Chicago,Alto,5,53.86,Sí,Sí,Otro,Sí,no completo,nhall@example.org,Efectivo,8431,Christopher Gonzalez
4163624812,62.0,Masculino,Chicago,Alto,4,22.35,No,Sí,Vegetariano,Sí,no completo,williamellison@example.net,Tarjeta,6073,Joseph Jordan
5549966649,52.0,Masculino,Chicago,Alto,6,43.33,No,Sí,Carnes,Sí,no completo,brodriguez@example.net,App,7142,Jason Avila
3719856191,43.0,Femenino,Chicago,Medio,4,6.46,Sí,No,Mariscos,Sí,no completo,nelsonlisa@example.org,App,1965,Nicole Baldwin
7773470371,24.0,Masculino,Chicago,Bajo,3,5.7,No,Sí,Carnes,No,no completo,no completo,Efectivo,965,Cody Benitez
1091062861,41.0,Femenino,Chicago,Muy Alto,3,44.65,No,Sí,Carnes,Sí,001-260-439-3327,no completo,Efectivo,17275,Jessica Dominguez
4584144878,47.0,Masculino,Chicago,Bajo,3,7.55,Sí,No,Vegano,No,no completo,alicia33@example.net,Tarjeta,851,John Conley
6622221695,78.0,Femenino,Chicago,Alto,6,31.93,No,No,Carnes,Sí,no completo,no completo,Efectivo,4333,Emily Mitchell
4641461286,21.0,Masculino,Chicago,Alto,5,8.32,Sí,Sí,Otro,No,204-607-7966,no completo,Efectivo,8633,Kenneth Peterson
6326916471,38.0,Masculino,Chicago,Medio,4,6.63,No,No,Vegano,No,+1-661-214-0956x797,ksmith@example.net,Efectivo,3331,Frank Powell
4466589567,79.0,Masculino,Chicago,Medio,5,12.19,Sí,Sí,Vegetariano,No,498-655-3969,no completo,Efectivo,2661,Justin Campbell
2439265956,41.0,Masculino,Chicago,Bajo,1,7.75,No,No,Pescado,No,619-787-6748,no completo,Efectivo,1144,William Hicks
8441393731,34.0,Femenino,Chicago,Bajo,2,9.96,Sí,No,Vegetariano,No,no completo,usmith@example.com,Efectivo,865,Michele Hernandez
7962877595,25.0,Masculino,Chicago,Bajo,1,7.2,No,No,Vegetariano,No,no completo,no completo,Tarjeta,1293,Charles Scott
3759039920,20.0,Femenino,Chicago,Muy Alto,7,18.15,No,Sí,Carnes,Sí,no completo,tiffany16@example.org,Tarjeta,15841,Christina Barnett
5605171053,56.0,Femenino,Chicago,Muy Alto,10,98.85,No,No,Carnes,Sí,(315)415-5118x3295,no completo,App,16207,Brittney Lee
8614472242,39.0,Masculino,Chicago,Alto,4,23.06,No,Sí,Vegetariano,Sí,no completo,leslie43@example.net,Efectivo,4189,Joe Harris
7785686812,35.0,Masculino,Chicago,Alto,4,35.93,Sí,No,Carnes,Sí,no completo,no completo,Tarjeta,7980,Tyler Ramirez
1466305100,23.0,Femenino,Chicago,Muy Alto,10,14.46,No,Sí,Vegetariano,Sí,no completo,no completo,Criptomoneda,10510,Mary Clark
5538582598,20.0,Femenino,Chicago,Muy Alto,7,7.31,Sí,Sí,Vegetariano,Sí,280.715.4646,trevorhester@example.net,App,16037,Mary Gibson
5102618056,57.0,Masculino,Chicago,Muy Alto,10,43.88,Sí,Sí,Vegetariano,Sí,+1-719-682-0005,no completo,Efectivo,15836,John Jackson
8880179270,21.0,Masculino,Chicago,Bajo,3,9.87,Sí,Sí,Vegetariano,No,579.303.0452x53495,jaclynmoreno@example.org,Efectivo,1259,Matthew Chambers
1965067727,75.0,Femenino,Chicago,Medio,3,28.71,No,No,Otro,No,9269210896,burkeryan@example.net,Efectivo,2794,Denise Becker
4384696270,24.0,Masculino,Chicago,Alto,4,14.42,No,Sí,Vegetariano,Sí,+1-495-940-4869,alexanderadam@example.org,App,4405,Justin Trujillo
9760043705,39.0,Femenino,Chicago,Muy Alto,8,67.83,No,No,Vegetariano,Sí,711-265-0685x27974,matthew36@example.org,App,14445,Mandy Holmes
3898947170,66.0,Masculino,Chicago,Alto,6,7.04,Sí,Sí,Carnes,Sí,(613)335-4667x93105,psantos@example.com,Efectivo,7819,David Duncan
9538256817,20.0,Masculino,Chicago,Alto,6,43.41,No,Sí,Mariscos,No,9423003089,blackdustin@example.org,Efectivo,6595,Christian Norris
9068857465,51.0,Masculino,Chicago,Medio,4,21.52,Sí,No,Vegetariano,No,+1-280-275-4134x2386,nmcdonald@example.com,Efectivo,3454,Carl White
5185211818,18.0,Masculino,Chicago,Medio,5,28.8,Sí,Sí,Vegano,No,+1-748-951-4461x69762,ewingstephanie@example.org,App,2833,Philip Blake
5137193856,54.0,Femenino,Chicago,Medio,4,7.81,No,Sí,Vegano,No,no completo,kellerjulie@example.com,Efectivo,2887,Linda Patterson
6440776288,36.0,Femenino,Chicago,Alto,5,56.43,Sí,No,Mariscos,Sí,no completo,no completo,Tarjeta,4334,Joy Wright
6673002683,34.0,Femenino,Chicago,Bajo,1,6.38,No,Sí,Mariscos,No,no completo,no completo,Efectivo,1316,Kimberly Smith
3046773145,35.0,Femenino,Chicago,Medio,2,27.91,No,Sí,Mariscos,No,no completo,adamsjeremy@example.com,Tarjeta,2011,Vanessa Flores
6097146801,46.0,Femenino,Chicago,Bajo,1,9.4,Sí,Sí,Carnes,No,no completo,no completo,Tarjeta,1146,Rachel Spencer
4860111577,70.0,Masculino,Chicago,Bajo,3,6.67,Sí,No,Mariscos,No,no completo,no completo,App,902,Jacob Porter
5154789593,45.0,Femenino,Chicago,Muy Alto,5,74.14,Sí,Sí,Pescado,Sí,no completo,tyrone83@example.net,Efectivo,10222,Kimberly Taylor
5082686463,68.0,Masculino,Chicago,Bajo,2,5.89,No,No,Mariscos,No,no completo,bmiles@example.net,App,968,Anthony Kramer
9533876576,80.0,Masculino,Chicago,Alto,6,31.98,Sí,No,Vegano,No,no completo,no completo,App,7276,Chase Crawford
3436427903,46.0,Masculino,Chicago,Alto,6,35.25,No,Sí,Mariscos,Sí,+1-911-831-7193x32710,lalexander@example.org,Tarjeta,6465,Roy Foley
3445907524,72.0,Masculino,Chicago,Alto,4,59.99,Sí,Sí,Mariscos,Sí,no completo,no completo,Efectivo,3507,Jake Torres
4092720574,38.0,Masculino,Chicago,Medio,5,13.66,No,Sí,Otro,No,no completo,katherinestone@example.org,App,3156,Alvin Jackson
9427354683,46.0,Masculino,Chicago,Medio,2,28.41,No,No,Carnes,No,231-829-7751,no completo,App,2017,Devon Moore
4540774757,48.0,Masculino,Chicago,Bajo,3,7.94,Sí,No,Mariscos,No,248.386.5011x73819,no completo,App,905,Nicholas Schmidt
1439921366,19.0,Femenino,Chicago,Medio,3,15.91,No,Sí,Pescado,No,no completo,no completo,Tarjeta,2298,Linda Rosario
9154846678,60.0,Masculino,Chicago,Medio,4,15.36,No,Sí,Mariscos,No,no completo,no completo,Tarjeta,1691,Todd Harrison
2031926400,78.0,Masculino,Chicago,Medio,4,28.98,No,No,Carnes,No,no completo,no completo,Efectivo,1807,Anthony Good
1600783078,33.0,Masculino,Chicago,Medio,4,20.67,No,No,Mariscos,No,001-328-281-8986x0375,ashley09@example.net,App,3322,David Marshall
8577963750,32.0,Femenino,Chicago,Alto,4,48.2,No,Sí,Otro,Sí,960.912.5456x7553,browndavid@example.com,Efectivo,6260,Connie Murray
2699118333,73.0,Masculino,Chicago,Bajo,2,6.34,Sí,No,Vegetariano,No,no completo,anthonynewman@example.org,Efectivo,872,Derek Smith
4272403062,29.0,Masculino,Chicago,Bajo,3,5.56,No,Sí,Vegetariano,No,+1-224-505-9205x3343,evansrodney@example.org,App,1205,David Stephens
8017321885,58.0,Femenino,Chicago,Medio,2,9.5,Sí,Sí,Pescado,Sí,001-428-814-6565,jefferyhughes@example.org,Tarjeta,3301,Brittany Gonzalez
6609495751,59.0,Masculino,Chicago,Medio,5,11.49,Sí,Sí,Vegano,No,+1-383-227-5181x874,dbell@example.org,Tarjeta,1794,David Lara
8867100560,75.0,Masculino,Chicago,Muy Alto,6,83.2,No,Sí,Vegetariano,Sí,001-473-318-7908x30938,no completo,Tarjeta,13280,Robert Pham
9843965585,42.0,Femenino,Chicago,Medio,2,10.65,Sí,No,Vegetariano,No,no completo,madisonsmith@example.net,Criptomoneda,3001,Felicia Lewis
6471335489,24.0,Masculino,Chicago,Medio,3,10.52,No,No,Mariscos,No,(759)591-2811x275,no completo,Tarjeta,2382,Matthew Smith
9633533290,47.0,Femenino,Chicago,Alto,6,36.03,No,No,Carnes,Sí,no completo,no completo,Efectivo,7681,Jaclyn Hamilton
9120243954,32.0,Femenino,Chicago,Alto,3,29.43,No,No,Carnes,Sí,+1-720-767-7035x1599,jennifersparks@example.com,App,8867,Melanie Hicks
7462554807,75.0,Femenino,Chicago,Bajo,2,5.4,Sí,No,Vegano,No,271.797.5172x398,no completo,Tarjeta,1079,Kathryn Kane
9141894221,71.0,Masculino,Chicago,Alto,5,51.84,Sí,No,Carnes,No,no completo,no completo,Tarjeta,5441,Todd Miranda
6053165948,22.0,Femenino,Chicago,Medio,2,11.31,No,Sí,Otro,Sí,366.418.6131x0636,no completo,App,2670,Victoria Espinoza
3707882231,40.0,Femenino,Chicago,Medio,5,6.85,No,No,Mariscos,No,no completo,no completo,App,1850,Sharon Gray
8487886592,74.0,Femenino,Chicago,Muy Alto,7,42.57,No,No,Mariscos,Sí,001-342-810-2108,no completo,Efectivo,11232,Amy Jensen
5184054736,52.0,Masculino,Chicago,Alto,5,48.21,No,No,Carnes,Sí,no completo,no completo,Efectivo,4500,Nicholas Harris
9650936041,54.0,Femenino,Chicago,Medio,3,22.67,Sí,Sí,Vegetariano,No,(876)879-1815,no completo,Efectivo,2289,Lisa Barr
3685515992,55.0,Femenino,Chicago,Muy Alto,7,53.73,Sí,Sí,Vegetariano,Sí,no completo,rbrown@example.net,Tarjeta,11999,Angela Carroll
8238084374,58.0,Masculino,Chicago,Medio,5,14.04,Sí,Sí,Otro,No,no completo,catherinewilliams@example.org,App,2901,Brian Mercado
5205680331,21.0,Masculino,Chicago,Muy Alto,5,51.75,Sí,Sí,Vegetariano,Sí,no completo,kwallace@example.org,Efectivo,14671,Eric Moore
4398250825,19.0,Masculino,Chicago,Muy Alto,5,76.41,No,Sí,Otro,Sí,572-901-1825x64701,no completo,Efectivo,13557,Anthony Ortega
9525423626,54.0,Femenino,Chicago,Bajo,2,5.47,Sí,Sí,Carnes,No,+1-325-725-4560x4796,martin79@example.com,Tarjeta,972,Alisha Baldwin
2588876294,62.0,Femenino,Chicago,Medio,3,25.47,No,No,Vegetariano,Sí,no completo,wallacethomas@example.net,Efectivo,3053,Jill Guzman
6373582220,74.0,Femenino,Chicago,Alto,6,43.83,No,No,Carnes,No,no completo,no completo,Tarjeta,4078,Julie Perry
1458851026,35.0,Masculino,Chicago,Alto,4,15.83,Sí,Sí,Otro,No,234-708-1319,zhernandez@example.com,Efectivo,7261,Andrew Kennedy
7223496867,56.0,Masculino,Chicago,Bajo,1,6.32,No,Sí,Carnes,No,no completo,no completo,Tarjeta,805,Roy Matthews
7692678533,72.0,Femenino,Chicago,Bajo,1,5.42,No,No,Carnes,No,623-715-7897x6808,stacy21@example.org,Efectivo,1354,Julie Fuentes
3468100218,63.0,Masculino,Chicago,Muy Alto,5,95.76,No,Sí,Carnes,Sí,001-594-756-7572x8711,no completo,Efectivo,10565,Jordan Moore
4768651356,67.0,Femenino,Chicago,Muy Alto,10,75.12,No,No,Carnes,Sí,(612)632-4945,hhernandez@example.net,Efectivo,16986,Amanda Turner
7663320708,57.0,Femenino,Chicago,Bajo,1,9.3,No,Sí,Vegetariano,No,+1-857-396-6909x68927,twilson@example.org,App,1057,Nicole Chapman
6125551262,56.0,Femenino,Chicago,Medio,3,16.45,No,Sí,Vegetariano,No,no completo,no completo,Tarjeta,2256,Cindy Serrano
7692011021,31.0,Masculino,Chicago,Muy Alto,7,69.5,No,Sí,Carnes,Sí,(330)852-5370x51449,no completo,Efectivo,10681,Tony Martin
8351491401,56.0,Masculino,Chicago,Medio,3,26.83,Sí,Sí,Vegano,No,001-286-986-3131,ioliver@example.org,App,2111,Thomas Herrera
4755910761,26.0,Masculino,Chicago,Medio,3,5.43,No,Sí,Otro,No,982.340.2076x308,ycardenas@example.com,App,3363,Matthew Miller
1365097623,39.0,Masculino,Chicago,Bajo,3,5.23,No,No,Vegetariano,No,no completo,no completo,Efectivo,1263,Brandon Phillips
7552222992,71.0,Masculino,Chicago,Medio,3,11.16,No,No,Carnes,No,(946)239-1200x394,jenkinstony@example.org,Efectivo,2356,Joshua Petersen
4275261101,23.0,Masculino,Chicago,Bajo,3,8.75,No,Sí,Mariscos,No,no completo,no completo,Tarjeta,1515,Ryan York
4479410205,21.0,Femenino,Chicago,Alto,6,37.74,Sí,Sí,Pescado,Sí,no completo,no completo,Efectivo,7088,Stefanie Nixon
3672911638,67.0,Masculino,Chicago,Medio,2,14.26,No,Sí,Vegetariano,No,2016899973,no completo,Tarjeta,3020,James Reed
9349463709,24.0,Femenino,Chicago,Alto,4,50.71,Sí,Sí,Carnes,Sí,001-566-946-3120x5494,no completo,Efectivo,4866,Amanda Nelson
6321755673,57.0,Femenino,Chicago,Medio,2,14.19,No,Sí,Pescado,No,+1-356-456-0185x18134,no completo,Tarjeta,2850,Michelle Diaz
4387725726,50.0,Femenino,Chicago,Alto,5,10.49,No,Sí,Carnes,No,001-790-227-3839x811,no completo,Efectivo,8498,Paula White
5333944511,69.0,Masculino,Chicago,Alto,6,38.59,Sí,No,Carnes,No,no completo,no completo,Efectivo,5855,Andrew Figueroa
9337515433,49.0,Femenino,Chicago,Alto,6,24.22,Sí,No,Pescado,Sí,no completo,no completo,Efectivo,5832,Marissa Parker
8841458420,30.0,Femenino,Chicago,Alto,4,51.72,Sí,No,Carnes,Sí,+1-823-593-9213,no completo,Efectivo,4117,Mary Holmes
4344391830,70.0,Masculino,Chicago,Medio,4,17.19,Sí,No,Carnes,No,3839283026,no completo,App,2313,Matthew Brown
3220653118,76.0,Femenino,Chicago,Bajo,2,8.53,Sí,Sí,Carnes,No,no completo,no completo,Efectivo,1348,Angela Hale
5453979997,74.0,Femenino,Chicago,Bajo,1,5.96,Sí,No,Mariscos,No,726.646.1412x485,no completo,Tarjeta,986,Abigail Berger
6770485440,51.0,Femenino,Chicago,Medio,4,19.13,No,Sí,Mariscos,No,(537)706-7515,no completo,App,1874,Stephanie Sloan
9554291576,42.0,Masculino,Chicago,Bajo,2,7.02,No,No,Pescado,No,no completo,no completo,Tarjeta,1247,Jesse Davidson
4133391767,32.0,Masculino,Chicago,Alto,5,41.0,Sí,No,Carnes,No,no completo,beth81@example.com,App,4365,James Cruz
2419888806,25.0,Femenino,Chicago,Medio,3,14.68,Sí,Sí,Carnes,No,no completo,ybaker@example.org,Efectivo,2223,Brittney Acosta
3480788274,22.0,Femenino,Chicago,Medio,3,23.65,Sí,Sí,Mariscos,No,no completo,no completo,App,2135,Tonya Gallegos
7793734097,35.0,Femenino,Chicago,Bajo,3,7.77,No,Sí,Vegetariano,No,no completo,no completo,Efectivo,853,Victoria Acosta
1011225863,48.0,Masculino,Chicago,Muy Alto,10,90.74,No,Sí,Otro,No,no completo,no completo,Tarjeta,15937,Brandon Hansen
9047710198,26.0,Femenino,Chicago,Muy Alto,8,36.69,Sí,Sí,Vegano,Sí,+1-865-302-8601x1837,no completo,Tarjeta,11582,Lindsay Davis
3226009278,65.0,Masculino,Chicago,Muy Alto,6,16.32,No,Sí,Carnes,Sí,979-204-1686x026,phillipwheeler@example.org,App,16630,Mark Logan
6282009986,34.0,Masculino,Chicago,Muy Alto,3,6.72,Sí,Sí,Carnes,Sí,no completo,no completo,Tarjeta,16841,Timothy Hayden
8212526850,36.0,Femenino,Chicago,Alto,3,20.6,No,No,Mariscos,No,no completo,no completo,Efectivo,4861,Beth Gordon
5082964045,20.0,Masculino,Chicago,Medio,5,22.59,Sí,No,Carnes,No,417-919-4118x576,no completo,Tarjeta,2053,James Gibbs
7277823614,39.0,Masculino,Chicago,Medio,3,10.55,Sí,No,Carnes,Sí,847-779-3747x074,no completo,App,2748,Anthony Allen
2104601207,79.0,Femenino,Chicago,Alto,5,37.17,No,No,Carnes,Sí,no completo,elizabeth91@example.com,Efectivo,5370,Tammy Watson
8073367682,40.0,Femenino,Chicago,Medio,4,22.47,Sí,No,Carnes,No,no completo,no completo,Tarjeta,3225,Brittany Flores
8552304952,33.0,Femenino,Chicago,Bajo,2,9.79,Sí,Sí,Vegano,No,no completo,ftaylor@example.net,Tarjeta,1246,Robin Johnson
4507883159,56.0,Femenino,Chicago,Muy Alto,9,102.76,No,Sí,Carnes,Sí,5802519991,alleneric@example.org,Tarjeta,15324,Teresa Hernandez
5684378987,29.0,Femenino,Chicago,Medio,3,7.38,Sí,Sí,Pescado,Sí,no completo,no completo,App,2533,Jill Hunt
1469809301,31.0,Masculino,Chicago,Alto,5,22.17,Sí,No,Mariscos,Sí,no completo,vrogers@example.org,Tarjeta,6616,Timothy Cunningham
2822191146,72.0,Masculino,Chicago,Medio,2,19.95,Sí,No,Carnes,No,no completo,bryantthomas@example.net,App,2333,Jay Hall
8739143112,64.0,Femenino,Chicago,Medio,5,8.18,Sí,Sí,Mariscos,No,(675)811-4136,wleach@example.net,App,2171,Heather Escobar
4392640827,19.0,Femenino,Chicago,Medio,3,7.15,Sí,Sí,Carnes,No,001-279-888-8194x9366,carolwhite@example.com,Tarjeta,2786,Jasmine Mendez
8277440848,42.0,Masculino,Chicago,Alto,5,24.56,Sí,No,Carnes,Sí,no completo,no completo,App,4378,Christian Gilmore
4860887479,43.0,Femenino,Chicago,Medio,3,8.32,Sí,Sí,Carnes,No,259-671-9352x20350,no completo,App,2522,Suzanne Boyd
2180845948,18.0,Masculino,Chicago,Bajo,1,6.5,Sí,Sí,Otro,No,no completo,no completo,Tarjeta,939,Paul Patel
7752955351,18.0,Femenino,Chicago,Medio,3,28.54,Sí,Sí,Mariscos,No,001-819-405-2343x64227,no completo,Efectivo,2330,Miranda Buchanan
3627549477,24.0,Masculino,Chicago,Alto,6,19.37,No,Sí,Carnes,Sí,761-798-1644x425,no completo,Tarjeta,8818,Gregory Stephens
2678276347,23.0,Masculino,Chicago,Medio,5,18.25,Sí,Sí,Carnes,No,3716798357,no completo,Efectivo,1942,Andrew Hunter
5179751288,57.0,Masculino,Chicago,Alto,6,9.55,Sí,No,Mariscos,Sí,no completo,fparks@example.com,App,5048,Scott Schmidt
6889727970,29.0,Masculino,Chicago,Muy Alto,6,18.49,Sí,Sí,Vegano,Sí,no completo,njohnson@example.net,Efectivo,10930,Joshua Velazquez
1500228324,43.0,Masculino,Chicago,Bajo,1,7.17,No,Sí,Carnes,No,338-823-3547x08054,no completo,Efectivo,1131,Charles Johnson
7613797397,63.0,Masculino,Chicago,Alto,5,25.92,No,No,Carnes,No,no completo,jamesvaldez@example.com,App,8278,Thomas Dominguez
9569531051,19.0,Femenino,Chicago,Alto,5,40.4,Sí,Sí,Otro,Sí,+1-285-691-8473x603,mmay@example.net,Efectivo,6577,Jody Tucker
6466077547,67.0,Femenino,Chicago,Muy Alto,8,26.03,No,Sí,Carnes,Sí,no completo,no completo,Tarjeta,9995,Tina Todd
1245813758,40.0,Masculino,Chicago,Bajo,1,7.77,No,Sí,Carnes,No,(884)487-2251x06284,no completo,App,1177,Terry Gardner
4364526708,22.0,Femenino,Chicago,Alto,6,52.36,No,Sí,Pescado,Sí,no completo,no completo,Tarjeta,8813,Brittney Mcconnell
3818914683,45.0,Femenino,Chicago,Alto,4,49.4,Sí,No,Carnes,Sí,623-765-9971x74144,no completo,Efectivo,6741,Yvonne Scott
9062028075,61.0,Masculino,Chicago,Medio,2,21.66,No,Sí,Carnes,Sí,701.429.8039x8699,mendezbarbara@example.com,Efectivo,3031,Jordan Harris
9334861755,43.0,Femenino,Chicago,Bajo,3,5.83,No,No,Carnes,No,no completo,no completo,Efectivo,926,Gina Rice
7119956976,29.0,Masculino,Chicago,Medio,5,15.23,Sí,No,Pescado,No,no completo,osbornjohn@example.net,Tarjeta,1882,Edwin Jenkins
6636843941,71.0,Masculino,Chicago,Medio,2,26.26,Sí,Sí,Carnes,No,(350)847-6799x58548,gabriellefoster@example.com,Tarjeta,2213,Steven Brown
1539709649,39.0,Masculino,Chicago,Alto,4,21.5,Sí,No,Otro,No,+1-600-360-8560x875,heather16@example.com,Tarjeta,8881,Vincent Oneal
6890240063,46.0,Masculino,Chicago,Medio,3,6.05,Sí,No,Mariscos,No,no completo,no completo,App,2038,Anthony Wu
1897785201,67.0,Femenino,Chicago,Medio,3,24.67,No,No,Carnes,Sí,no completo,charles47@example.net,App,2315,Amy Levine
1183851649,76.0,Masculino,Chicago,Muy Alto,5,75.17,No,Sí,Pescado,Sí,no completo,no completo,Efectivo,13003,Michael Gonzales
9933123409,54.0,Masculino,Chicago,Medio,5,19.85,Sí,No,Vegetariano,No,(349)418-2027x049,kristinsalazar@example.net,App,1631,Adam Smith
8872092528,39.0,Masculino,Chicago,Medio,3,12.84,Sí,Sí,Carnes,No,5427350964,no completo,Efectivo,3093,Michael Yang
6587537178,55.0,Femenino,Chicago,Bajo,3,6.54,Sí,No,Otro,No,no completo,no completo,Tarjeta,1013,Diana Russell
4871835158,42.0,Femenino,Chicago,Bajo,1,6.7,Sí,Sí,Carnes,No,433-910-7261,joseph45@example.org,Tarjeta,919,Diane Becker
7088451458,38.0,Masculino,Chicago,Muy Alto,6,11.34,Sí,Sí,Vegano,Sí,no completo,kim57@example.org,App,13373,Barry Williams
5831150934,18.0,Femenino,Chicago,Medio,3,5.47,No,Sí,Carnes,No,001-420-736-0748x86790,no completo,Tarjeta,1846,Priscilla Hicks
5188411716,80.0,Femenino,Chicago,Medio,4,14.08,No,Sí,Carnes,No,001-293-406-9433x36781,no completo,Efectivo,2596,Erin Henson
3374662487,28.0,Femenino,Chicago,Muy Alto,9,89.53,Sí,Sí,Vegano,Sí,001-433-870-7454x56938,zallen@example.com,App,17472,Lisa Rogers
5935362233,78.0,Masculino,Chicago,Muy Alto,10,23.1,Sí,Sí,Pescado,Sí,no completo,williamsonjamie@example.com,Efectivo,9979,Jeffrey Brown
1480850393,49.0,Masculino,Chicago,Medio,2,17.35,Sí,Sí,Vegano,No,no completo,courtneyross@example.com,Tarjeta,1638,Joseph Eaton
6823128871,40.0,Masculino,Chicago,Alto,5,36.3,No,No,Pescado,Sí,no completo,claudiamendez@example.com,App,5994,Robert Davis
4872521694,64.0,Masculino,Chicago,Muy Alto,6,29.68,Sí,No,Vegano,Sí,633-659-1474x06926,carmen58@example.net,Efectivo,15243,Michael Johnson
9098746608,65.0,Masculino,Chicago,Medio,3,21.78,Sí,No,Vegetariano,No,473-708-9149x69434,no completo,App,1628,Michael Abbott
5557772773,31.0,Masculino,Chicago,Medio,4,15.34,Sí,Sí,Carnes,No,no completo,hallbrian@example.com,Tarjeta,2389,Charles Freeman
1417436465,51.0,Masculino,Chicago,Muy Alto,3,61.57,Sí,Sí,Carnes,Sí,+1-887-991-4914x1414,tanya54@example.org,Tarjeta,12949,Aaron White
2114317366,79.0,Femenino,Chicago,Alto,4,29.03,No,Sí,Carnes,Sí,001-264-449-2170,deborahhoward@example.org,App,4977,Crystal Howard
7965460607,22.0,Femenino,Chicago,Medio,4,27.45,No,Sí,Carnes,No,001-812-909-9600x62161,no completo,Tarjeta,3368,Brandy Jackson
8885111529,63.0,Femenino,Chicago,Medio,2,20.66,No,No,Mariscos,No,no completo,msullivan@example.net,Efectivo,2366,Alyssa Edwards
4072032711,18.0,Femenino,Chicago,Bajo,2,6.33,No,Sí,Carnes,No,001-485-731-6489x8918,no completo,Tarjeta,1012,Rebecca Peters
3855462767,19.0,Masculino,Chicago,Alto,5,22.53,No,No,Otro,No,+1-370-806-6832x3586,tracey36@example.org,Tarjeta,5844,Zachary Bowers
1192650241,77.0,Femenino,Chicago,Alto,6,7.91,Sí,No,Vegetariano,Sí,7032735815,no completo,Tarjeta,5321,Regina Johns
6764794940,73.0,Masculino,Chicago,Medio,3,23.93,No,No,Vegetariano,No,+1-711-588-7201,no completo,App,2421,Alexander Sanchez
2338334796,44.0,Masculino,Chicago,Alto,4,24.48,No,No,Carnes,Sí,5982414548,amberbrown@example.com,Efectivo,3911,Michael Miller
4425081216,20.0,Masculino,Chicago,Medio,3,,Sí,Sí,Mariscos,No,342-232-9911x9139,no completo,Efectivo,2243,Robert Burke
8231933700,28.0,Masculino,Chicago,Medio,5,14.76,No,Sí,Pescado,No,no completo,no completo,Efectivo,2209,Matthew Valencia
2845988316,63.0,Femenino,Chicago,Alto,5,21.22,No,No,Vegano,Sí,2183851600,ginafernandez@example.com,App,7775,Toni Perry
5119117424,79.0,Femenino,Chicago,Medio,4,14.54,No,Sí,Carnes,No,no completo,fergusoneric@example.com,Tarjeta,1656,Kelsey Malone
9538092528,53.0,Femenino,Chicago,Medio,4,16.41,Sí,Sí,Carnes,No,001-559-807-1016,njoseph@example.net,Efectivo,2122,Mary Fox
6136463901,45.0,Femenino,Chicago,Alto,5,32.23,Sí,No,Otro,No,687.964.1334,morgan66@example.org,Tarjeta,4986,Melissa King
3161601606,30.0,Femenino,Chicago,Medio,3,29.44,Sí,Sí,Vegano,No,3406708926,no completo,Tarjeta,2565,Anna Collins
1572827654,57.0,Masculino,Chicago,Medio,3,20.99,Sí,Sí,Carnes,No,803-677-3807,no completo,Tarjeta,2372,John Rose
2156991983,43.0,Femenino,Chicago,Alto,4,44.7,No,Sí,Carnes,No,3629680682,no completo,App,5231,Becky King
2981028339,38.0,Masculino,Chicago,Alto,6,54.49,No,No,Carnes,Sí,+1-216-210-5568x47803,brandon46@example.org,Tarjeta,5301,Steven Rodriguez
6742199636,42.0,Masculino,Chicago,Bajo,3,9.24,Sí,No,Pescado,No,no completo,no completo,Efectivo,896,George Smith
4082960786,37.0,Masculino,Chicago,Medio,3,19.74,Sí,Sí,Otro,No,no completo,virginiajohnson@example.com,Efectivo,2305,Jason Martinez
8533341510,25.0,Masculino,Chicago,Alto,6,43.57,Sí,Sí,Vegetariano,Sí,001-476-852-9877x99724,no completo,Tarjeta,7954,Patrick Williams
3907074032,29.0,Femenino,Chicago,Medio,2,22.97,No,Sí,Carnes,No,no completo,amanda12@example.org,Efectivo,2420,Paula Garcia
8251009913,19.0,Masculino,Chicago,Bajo,2,8.75,Sí,Sí,Mariscos,No,no completo,no completo,Tarjeta,1369,Mario Roberson
5464888540,60.0,Femenino,Chicago,Muy Alto,9,43.99,Sí,Sí,Carnes,Sí,no completo,no completo,Efectivo,11246,Gina Villegas
9973832043,69.0,Masculino,Chicago,Bajo,2,5.53,Sí,No,Otro,No,335-413-0991x861,no completo,Efectivo,1135,Zachary Vance
7641707102,43.0,Femenino,Chicago,Medio,2,25.12,Sí,Sí,Carnes,No,no completo,no completo,Efectivo,1998,Anna Foster
3559595400,48.0,Femenino,Chicago,Medio,4,13.0,No,Sí,Pescado,No,262.645.0117,no completo,App,2950,Emily Stephens
3659104032,57.0,Masculino,Chicago,Bajo,2,7.15,No,Sí,Vegetariano,No,no completo,comptonangel@example.net,Tarjeta,1072,Zachary Foster
6644556579,46.0,Masculino,Chicago,Alto,5,20.64,No,Sí,Carnes,Sí,no completo,chamilton@example.com,Tarjeta,3745,Roger Williams
6837975356,29.0,Masculino,Chicago,Alto,4,38.82,No,Sí,Carnes,Sí,no completo,no completo,Efectivo,6665,Thomas Torres
8389750357,47.0,Masculino,Chicago,Alto,5,33.64,No,Sí,Mariscos,No,(689)894-7342x7549,richard34@example.net,Efectivo,5816,Adam Curtis
6700342356,70.0,Femenino,Chicago,Bajo,3,5.48,Sí,Sí,Vegetariano,No,796-706-8457x8714,rbutler@example.org,Efectivo,1331,Danielle Hoffman
7833025787,79.0,Femenino,Chicago,Alto,3,36.63,Sí,Sí,Mariscos,Sí,no completo,no completo,Tarjeta,8017,Amy Jackson
7029440590,31.0,Masculino,Chicago,Bajo,3,8.62,No,Sí,Mariscos,No,001-458-755-5982x63826,solsen@example.com,Efectivo,916,Marvin Rios
9820014011,69.0,Masculino,Chicago,Muy Alto,10,98.62,Sí,Sí,Mariscos,Sí,no completo,jensenjames@example.org,Tarjeta,12823,Cameron Knapp
2072226456,51.0,Femenino,Chicago,Bajo,1,7.82,No,Sí,Vegetariano,No,+1-582-428-3439x81962,joshua79@example.com,Efectivo,946,Sarah Crawford
2407377479,48.0,Masculino,Chicago,Alto,5,8.17,No,No,Vegano,No,(915)903-2022x39998,no completo,Efectivo,5534,Andrew Day
4408423851,79.0,Masculino,Chicago,Muy Alto,8,14.93,Sí,No,Otro,Sí,678.919.0465,mooremaria@example.com,Tarjeta,14837,Jason Jones
5563593235,18.0,Femenino,Chicago,Medio,5,7.58,Sí,Sí,Carnes,No,no completo,no completo,Tarjeta,1979,Monique Ramirez
2025737309,28.0,Masculino,Chicago,Bajo,3,6.4,Sí,No,Carnes,No,360.587.6587,brent98@example.net,Tarjeta,1323,Gary Bennett
4048664376,71.0,Masculino,Chicago,Bajo,1,6.6,No,No,Carnes,No,no completo,rodriguezrobert@example.org,Efectivo,981,John Strong
3128647054,26.0,Masculino,Chicago,Alto,5,26.97,No,Sí,Vegetariano,Sí,no completo,melody29@example.net,Tarjeta,8333,Brent Terrell
3367952685,37.0,Femenino,Chicago,Alto,6,49.97,No,No,Carnes,Sí,+1-932-631-8049x240,no completo,Efectivo,5973,Melinda Landry
7805324697,37.0,Masculino,Chicago,Medio,4,11.24,No,No,Vegetariano,No,334-586-6819,no completo,App,1616,Jimmy Pearson
3348686869,35.0,Masculino,Chicago,Bajo,2,8.21,No,No,Pescado,No,(846)763-9073x875,no completo,Efectivo,1234,Richard Travis
7846403103,53.0,Masculino,Chicago,Medio,2,8.24,Sí,No,Carnes,No,869-340-4269x13630,no completo,Efectivo,3453,Johnny Chavez
8244514196,64.0,Femenino,Chicago,Medio,2,23.39,Sí,Sí,Mariscos,No,no completo,no completo,Efectivo,2953,Morgan Lewis
5852564405,68.0,Femenino,Chicago,Medio,3,29.54,Sí,No,Carnes,No,no completo,esmith@example.com,Tarjeta,2269,Sheila Marshall
1677541437,56.0,Masculino,Chicago,Alto,6,49.51,Sí,Sí,Vegetariano,Sí,6258492930,mckaymichael@example.net,Efectivo,4985,Jonathan Gallegos
2734909435,50.0,Femenino,Chicago,Medio,5,22.43,Sí,Sí,Carnes,No,786.706.0846,no completo,Tarjeta,2108,Jillian Acosta
8330593321,53.0,Masculino,Chicago,Muy Alto,6,22.94,No,Sí,Otro,Sí,2027916655,no completo,Tarjeta,11551,Gregory Ramos
5353983527,33.0,Masculino,Chicago,Alto,4,32.14,No,No,Vegano,Sí,+1-612-836-5588x328,kathy52@example.com,Efectivo,4717,Jonathan Morris
5084320126,39.0,Masculino,Chicago,Alto,6,39.26,Sí,No,Mariscos,Sí,445.955.2696x461,jessicapearson@example.com,Tarjeta,5649,Walter Kim
4751414261,50.0,Femenino,Chicago,Medio,5,20.22,No,Sí,Vegetariano,No,001-730-431-7730x252,bondsusan@example.org,Tarjeta,2446,Kathryn Giles
5178391171,65.0,Masculino,Chicago,Alto,6,51.36,Sí,No,Carnes,Sí,841.499.6534x939,eddie98@example.com,Efectivo,3521,Roberto Baker
2853081959,59.0,Masculino,Chicago,Medio,4,17.1,Sí,Sí,Otro,No,(725)495-6303,no completo,App,1780,John Rosales
9458620027,78.0,Masculino,Chicago,Alto,6,37.14,No,No,Vegano,No,no completo,no completo,Efectivo,5606,Jonathan Jordan
4220479048,26.0,Masculino,Chicago,Muy Alto,6,48.17,No,Sí,Otro,Sí,no completo,djennings@example.com,Tarjeta,11011,Daniel Caldwell
9789699083,69.0,Masculino,Chicago,Alto,6,13.07,No,Sí,Carnes,Sí,no completo,wilsontara@example.org,Efectivo,3944,Mark Davis
5349481923,76.0,Masculino,Chicago,Medio,5,9.3,No,No,Vegetariano,No,no completo,no completo,Tarjeta,1950,Bradley White
3598504816,30.0,Masculino,Chicago,Medio,2,22.22,Sí,Sí,Carnes,No,no completo,susancrawford@example.org,Tarjeta,3459,Shane Myers
6359398315,60.0,Femenino,Chicago,Muy Alto,8,54.27,Sí,No,Carnes,Sí,(770)825-2613,no completo,App,16368,Kendra Jones
1673494457,52.0,Femenino,Chicago,Alto,6,12.59,Sí,Sí,Carnes,Sí,no completo,william90@example.org,App,3939,Nicole Adams
7515565008,28.0,Femenino,Chicago,Medio,4,17.64,No,Sí,Carnes,No,no completo,barbara88@example.com,Efectivo,2529,Kathleen Gill
8362261450,42.0,Masculino,Chicago,Muy Alto,9,103.13,Sí,No,Vegano,Sí,315.850.9602x093,no completo,App,15113,Jason Graham
2301072326,43.0,Femenino,Chicago,Medio,5,13.42,Sí,No,Vegetariano,No,no completo,no completo,App,3313,Courtney Brown
3022175213,31.0,Masculino,Chicago,Muy Alto,10,6.74,No,Sí,Carnes,Sí,+1-395-427-4020x13829,no completo,Efectivo,15233,Duane Patterson
1948262046,62.0,Masculino,Chicago,Medio,3,27.98,No,Sí,Carnes,No,no completo,no completo,App,1919,Brent Bradley
2387414613,68.0,Femenino,Chicago,Bajo,3,9.58,Sí,Sí,Vegetariano,No,+1-265-579-6861x236,no completo,App,869,Tiffany Johnson
3367704310,29.0,Femenino,Chicago,Medio,3,22.46,No,No,Vegetariano,No,+1-536-602-1870x477,no completo,Efectivo,2191,Wendy Thomas
4760385504,74.0,Masculino,Chicago,Bajo,3,9.56,Sí,No,Vegetariano,No,382.994.6230x04640,no completo,Efectivo,821,Kyle Carroll
2401321791,79.0,Masculino,Chicago,Medio,4,9.46,No,Sí,Vegano,No,no completo,mcgrathdakota@example.org,App,2696,Alexander Patterson
8824192025,72.0,Masculino,Chicago,Alto,6,11.62,Sí,Sí,Pescado,Sí,272-415-5482,no completo,Tarjeta,3998,Cody Bailey
8042650940,67.0,Masculino,Chicago,Alto,5,53.1,No,Sí,Pescado,Sí,643-253-3306,joseph55@example.com,Efectivo,6184,Craig Smith
7786222794,36.0,Femenino,Chicago,Medio,4,19.57,No,Sí,Carnes,Sí,330.861.2668x51879,no completo,Tarjeta,2172,Jamie Jones
1600566083,19.0,Femenino,Chicago,Alto,6,26.56,No,Sí,Otro,Sí,448-853-9109x9426,no completo,App,4596,Valerie Lee
2495016079,68.0,Femenino,Chicago,Bajo,1,7.15,No,Sí,Carnes,No,924-749-4384x6984,yweber@example.com,App,908,Megan Lee
9510952234,71.0,Femenino,Chicago,Alto,6,8.8,No,Sí,Pescado,Sí,(761)631-8298x85319,marissa89@example.com,Efectivo,5246,Carolyn Mason
7102211781,35.0,Masculino,Chicago,Muy Alto,3,13.66,No,Sí,Mariscos,Sí,531.414.5913x044,no completo,Efectivo,14296,Adam Sherman
5375354357,33.0,Femenino,Chicago,Medio,5,8.61,Sí,Sí,Vegetariano,No,2595454728,angelawhite@example.net,App,2960,Linda Anderson
6248947770,25.0,Femenino,Chicago,Medio,5,26.68,No,Sí,Pescado,No,no completo,gmorris@example.net,Tarjeta,1809,Julie Ferguson
9229145004,69.0,Masculino,Chicago,Muy Alto,6,78.84,Sí,No,Carnes,Sí,202.261.0969,no completo,Efectivo,12088,Steve Tyler
6321174377,55.0,Femenino,Chicago,Bajo,3,6.65,Sí,Sí,Carnes,No,no completo,huertahunter@example.org,Tarjeta,1279,Diana Maynard
3150162284,24.0,Masculino,Chicago,Bajo,2,8.95,No,Sí,Carnes,No,no completo,no completo,Tarjeta,1466,Mario Cook
7121713134,72.0,Femenino,Chicago,Alto,4,23.93,No,No,Vegetariano,No,no completo,no completo,Tarjeta,5364,Lauren Murphy
6472086746,30.0,Femenino,Chicago,Muy Alto,7,29.57,No,Sí,Carnes,Sí,no completo,no completo,App,13388,Kendra Mora
3006112966,65.0,Masculino,Chicago,Alto,6,30.95,No,Sí,Mariscos,Sí,(458)716-8637x604,no completo,App,8663,Tracy Miller
1277683972,66.0,Masculino,Chicago,Bajo,1,6.96,No,Sí,Mariscos,No,325-960-0599x271,no completo,Efectivo,1498,Bernard Davis
1125791798,34.0,Masculino,Chicago,Bajo,3,7.88,Sí,No,Carnes,No,no completo,no completo,Efectivo,1116,Dean Ramirez
9775430744,44.0,Femenino,Chicago,Medio,5,7.99,No,No,Vegetariano,Sí,no completo,no completo,Tarjeta,1741,Cindy Torres
7486045851,23.0,Masculino,Chicago,Alto,3,27.49,Sí,Sí,Mariscos,Sí,5773408534,no completo,App,7007,Carlos Cook
4353200746,71.0,Femenino,Chicago,Alto,4,23.19,No,Sí,Mariscos,Sí,+1-327-751-4899x4021,vwest@example.org,Tarjeta,8186,Angela Cox
9315926417,77.0,Femenino,Chicago,Medio,4,6.15,Sí,Sí,Mariscos,No,no completo,no completo,App,2311,Laura Howard
2947232305,79.0,Masculino,Chicago,Alto,6,36.16,Sí,No,Mariscos,No,no completo,no completo,Efectivo,6698,William Fuller
4668522545,33.0,Masculino,Chicago,Medio,5,25.66,Sí,No,Carnes,Sí,994.201.7290x891,sandrasanchez@example.com,Efectivo,3125,Timothy Haley
4333330668,52.0,Masculino,Chicago,Alto,4,22.05,No,No,Pescado,No,001-969-767-4052x07863,no completo,Efectivo,8468,Jonathan Mcconnell
9906016729,59.0,Masculino,Chicago,Medio,2,20.98,Sí,Sí,Carnes,No,no completo,no completo,App,2752,Jamie Gould
5145032329,21.0,Femenino,Chicago,Alto,6,52.95,Sí,Sí,Carnes,Sí,766-951-3408x0095,no completo,Tarjeta,5941,Debra Norton
4192791245,70.0,Femenino,Chicago,Muy Alto,6,10.58,No,Sí,Carnes,Sí,(801)808-0354,no completo,App,11190,Sarah Hernandez
7129511050,55.0,Femenino,Chicago,Alto,6,5.29,No,No,Vegano,Sí,no completo,justinbutler@example.org,Efectivo,6619,Cynthia Pham
2880657409,37.0,Femenino,Chicago,Muy Alto,7,47.74,Sí,Sí,Carnes,Sí,no completo,no completo,Efectivo,14709,Natalie Mann
9876704672,45.0,Masculino,Chicago,Medio,4,11.74,No,Sí,Vegetariano,No,438-208-5554x597,lisa60@example.com,App,2613,Richard Allison
5666005361,53.0,Femenino,Chicago,Muy Alto,8,73.38,Sí,Sí,Mariscos,Sí,no completo,qrodriguez@example.net,App,14528,Michelle Howard
6054678460,26.0,Masculino,Chicago,Medio,5,6.04,No,Sí,Carnes,Sí,+1-498-676-7052x36287,emilymartinez@example.com,Efectivo,1800,Ruben Rodriguez
8804564187,77.0,Masculino,Chicago,Muy Alto,3,36.22,Sí,No,Carnes,Sí,+1-379-638-4801x1415,no completo,Tarjeta,10802,Nicholas Miller
4608057383,54.0,Masculino,Chicago,Alto,6,57.39,Sí,Sí,Mariscos,Sí,2313835818,gnelson@example.net,App,4024,Jonathan Cruz
7297011791,48.0,Masculino,Chicago,Medio,4,24.7,Sí,Sí,Carnes,No,no completo,beckergabrielle@example.net,App,2255,Nicholas Stewart
5371842591,41.0,Femenino,Chicago,Muy Alto,5,26.78,Sí,Sí,Carnes,Sí,881.567.7647x85927,no completo,App,13695,Ashley Grant
6049646750,56.0,Femenino,Chicago,Alto,6,22.8,No,Sí,Vegano,Sí,no completo,no completo,Efectivo,6933,Ashley Allen
5851463945,51.0,Femenino,Chicago,Medio,5,11.26,No,No,Mariscos,No,769.982.7881x2853,no completo,Efectivo,1626,Valerie Jones
5683650794,49.0,Masculino,Chicago,Muy Alto,7,6.9,No,No,Carnes,Sí,+1-674-267-2198x221,catherinewoods@example.org,Efectivo,17854,Paul Medina
7923014252,49.0,Masculino,Chicago,Alto,5,6.66,Sí,Sí,Vegetariano,Sí,no completo,no completo,Tarjeta,4781,Rodney Whitehead
2896412521,25.0,Masculino,Chicago,Muy Alto,10,9.32,Sí,Sí,Vegano,Sí,001-210-720-2052x4812,no completo,App,12851,Scott Harvey
3357731126,79.0,Masculino,Chicago,Alto,5,13.6,No,Sí,Carnes,Sí,no completo,no completo,Tarjeta,6954,Bradley Orr
6131986440,21.0,Masculino,Chicago,Alto,4,52.61,Sí,Sí,Carnes,No,no completo,ylewis@example.net,Efectivo,7735,Justin King
7266703729,71.0,Femenino,Chicago,Medio,3,20.97,No,No,Carnes,No,no completo,no completo,Efectivo,2389,Ashley Stark
6264784119,28.0,Masculino,Chicago,Alto,4,33.02,Sí,Sí,Carnes,No,538.571.5868,hunterdavis@example.net,Efectivo,4212,Bryan Wilson
4518779153,25.0,Masculino,Chicago,Alto,5,37.74,No,Sí,Carnes,No,no completo,no completo,Efectivo,5802,Benjamin Beltran
7417551985,67.0,Masculino,Chicago,Muy Alto,9,35.92,No,Sí,Carnes,Sí,no completo,marygriffith@example.net,App,15840,Mark Ellis
1252199807,29.0,Masculino,Chicago,Alto,5,15.95,Sí,Sí,Vegano,Sí,(640)271-5767x9031,fpowell@example.net,Tarjeta,6851,William Rojas
2905452099,76.0,Masculino,Chicago,Muy Alto,7,80.52,Sí,No,Mariscos,Sí,397-208-2947,robert74@example.org,Efectivo,14426,Danny Watkins
7801180691,69.0,Femenino,Chicago,Bajo,3,5.07,No,Sí,Vegano,No,530.373.6672x989,no completo,Tarjeta,948,Amber Barnes
6575109287,56.0,Masculino,Chicago,Alto,5,13.29,No,Sí,Vegano,Sí,(394)587-0798,jeremy00@example.org,Efectivo,8073,Derrick Brown
9459116455,66.0,Masculino,Chicago,Alto,6,50.4,Sí,Sí,Carnes,Sí,+1-394-454-3187x7865,no completo,Tarjeta,5365,Jeffrey Smith
1591756286,43.0,Femenino,Chicago,Medio,3,18.52,No,Sí,Carnes,Sí,605.313.2843x7365,ghaynes@example.net,Efectivo,2893,Jasmin Hickman
1069027317,63.0,Femenino,Chicago,Alto,4,44.36,Sí,No,Mariscos,Sí,5232000500,no completo,Efectivo,8525,Jo Brown
8623372888,23.0,Masculino,Chicago,Medio,4,24.39,Sí,Sí,Carnes,No,498.938.9523,no completo,App,3492,Brandon Robinson
3979507921,65.0,Masculino,Chicago,Alto,4,,No,Sí,Mariscos,No,no completo,no completo,Efectivo,5788,Carl Mclean
9928431740,20.0,Masculino,Chicago,Muy Alto,3,45.8,No,Sí,Carnes,Sí,(990)554-7602x62584,paulvance@example.org,App,12316,Eric Cummings
1963404085,58.0,Femenino,Chicago,Muy Alto,10,78.22,No,Sí,Mariscos,Sí,(396)962-5151,no completo,App,12780,Jennifer Mccall
5058899988,73.0,Femenino,Chicago,Medio,3,10.98,No,Sí,Carnes,No,no completo,jacob87@example.net,Tarjeta,2019,Samantha Lawrence
1741832283,49.0,Masculino,Chicago,Medio,2,6.9,No,Sí,Otro,No,328-348-6137,no completo,App,2990,Mitchell Mitchell
1807174408,53.0,Femenino,Chicago,Muy Alto,7,13.7,Sí,Sí,Mariscos,No,no completo,bushjudy@example.net,App,15640,Kaitlin Davis
1392574404,33.0,Femenino,Chicago,Alto,5,8.39,Sí,No,Otro,Sí,no completo,victoriawilliams@example.net,Efectivo,5057,Sabrina Oliver
8502753037,39.0,Masculino,Chicago,Muy Alto,9,94.8,Sí,No,Vegano,Sí,(756)732-4088,michaelbryan@example.com,Efectivo,11381,Adam Smith
2742972475,61.0,Masculino,Chicago,Muy Alto,10,26.85,Sí,No,Carnes,Sí,(380)265-3876,brownjeffrey@example.net,App,14781,Ryan Nixon
2957579670,26.0,Femenino,Chicago,Muy Alto,9,81.61,No,Sí,Pescado,Sí,(976)441-5813x2210,no completo,Tarjeta,9448,Sandra Nelson
1615206079,36.0,Femenino,Chicago,Alto,6,5.08,Sí,No,Vegetariano,Sí,837.727.8666x0795,scott11@example.org,App,7785,Joann Perkins
3013367681,47.0,Masculino,Chicago,Alto,5,10.96,Sí,No,Otro,No,638-396-0423,no completo,Tarjeta,6621,Bradley Black
9261936907,23.0,Masculino,Chicago,Muy Alto,5,47.93,Sí,Sí,Carnes,Sí,(300)506-4314x9318,no completo,App,15812,Robert Richardson
2783209739,64.0,Femenino,Chicago,Medio,5,14.92,Sí,No,Mariscos,Sí,no completo,no completo,Tarjeta,2398,Raven Phillips
9908203906,31.0,Femenino,Chicago,Medio,4,8.54,No,Sí,Vegetariano,No,no completo,no completo,Criptomoneda,2382,Kristen Carpenter
1180232446,28.0,Masculino,Chicago,Medio,4,28.25,Sí,Sí,Otro,No,no completo,james19@example.net,Tarjeta,2291,Gary Mcguire
4429677390,56.0,Masculino,Chicago,Medio,2,22.48,Sí,No,Carnes,No,+1-548-636-7861x0985,wbrown@example.net,App,2732,Paul Henderson
3223687972,59.0,Femenino,Chicago,Medio,3,13.91,No,No,Carnes,Sí,no completo,no completo,Efectivo,3475,Wanda Erickson
7356389526,60.0,Masculino,Chicago,Alto,6,46.65,Sí,No,Mariscos,Sí,no completo,csmith@example.org,Efectivo,5272,Gregory Roberts
5454064409,70.0,Femenino,Chicago,Alto,5,56.3,Sí,Sí,Pescado,No,(891)831-0989x5992,ramirezangela@example.org,Tarjeta,5100,Alexandria Nelson
3105824567,57.0,Femenino,Chicago,Alto,4,12.63,No,Sí,Mariscos,Sí,711.343.1500,benjamincallahan@example.com,Efectivo,8823,Stephanie Gibson
7334044046,42.0,Femenino,Chicago,Alto,4,23.31,No,Sí,Vegetariano,Sí,001-895-678-1922x3745,no completo,Tarjeta,7885,Jessica Graham
4017419758,28.0,Masculino,Chicago,Muy Alto,5,25.92,No,Sí,Pescado,Sí,no completo,no completo,Tarjeta,9041,Carl Thompson
4290574162,58.0,Femenino,Chicago,Muy Alto,6,96.83,Sí,Sí,Pescado,Sí,(445)831-1571,michaelosborne@example.net,Efectivo,13356,Jennifer Green
6305545090,34.0,Masculino,Chicago,Medio,2,17.5,No,Sí,Vegetariano,No,(658)942-1889x612,browngregory@example.com,App,3041,Joshua Simmons
2288928005,23.0,Femenino,Chicago,Alto,5,22.89,Sí,Sí,Carnes,No,403-286-4589x1903,no completo,Efectivo,4623,Meghan Boone
6048175932,36.0,Femenino,Chicago,Alto,4,25.47,Sí,Sí,Vegano,Sí,(995)697-6736x1109,craignathan@example.com,Efectivo,6521,Rebecca Mcneil
3994843857,62.0,Femenino,Chicago,Muy Alto,6,67.77,Sí,Sí,Carnes,Sí,no completo,heatherharrison@example.org,App,15297,Maria James
4389957422,66.0,Masculino,Chicago,Medio,3,27.34,Sí,Sí,Vegano,No,2809056016,no completo,Efectivo,1645,Terry Chen
2377246195,25.0,Femenino,Chicago,Alto,4,8.51,No,Sí,Otro,Sí,no completo,no completo,Efectivo,8759,Amanda Barrett
2741435254,46.0,Masculino,Chicago,Alto,4,47.3,No,Sí,Otro,Sí,no completo,gregorystephanie@example.com,Tarjeta,6758,Jonathan Watkins
1414678103,72.0,Masculino,Chicago,Bajo,1,6.42,Sí,No,Carnes,No,001-620-606-5038x9030,jorgetaylor@example.com,App,1383,Paul Payne
6643416067,26.0,Masculino,Chicago,Alto,5,16.45,No,Sí,Vegano,Sí,(441)313-1489x3059,no completo,Efectivo,7924,Jonathan Morales
2515744164,30.0,Femenino,Chicago,Medio,3,18.57,No,Sí,Vegano,No,876-261-4440,fgilbert@example.net,Efectivo,1900,Kristen Murphy
6419009717,75.0,Masculino,Chicago,Medio,3,16.2,Sí,No,Pescado,No,no completo,daniellehess@example.net,App,2014,Jonathon Fleming
1452251749,68.0,Femenino,Chicago,Muy Alto,5,41.82,Sí,Sí,Mariscos,Sí,6538196092,no completo,Efectivo,11593,Mary Bates
7120270725,18.0,Masculino,Chicago,Alto,6,37.99,No,Sí,Vegano,Sí,458.898.0241x35890,david93@example.org,Efectivo,4935,Mitchell Medina
6911557560,32.0,Femenino,Chicago,Bajo,1,8.5,No,No,Mariscos,No,(945)628-6346x3411,julie38@example.net,Efectivo,1500,Kimberly Scott
6051628882,19.0,Femenino,Chicago,Medio,2,20.93,No,Sí,Carnes,No,(955)612-7116,bethsanchez@example.net,Tarjeta,2886,Marie Roth
5604092022,28.0,Femenino,Chicago,Muy Alto,10,68.46,Sí,Sí,Carnes,Sí,no completo,cindy02@example.com,Tarjeta,17711,Michelle Russell
6829679552,26.0,Femenino,Chicago,Medio,5,27.97,No,Sí,Otro,No,+1-907-660-7881x4923,melissa96@example.net,App,2720,Brenda Gonzalez
1356883272,24.0,Masculino,Chicago,Alto,6,20.36,Sí,Sí,Mariscos,Sí,+1-324-706-8025x15717,no completo,Tarjeta,5807,Randy Wilson
4693510920,49.0,Masculino,Chicago,Bajo,2,6.37,Sí,No,Mariscos,No,no completo,no completo,Efectivo,819,Joshua Graves
2065031404,68.0,Femenino,Chicago,Muy Alto,3,80.17,Sí,Sí,Vegetariano,Sí,2147698131,no completo,Efectivo,11774,Destiny Dixon
3199900930,77.0,Femenino,Chicago,Muy Alto,6,47.89,Sí,No,Carnes,Sí,no completo,npham@example.net,Tarjeta,17833,Lisa Gentry
7442920663,64.0,Masculino,Chicago,Muy Alto,8,85.72,Sí,Sí,Mariscos,Sí,no completo,robertobautista@example.com,App,10798,Leonard Brown
8915869081,19.0,Masculino,Chicago,Bajo,3,7.6,No,Sí,Otro,No,no completo,njackson@example.org,Efectivo,1358,Allen Harrison
9351765086,72.0,Masculino,Chicago,Muy Alto,7,6.82,Sí,No,Carnes,Sí,no completo,pedromiles@example.net,App,13485,Nathan Clark
5662174676,80.0,Masculino,Chicago,Bajo,1,8.91,Sí,Sí,Mariscos,No,no completo,no completo,Tarjeta,1237,Corey Henderson
4128625791,50.0,Masculino,Chicago,Medio,5,24.77,Sí,No,Carnes,No,no completo,mark28@example.com,Efectivo,2116,Todd Brown
3928011361,40.0,Femenino,Chicago,Bajo,2,6.63,No,Sí,Mariscos,No,no completo,no completo,Efectivo,1293,Danielle Li
1872745172,28.0,Masculino,Chicago,Alto,5,41.0,No,Sí,Carnes,No,427.878.9268x290,no completo,Efectivo,4663,Travis Williamson
2899488748,22.0,Masculino,Chicago,Alto,6,38.82,Sí,Sí,Carnes,Sí,829.901.0316x14910,smithdavid@example.com,Efectivo,6138,Kenneth Lewis
7483366056,65.0,Femenino,Chicago,Alto,5,35.68,Sí,No,Vegetariano,Sí,+1-666-396-4463x34275,no completo,App,3943,Stephanie Reed
6998828419,38.0,Masculino,Chicago,Medio,4,29.49,Sí,No,Mariscos,No,756.752.8574x804,no completo,Tarjeta,3111,Manuel Davis
8415300767,55.0,Masculino,Chicago,Alto,4,28.0,No,Sí,Mariscos,No,no completo,epratt@example.org,Efectivo,6318,Charles Herrera
1921171206,59.0,Masculino,Chicago,Medio,4,24.24,Sí,Sí,Otro,No,no completo,no completo,Tarjeta,2869,Joshua Jimenez
7855383664,27.0,Masculino,Chicago,Alto,6,24.41,No,Sí,Carnes,No,no completo,jjohnson@example.com,App,4871,David Sanchez
6124128956,51.0,Masculino,Chicago,Medio,5,25.5,Sí,No,Vegetariano,No,375-967-5008x2306,no completo,Efectivo,1868,Alexander Levine
5235541974,41.0,Masculino,Chicago,Bajo,2,8.53,Sí,No,Vegano,No,(837)692-0347x1097,no completo,App,821,John Graham
4083359279,49.0,Masculino,Chicago,Alto,5,31.61,No,Sí,Vegetariano,Sí,no completo,no completo,App,8003,Alex Woodward
1706665083,24.0,Masculino,Chicago,Bajo,1,6.29,Sí,Sí,Otro,No,399.702.2096,fpearson@example.org,Tarjeta,1019,Thomas Stevens
1570006006,66.0,Masculino,Chicago,Alto,4,42.19,Sí,Sí,Carnes,No,no completo,gutierrezlori@example.net,Efectivo,6309,Sean Jimenez
9503597301,59.0,Femenino,Chicago,Medio,5,12.57,No,Sí,Carnes,Sí,no completo,christinabaldwin@example.net,Efectivo,1933,Rebecca Reid
6117404598,38.0,Masculino,Chicago,Alto,5,39.55,Sí,Sí,Vegetariano,Sí,no completo,no completo,App,7266,Justin Smith
3731502219,21.0,Femenino,Chicago,Bajo,3,8.81,No,Sí,Pescado,No,no completo,no completo,App,936,Patricia Patterson
2203038781,46.0,Masculino,Chicago,Bajo,3,9.13,No,Sí,Pescado,No,001-591-226-3787,no completo,Efectivo,1352,Bradley Morales
4002317824,41.0,Masculino,Chicago,Medio,2,7.46,Sí,No,Vegano,No,841.931.9305x0069,karenmorgan@example.net,App,2140,David Chung
9702802741,23.0,Femenino,Chicago,Medio,5,19.16,No,Sí,Mariscos,No,+1-654-717-2692x219,no completo,App,3296,Rachel Hernandez
7531513968,53.0,Femenino,Chicago,Muy Alto,7,17.78,Sí,Sí,Carnes,Sí,(935)648-3534x435,kathyjackson@example.net,App,12955,Jessica Adams
8410083072,72.0,Femenino,Chicago,Medio,2,13.9,Sí,No,Pescado,No,844-392-9238x954,theresareed@example.org,Efectivo,2504,Charlene Harris
6413230684,75.0,Masculino,Chicago,Bajo,2,7.97,No,No,Carnes,No,305-588-8781x252,susan42@example.com,Efectivo,1412,Anthony Kirby
3667942069,18.0,Masculino,Chicago,Medio,3,9.56,Sí,No,Vegetariano,No,no completo,no completo,Tarjeta,2178,Russell Alexander
8745652908,40.0,Femenino,Chicago,Bajo,1,8.35,Sí,Sí,Carnes,No,no completo,jessicathompson@example.com,App,1042,Laura Calderon
9362506777,71.0,Masculino,Chicago,Alto,6,45.22,Sí,No,Vegano,Sí,001-359-543-4757x101,debbie80@example.com,Efectivo,4020,Paul Mcgee
4290414320,75.0,Femenino,Chicago,Bajo,3,9.1,No,No,Carnes,No,no completo,no completo,Efectivo,863,Rebecca Nguyen
4301805593,37.0,Femenino,Chicago,Alto,5,55.98,Sí,No,Pescado,Sí,+1-952-771-5004x51399,khamilton@example.net,App,5882,Sonia Nicholson
8527715219,58.0,Masculino,Chicago,Medio,2,22.56,No,No,Pescado,No,001-294-975-7244,no completo,Efectivo,3128,Sean Spears
7878818522,28.0,Masculino,Chicago,Bajo,3,8.42,No,Sí,Carnes,No,no completo,harriscrystal@example.net,Efectivo,1327,Drew Turner
4387166452,61.0,Masculino,Chicago,Alto,4,8.32,No,Sí,Pescado,Sí,001-546-242-9213x4747,no completo,Tarjeta,7826,Steven White
4137153076,41.0,Femenino,Chicago,Alto,6,13.74,Sí,No,Vegano,Sí,no completo,no completo,Tarjeta,6903,Kayla Shields
5759761714,57.0,Masculino,Chicago,Medio,2,8.85,No,Sí,Otro,No,637-854-3310x870,no completo,Efectivo,1663,Barry Manning
9039661288,58.0,Masculino,Chicago,Muy Alto,5,13.31,Sí,Sí,Vegetariano,Sí,(539)296-2380x888,cameron98@example.net,Efectivo,10775,Seth Montgomery
1047980874,59.0,Masculino,Chicago,Bajo,2,6.38,No,Sí,Otro,No,2199892204,no completo,App,1561,Sean Stanton
3476221045,30.0,Masculino,Chicago,Medio,2,15.83,No,Sí,Pescado,No,+1-780-857-9300x186,no completo,Efectivo,1891,Eddie Deleon
7286152640,66.0,Masculino,Chicago,Medio,3,18.52,No,Sí,Vegetariano,No,no completo,simpsonhoward@example.org,Efectivo,2314,Daniel White
8979441020,56.0,Masculino,Chicago,Muy Alto,5,9.66,Sí,No,Otro,Sí,no completo,no completo,Efectivo,9180,Corey Horne
4474875888,25.0,Masculino,Chicago,Muy Alto,9,51.24,No,Sí,Vegano,No,no completo,alan38@example.com,App,14357,John Bond
9611033518,30.0,Masculino,Chicago,Medio,3,29.49,Sí,Sí,Mariscos,Sí,001-595-465-1752x0864,no completo,App,2456,Edward Montgomery
3641461201,33.0,Masculino,Chicago,Medio,5,12.06,No,No,Vegetariano,No,845-806-8313,no completo,Efectivo,2096,Michael Gates
8995045543,58.0,Masculino,Chicago,Medio,5,15.27,No,Sí,Otro,No,7128966333,no completo,Tarjeta,1777,William Moran
5680777433,27.0,Masculino,Chicago,Alto,6,49.78,No,Sí,Carnes,Sí,no completo,hillkatie@example.org,Efectivo,8680,Drew Kane
8522080878,31.0,Masculino,Chicago,Bajo,3,9.07,No,Sí,Vegetariano,No,no completo,no completo,App,1489,Andrew Barnes
5876328741,60.0,Masculino,Chicago,Alto,6,49.9,Sí,No,Carnes,Sí,no completo,no completo,App,7046,Patrick Marsh
8266023817,66.0,Masculino,Chicago,Medio,3,23.95,No,Sí,Otro,No,no completo,jamesdavis@example.com,Efectivo,2375,Patrick Berg
3165440111,41.0,Masculino,Chicago,Alto,4,27.96,No,No,Carnes,No,no completo,carterdavid@example.com,Tarjeta,6688,Troy Lee
2026410321,61.0,Masculino,Chicago,Medio,2,15.04,No,Sí,Carnes,No,no completo,no completo,Tarjeta,2295,Vincent Johnson
1005452306,49.0,Masculino,Chicago,Medio,5,10.56,No,Sí,Mariscos,No,no completo,vsingh@example.org,Efectivo,2875,Andrew Sanchez
4798729163,18.0,Masculino,Chicago,Alto,3,30.61,Sí,Sí,Vegano,Sí,no completo,berryjon@example.com,App,8980,Bryan Rodriguez
1201334906,59.0,Masculino,Chicago,Bajo,1,8.85,No,No,Carnes,No,no completo,no completo,Tarjeta,1277,Dylan Torres
7761100005,33.0,Masculino,Chicago,Bajo,2,5.61,No,No,Mariscos,No,no completo,no completo,Efectivo,817,Craig Ballard
3596720287,42.0,Femenino,Chicago,Medio,4,20.09,Sí,No,Otro,No,no completo,no completo,Efectivo,2333,Tammy Hill
5512448811,71.0,Masculino,Chicago,Muy Alto,8,6.95,No,Sí,Carnes,Sí,442.945.3956x0105,sandersjerry@example.org,App,15714,Phillip Becker
4091608595,58.0,Masculino,Chicago,Alto,5,55.31,Sí,Sí,Vegano,Sí,no completo,no completo,Tarjeta,4241,Frank Mitchell
8631177201,41.0,Masculino,Chicago,Muy Alto,10,36.82,Sí,No,Otro,Sí,no completo,iholt@example.org,Tarjeta,14131,Anthony Walls
1761588643,70.0,Masculino,Chicago,Muy Alto,10,63.38,No,Sí,Mariscos,Sí,+1-217-700-9429x2355,no completo,Tarjeta,10039,Danny Gallagher
9068916300,63.0,Femenino,Chicago,Bajo,1,8.93,Sí,No,Carnes,No,no completo,no completo,App,1336,Sarah Schultz
9135903314,54.0,Femenino,Chicago,Alto,6,6.83,Sí,No,Mariscos,Sí,no completo,no completo,Efectivo,6373,Heather Farmer
3476563115,18.0,Masculino,Chicago,Alto,6,12.57,No,Sí,Pescado,Sí,+1-520-495-8404x68876,no completo,Tarjeta,5251,Danny Barry
6806422489,78.0,Masculino,Chicago,Medio,3,16.45,Sí,Sí,Vegetariano,No,no completo,amyserrano@example.net,App,3490,Randy Perez
4241751556,59.0,Femenino,Chicago,Muy Alto,10,101.34,No,No,Pescado,Sí,no completo,no completo,App,13403,Tracy Fowler
7699971723,56.0,Femenino,Chicago,Alto,4,13.19,No,No,Carnes,No,+1-915-987-3965x6577,no completo,App,4458,Melissa Day
9156301387,39.0,Femenino,Chicago,Alto,4,52.63,Sí,Sí,Mariscos,Sí,+1-426-219-6761x4101,wbenitez@example.org,App,7420,Brianna Smith
8741304368,27.0,Masculino,Chicago,Bajo,2,5.62,No,Sí,Vegano,No,7764648854,sullivanvickie@example.com,Efectivo,851,Michael Ruiz
2838321816,75.0,Femenino,Chicago,Alto,3,52.09,No,No,Pescado,Sí,(588)708-3382x4209,no completo,Efectivo,3832,Tina Smith
4327357022,69.0,Femenino,Chicago,Alto,5,28.89,Sí,Sí,Carnes,No,no completo,zalvarado@example.net,Efectivo,5995,Kari Phillips
1715110804,19.0,Femenino,Chicago,Bajo,2,7.43,Sí,Sí,Vegetariano,No,no completo,no completo,Efectivo,1024,Sonya Hall
5737564340,33.0,Femenino,Chicago,Muy Alto,10,31.13,No,No,Carnes,Sí,354.313.5940x283,dylan54@example.com,Efectivo,14330,Andrea Rivera
6580427322,43.0,Masculino,Chicago,Muy Alto,9,27.4,Sí,Sí,Otro,No,no completo,no completo,App,11981,Raymond Mcdowell
3919315148,36.0,Femenino,Chicago,Medio,3,11.91,Sí,No,Mariscos,No,no completo,no completo,Efectivo,2239,Jamie Rogers
4408903107,30.0,Femenino,Chicago,Medio,2,21.39,No,Sí,Mariscos,No,no completo,walkerlisa@example.org,Efectivo,3281,Rachel Middleton
9264377780,56.0,Femenino,Chicago,Muy Alto,5,61.67,No,No,Vegetariano,Sí,608-508-1898,franciscowilliams@example.com,Tarjeta,17672,Jessica Thompson
4147069306,65.0,Masculino,Chicago,Medio,3,6.32,Sí,No,Carnes,No,no completo,no completo,Efectivo,2975,Garrett Sanchez
9769466392,27.0,Femenino,Chicago,Medio,3,12.04,No,No,Vegano,No,no completo,no completo,Tarjeta,1655,Alyssa Campos
1839522247,29.0,Masculino,Chicago,Muy Alto,8,54.53,Sí,Sí,Vegetariano,Sí,001-293-618-9509,bhoward@example.org,App,12955,Erik Johnson
1791382644,38.0,Masculino,Chicago,Medio,5,18.02,No,Sí,Vegetariano,No,659-237-8153x05526,powersjose@example.org,Tarjeta,1865,Brandon Beck
8233192374,44.0,Femenino,Chicago,Muy Alto,7,85.82,No,Sí,Vegetariano,Sí,(661)695-5102x3591,no completo,Efectivo,12242,Kelly Petersen
1159071944,62.0,Femenino,Chicago,Medio,4,25.21,No,Sí,Mariscos,No,no completo,luisweber@example.net,Efectivo,1678,Julia Hale
6255110825,33.0,Masculino,Chicago,Alto,6,36.39,No,Sí,Otro,Sí,+1-214-332-7817x740,oconnorjason@example.com,Tarjeta,7461,Terry Navarro
6821113146,77.0,Femenino,Chicago,Alto,4,29.68,Sí,No,Vegetariano,Sí,513-694-6313x63248,no completo,App,7176,Molly Chapman
9266605491,45.0,Femenino,Chicago,Alto,4,45.9,Sí,Sí,Mariscos,Sí,(963)572-1858,rwilliams@example.org,Tarjeta,8565,Kelsey Flores
7798241428,42.0,Masculino,Chicago,Alto,4,22.9,No,Sí,Mariscos,Sí,710.235.0871x40291,holly97@example.org,Efectivo,4915,Steven Tanner
1502393558,76.0,Femenino,Chicago,Medio,5,29.96,Sí,Sí,Vegano,No,+1-486-645-0098x317,no completo,Efectivo,1804,Tammy Sullivan
5749236808,19.0,Femenino,Chicago,Medio,4,29.29,Sí,Sí,Vegetariano,No,no completo,daniel24@example.com,App,1847,Kristin Meyers
3066770841,29.0,Femenino,Chicago,Alto,4,42.03,No,No,Carnes,Sí,491-456-5151,kgrant@example.net,Tarjeta,4271,Danielle Barton
2994047442,31.0,Femenino,Chicago,Medio,5,22.3,Sí,No,Vegetariano,No,001-868-651-9374x983,rrichardson@example.net,Efectivo,3325,Amy Branch
8109891300,64.0,Femenino,Chicago,Medio,5,25.39,No,No,Carnes,No,no completo,no completo,Tarjeta,3075,Cathy Reeves
6676450587,50.0,Masculino,Chicago,Medio,4,21.53,No,Sí,Vegetariano,No,no completo,no completo,Tarjeta,3308,Matthew Kelley
2212069537,32.0,Masculino,Chicago,Alto,4,17.21,No,Sí,Carnes,Sí,no completo,no completo,App,8820,Aaron Chavez
2881342606,21.0,Femenino,Chicago,Alto,5,16.54,Sí,Sí,Pescado,Sí,no completo,no completo,Tarjeta,5362,Mary King
1641889887,51.0,Femenino,Chicago,Alto,6,37.87,Sí,Sí,Pescado,Sí,001-324-548-8876,simonjulie@example.org,App,5511,Tara Montoya
7914010874,37.0,Femenino,Chicago,Bajo,3,6.57,No,Sí,Vegetariano,No,no completo,meganhoward@example.net,Efectivo,1538,Virginia Ruiz
5580715652,38.0,Femenino,Chicago,Alto,6,26.02,Sí,No,Pescado,Sí,no completo,no completo,Tarjeta,7189,Elizabeth Williams
7202879915,31.0,Femenino,Chicago,Medio,5,14.01,Sí,No,Carnes,No,443.309.8506x537,arobinson@example.com,Efectivo,2386,Cynthia Mayer
7271837118,27.0,Femenino,Chicago,Medio,2,17.02,Sí,Sí,Carnes,No,no completo,no completo,Criptomoneda,2985,Christina Schultz
5513676403,28.0,Masculino,Chicago,Alto,3,17.94,No,No,Carnes,Sí,(625)319-5196x8017,no completo,Tarjeta,5880,Andrew Hunt
8457268473,39.0,Femenino,Chicago,Alto,5,36.8,Sí,Sí,Vegetariano,Sí,(937)734-0241x160,theodore81@example.org,Tarjeta,4909,Veronica Sullivan
3208422084,72.0,Masculino,Chicago,Bajo,2,7.72,No,No,Vegano,No,824-828-2428x14294,no completo,Efectivo,1206,Dylan Jackson
3209589489,52.0,Masculino,Chicago,Alto,4,9.82,Sí,No,Pescado,Sí,no completo,david80@example.com,Efectivo,6064,Shaun Harris
1911648705,18.0,Masculino,Chicago,Medio,2,15.86,No,Sí,Carnes,No,966.792.3036,no completo,Efectivo,2443,Antonio Grant
2086680310,53.0,Femenino,Chicago,Medio,3,8.46,No,No,Vegano,No,no completo,no completo,Efectivo,3460,Christina Hunt
9754446168,22.0,Femenino,Chicago,Muy Alto,7,8.93,Sí,Sí,Mariscos,Sí,no completo,wisesteven@example.org,Tarjeta,16576,Paula Sims
3161931577,59.0,Femenino,Chicago,Muy Alto,7,53.35,No,No,Vegetariano,Sí,319-693-9470x724,no completo,Tarjeta,9938,Tina Harrington
3219862116,54.0,Masculino,Chicago,Medio,5,10.02,Sí,No,Otro,No,no completo,no completo,App,2063,Jordan Mccall
6124563547,73.0,Masculino,Chicago,Alto,5,34.38,No,No,Vegano,Sí,no completo,feliciaowens@example.net,App,8454,Joe Patel
9292636884,27.0,Femenino,Chicago,Medio,5,12.82,Sí,Sí,Vegetariano,No,778-907-2055x2652,no completo,Tarjeta,3088,Veronica Lucero
4889978691,26.0,Masculino,Chicago,Medio,2,5.92,No,No,Carnes,No,no completo,no completo,Efectivo,3050,Jason Dean
2056853355,32.0,Masculino,Chicago,Bajo,3,6.02,Sí,No,Pescado,No,no completo,singhrobert@example.org,App,1134,Jesse Reed
2378507697,68.0,Femenino,Chicago,Alto,3,59.52,Sí,No,Carnes,Sí,no completo,no completo,Tarjeta,7907,Karen Robles
5889794652,61.0,Femenino,Chicago,Muy Alto,7,68.65,Sí,Sí,Vegano,Sí,no completo,cherylsullivan@example.org,Tarjeta,17550,Margaret Rodriguez
8845255956,76.0,Masculino,Chicago,Medio,2,27.66,Sí,No,Vegetariano,No,no completo,sherijoyce@example.com,Efectivo,2807,Dennis Singh
4473306055,32.0,Femenino,Chicago,Bajo,2,6.85,Sí,Sí,Carnes,No,no completo,anitaford@example.com,App,1135,Jennifer Lopez
1856778208,34.0,Masculino,Chicago,Bajo,1,5.31,Sí,Sí,Carnes,No,387-471-6242x13702,no completo,Tarjeta,1574,Gregory Jones
4261977356,47.0,Masculino,Chicago,Muy Alto,9,74.57,Sí,Sí,Vegetariano,Sí,(667)716-5330x50323,austinbrian@example.com,Tarjeta,11893,Michael Reynolds
1891381682,74.0,Masculino,Chicago,Bajo,1,5.3,Sí,No,Otro,No,no completo,robertcarson@example.com,Efectivo,1195,Scott Davis
1457988738,24.0,Masculino,Chicago,Medio,3,26.15,No,No,Carnes,No,no completo,no completo,Tarjeta,1627,David Thomas
7542604726,27.0,Masculino,Chicago,Bajo,2,7.64,Sí,Sí,Vegano,No,no completo,ncox@example.net,Efectivo,1351,Jonathan Williams
4287687478,68.0,Masculino,Chicago,Medio,5,26.33,Sí,Sí,Carnes,No,no completo,campbellerika@example.net,Tarjeta,3429,Aaron Flores
8706438472,80.0,Femenino,Chicago,Bajo,1,8.73,Sí,No,Mariscos,No,825.678.7610x0728,bethhancock@example.net,Tarjeta,1388,Samantha Stewart
8696935879,59.0,Femenino,Chicago,Alto,4,6.42,No,No,Carnes,Sí,(567)548-1782x7267,no completo,Efectivo,3720,Deborah Ward
5440351015,20.0,Masculino,Chicago,Medio,3,16.44,Sí,Sí,Vegano,No,513.662.3329x1946,domingueztara@example.org,Efectivo,2961,John Brown
7377696905,71.0,Masculino,Chicago,Bajo,3,8.63,Sí,No,Vegetariano,No,001-337-465-1430,kimberlysellers@example.org,Efectivo,985,Brian Jones
3496697192,50.0,Femenino,Chicago,Medio,5,24.69,No,No,Vegano,No,no completo,no completo,Efectivo,2323,Tina Spencer
6661427336,34.0,Masculino,Chicago,Medio,4,17.66,Sí,No,Carnes,No,no completo,no completo,App,2552,Jamie Jensen
1394235376,63.0,Masculino,Chicago,Medio,5,25.41,No,Sí,Carnes,No,no completo,no completo,Tarjeta,1966,Eric Hernandez
1379088056,76.0,Femenino,Chicago,Medio,5,11.3,No,Sí,Vegetariano,Sí,(912)406-5354x52705,ogonzalez@example.net,Tarjeta,3176,Bailey Gross
7204980367,44.0,Femenino,Chicago,Alto,4,12.87,No,Sí,Mariscos,No,646.850.5234,hermantina@example.com,App,4168,Gabriela Valdez
3886955525,33.0,Masculino,Chicago,Medio,3,17.07,No,Sí,Carnes,No,no completo,jonesalicia@example.org,Tarjeta,2646,Gregory Davis
7723662655,54.0,Masculino,Chicago,Medio,5,18.04,Sí,No,Otro,No,001-352-214-2710,gellison@example.net,App,2967,Nathan Nelson
3486504625,72.0,Masculino,Chicago,Muy Alto,10,95.23,Sí,No,Mariscos,Sí,760-493-4245x125,no completo,Efectivo,16272,Richard Nguyen
7393250879,55.0,Femenino,Chicago,Muy Alto,9,11.8,Sí,Sí,Vegetariano,Sí,(245)457-0347,no completo,Tarjeta,10497,Felicia Harris
9456944029,78.0,Femenino,Chicago,Alto,6,45.19,Sí,Sí,Vegano,Sí,(937)875-4571x150,no completo,Efectivo,5825,Kimberly Williams
5455048748,55.0,Femenino,Chicago,Medio,2,24.31,Sí,No,Mariscos,No,no completo,jonathonmartin@example.org,Tarjeta,2183,Tiffany Gray
2916728422,23.0,Masculino,Chicago,Alto,6,35.06,No,Sí,Vegetariano,Sí,no completo,yriggs@example.com,Tarjeta,3681,Marc Alvarez
3133234079,49.0,Masculino,Chicago,Medio,3,11.22,Sí,Sí,Carnes,No,+1-926-404-9608x9860,garrettchelsea@example.org,Efectivo,2173,Philip Chavez
4114469844,56.0,Masculino,Chicago,Alto,4,40.19,No,Sí,Mariscos,Sí,(716)892-3168,franciscoriley@example.com,App,5891,Michael Baird
8453233454,80.0,Masculino,Chicago,Medio,4,21.14,Sí,No,Mariscos,No,no completo,emilyrhodes@example.com,App,2612,Jon Stewart
9763943705,76.0,Masculino,Chicago,Muy Alto,8,65.01,No,No,Vegetariano,Sí,no completo,no completo,App,14260,Eric Wolfe
2084083707,77.0,Femenino,Chicago,Muy Alto,7,7.93,Sí,No,Mariscos,Sí,no completo,no completo,Efectivo,13962,Alexis Wright
3537868976,31.0,Masculino,Chicago,Medio,4,17.34,Sí,Sí,Carnes,No,no completo,no completo,Tarjeta,3249,Bradley Martinez
9699361254,33.0,Masculino,Chicago,Muy Alto,9,37.92,Sí,No,Otro,Sí,no completo,no completo,App,13640,Benjamin Frederick
1062966273,46.0,Femenino,Chicago,Muy Alto,8,63.38,No,Sí,Otro,Sí,572-421-8376,no completo,Efectivo,10533,Elizabeth Salazar
4401573612,75.0,Masculino,Chicago,Alto,5,57.92,No,No,Carnes,Sí,835.284.2994,joshuamorrow@example.com,Tarjeta,7967,Donald Ross
8182541746,52.0,Masculino,Chicago,Alto,4,35.8,Sí,Sí,Mariscos,Sí,956-582-1231x5422,dedwards@example.org,Tarjeta,6549,Robert Schwartz
3914231895,61.0,Femenino,Chicago,Bajo,1,9.97,No,Sí,Vegetariano,No,no completo,james37@example.org,App,873,Carmen Leonard
5808769393,72.0,Masculino,Chicago,Medio,3,19.72,Sí,No,Carnes,Sí,no completo,vyoder@example.net,Tarjeta,2930,Matthew Holloway
1932901824,39.0,Masculino,Chicago,Medio,4,21.45,No,Sí,Vegetariano,No,no completo,no completo,Efectivo,3092,Christopher Wilson
6306659694,72.0,Masculino,Chicago,Medio,3,7.25,Sí,Sí,Carnes,Sí,(834)501-1010x53151,no completo,Efectivo,2350,Dakota Myers
6167646708,52.0,Masculino,Chicago,Muy Alto,7,74.44,Sí,No,Otro,Sí,no completo,no completo,Tarjeta,11987,Benjamin Lloyd
1338882832,35.0,Masculino,Chicago,Bajo,3,6.28,No,Sí,Carnes,No,no completo,no completo,Efectivo,813,Steven Lane
5386637801,75.0,Femenino,Chicago,Alto,4,47.46,Sí,Sí,Mariscos,No,no completo,gibbsmary@example.net,Tarjeta,7743,Stephanie Johnston
7364506926,54.0,Femenino,Chicago,Muy Alto,6,49.78,Sí,No,Vegetariano,Sí,+1-313-893-0729,no completo,Tarjeta,12750,Donna Wilson
5169624957,32.0,Femenino,Chicago,Alto,6,12.91,Sí,Sí,Carnes,No,+1-843-934-2357x25486,no completo,Efectivo,7517,Jaime Freeman
5322359258,72.0,Masculino,Chicago,Muy Alto,5,33.28,Sí,No,Otro,Sí,no completo,no completo,Efectivo,14508,Brian Perry
9105079674,22.0,Femenino,Chicago,Muy Alto,5,84.37,No,Sí,Pescado,Sí,no completo,davisedwin@example.net,Tarjeta,15386,Melissa Perry
7940878005,57.0,Femenino,Chicago,Muy Alto,10,15.55,Sí,Sí,Otro,Sí,no completo,jay68@example.org,Tarjeta,16892,Sabrina Watson
7454380175,75.0,Femenino,Chicago,Medio,4,27.96,No,No,Otro,Sí,(247)938-5634,theresahunt@example.org,App,3191,Elizabeth Lawson
1948937453,70.0,Femenino,Chicago,Medio,4,14.35,Sí,Sí,Carnes,No,001-285-600-1332x8228,kristina93@example.org,App,1711,Teresa Shields
2401220813,26.0,Femenino,Chicago,Muy Alto,6,20.67,No,Sí,Vegetariano,Sí,no completo,no completo,Efectivo,10548,Tracy Williamson
5839949187,18.0,Masculino,Chicago,Medio,2,7.96,No,Sí,Pescado,No,001-950-243-3121x0658,no completo,Efectivo,2792,Lance Harris
6132068458,77.0,Masculino,Chicago,Bajo,2,9.52,Sí,No,Otro,No,no completo,richard16@example.com,Efectivo,1080,Jacob Taylor
1147617239,38.0,Masculino,Chicago,Medio,4,9.92,Sí,No,Mariscos,Sí,001-572-282-2044x362,no completo,Efectivo,2896,Michael Mccoy
4129590603,34.0,Masculino,Chicago,Muy Alto,5,12.42,No,Sí,Vegano,Sí,no completo,no completo,App,17167,Thomas Gentry
5035616611,73.0,Masculino,Chicago,Muy Alto,6,24.37,No,Sí,Mariscos,Sí,no completo,hudsonroger@example.org,Efectivo,11592,William Thompson
8934292253,49.0,Masculino,Chicago,Medio,5,17.57,Sí,Sí,Carnes,No,769.421.4241,sydney85@example.net,Efectivo,2002,John Anderson
8792981656,72.0,Femenino,Chicago,Bajo,1,8.72,No,Sí,Vegetariano,No,no completo,no completo,Efectivo,1263,Patty Nichols
8664760500,30.0,Femenino,Chicago,Medio,2,22.45,No,Sí,Carnes,No,359-806-7243x73165,carolyn35@example.net,Efectivo,2072,Kim Cameron
8486541975,25.0,Masculino,Chicago,Medio,5,17.31,Sí,Sí,Vegetariano,No,534.240.4783x058,brianhunter@example.net,Tarjeta,3307,Joshua Parker
7390043735,54.0,Masculino,Chicago,Alto,5,30.29,No,No,Vegetariano,Sí,no completo,no completo,Efectivo,5505,Joshua Thomas
8517357684,35.0,Femenino,Chicago,Medio,5,12.35,No,Sí,Carnes,No,no completo,susan73@example.com,Efectivo,3280,Bonnie Myers
9417116826,56.0,Masculino,Chicago,Muy Alto,9,69.93,No,No,Carnes,Sí,917-761-1941x28850,no completo,Efectivo,10481,Larry Sandoval
3347715190,70.0,Masculino,Chicago,Muy Alto,8,68.63,Sí,Sí,Vegetariano,Sí,859-661-1189x25519,kfisher@example.org,Efectivo,16265,Oscar Lee
6700521446,23.0,Masculino,Chicago,Muy Alto,6,8.25,Sí,Sí,Carnes,Sí,+1-846-493-5712x58180,morgan43@example.org,Efectivo,9911,Benjamin Patel
8108763502,54.0,Femenino,Chicago,Alto,5,19.84,No,Sí,Carnes,Sí,634-925-9886,rickbrown@example.net,App,5415,Stephanie Johnson
2550511237,29.0,Masculino,Chicago,Alto,3,45.03,No,Sí,Carnes,Sí,no completo,grossbenjamin@example.org,Tarjeta,3622,Michael Edwards
1061266588,63.0,Masculino,Chicago,Alto,5,13.19,No,Sí,Vegetariano,No,no completo,no completo,Efectivo,3552,Richard Lloyd
1601683984,40.0,Masculino,Chicago,Medio,2,9.94,No,Sí,Vegetariano,Sí,001-764-510-1083x3871,no completo,Tarjeta,1664,Zachary Mccoy
4372386632,42.0,Masculino,Chicago,Muy Alto,3,63.21,No,Sí,Vegano,Sí,(843)476-8921x167,no completo,Efectivo,10192,Joshua Murphy
8440776496,45.0,Femenino,Chicago,Bajo,1,6.44,Sí,No,Carnes,No,(331)207-8098,hicksyolanda@example.com,Efectivo,1221,Cindy Cobb
4587839741,78.0,Femenino,Chicago,Muy Alto,6,59.33,No,Sí,Vegetariano,Sí,no completo,no completo,Efectivo,17442,Kimberly Chavez
7032388799,31.0,Masculino,Chicago,Muy Alto,9,65.79,No,Sí,Vegetariano,Sí,540.409.8298,rachelholt@example.net,Tarjeta,12162,Jeff Cooper
3409640440,69.0,Femenino,Chicago,Medio,3,17.67,No,Sí,Carnes,No,no completo,no completo,App,2328,Mary Willis
1028834177,28.0,Femenino,Chicago,Medio,3,21.83,No,Sí,Carnes,No,958-227-8453x300,gsimmons@example.com,Efectivo,2227,Lisa Sullivan
8311872268,59.0,Masculino,Chicago,Bajo,2,8.8,No,No,Carnes,No,001-630-760-0877,michelle11@example.net,App,879,Keith Welch
8497052444,73.0,Masculino,Chicago,Bajo,2,9.06,Sí,No,Pescado,No,no completo,no completo,Efectivo,1019,Michael Roberts
9366141694,32.0,Femenino,Chicago,Medio,3,5.24,No,Sí,Otro,No,no completo,no completo,Tarjeta,2393,Susan Harmon
5229174084,37.0,Masculino,Chicago,Medio,2,19.19,Sí,No,Otro,Sí,no completo,hlarson@example.org,Efectivo,3188,Michael Jenkins
9298095107,32.0,Masculino,Chicago,Alto,6,40.93,No,Sí,Mariscos,Sí,638-776-8154x273,no completo,Tarjeta,8212,Ryan Smith
1335454449,61.0,Masculino,Chicago,Bajo,3,9.34,No,Sí,Otro,No,no completo,nguyenemma@example.org,Efectivo,941,Jared Garcia
8197340689,25.0,Masculino,Chicago,Muy Alto,9,76.06,No,Sí,Mariscos,Sí,001-661-893-3687x707,no completo,Tarjeta,9504,Joshua Rosales
6580604174,43.0,Masculino,Chicago,Alto,6,17.13,No,No,Vegano,Sí,386-668-4919x7244,no completo,Efectivo,6438,Benjamin Alexander
9127852657,29.0,Femenino,Chicago,Medio,5,10.55,Sí,Sí,Carnes,Sí,no completo,no completo,App,3419,Erin Obrien
8131455756,80.0,Masculino,Chicago,Muy Alto,8,104.01,No,No,Mariscos,Sí,no completo,rachel70@example.net,App,12692,Bradley Tucker
6774514149,38.0,Femenino,Chicago,Bajo,1,7.76,No,No,Vegetariano,No,no completo,troy16@example.com,Tarjeta,1041,Lauren Snyder
2377469224,29.0,Femenino,Chicago,Alto,6,5.39,Sí,Sí,Carnes,No,no completo,no completo,Efectivo,7950,Katherine Bell
9159876163,29.0,Femenino,Chicago,Alto,6,35.52,No,Sí,Carnes,Sí,7399381165,no completo,Tarjeta,6912,Sarah Hardy
6413407687,19.0,Femenino,Chicago,Alto,4,17.6,Sí,Sí,Mariscos,Sí,948.590.0345,no completo,Efectivo,5839,Lauren Cook
6372506646,27.0,Masculino,Chicago,Medio,5,10.5,No,Sí,Carnes,No,821.346.0616x73423,cindy27@example.net,Tarjeta,3073,Jordan Ferguson
1192969175,47.0,Femenino,Chicago,Medio,5,7.53,Sí,Sí,Otro,No,8593908087,josephjones@example.org,App,2885,Sarah Moore
3381691296,25.0,Masculino,Chicago,Medio,5,26.35,Sí,Sí,Vegetariano,No,no completo,jonesleah@example.com,Efectivo,2622,Kyle Cook
6353758928,52.0,Femenino,Chicago,Alto,6,16.31,Sí,No,Pescado,Sí,no completo,pamela49@example.org,Tarjeta,6853,Erin Chase
8710334610,80.0,Femenino,Chicago,Muy Alto,7,18.58,No,No,Vegetariano,Sí,no completo,no completo,App,17057,Christine Quinn
2953863961,49.0,Masculino,Chicago,Alto,6,35.5,No,No,Pescado,Sí,+1-591-792-1128,no completo,App,6663,John Edwards
5260523439,20.0,Femenino,Chicago,Medio,4,28.36,Sí,Sí,Carnes,No,no completo,sallen@example.org,App,1653,Rachel Ross
1164504900,55.0,Femenino,Chicago,Alto,4,11.16,Sí,Sí,Vegano,Sí,+1-848-832-4132,butlerjessica@example.org,Tarjeta,4303,Renee Logan
8438520404,43.0,Masculino,Chicago,Bajo,1,6.78,Sí,No,Vegetariano,No,3923706392,bharris@example.net,App,1109,Roy Brown
5745338247,76.0,Masculino,Chicago,Medio,3,13.15,Sí,No,Vegetariano,No,391.698.6242x614,wilsondaniel@example.org,Efectivo,1788,Robert Ward
8303966961,40.0,Masculino,Chicago,Muy Alto,6,69.23,No,Sí,Vegetariano,Sí,no completo,no completo,App,11772,Daniel Newman
6722035083,63.0,Femenino,Chicago,Alto,5,27.75,Sí,Sí,Vegano,No,no completo,wallsjamie@example.org,Tarjeta,5680,Julie Zavala
5844171168,20.0,Femenino,Chicago,Medio,4,5.29,No,Sí,Vegetariano,No,no completo,no completo,Tarjeta,2974,Ashley Green
2635436629,32.0,Masculino,Chicago,Medio,3,12.49,No,Sí,Vegano,Sí,547-408-3858,no completo,Efectivo,2833,Patrick Wright
3301175286,76.0,Masculino,Chicago,Medio,4,25.64,Sí,No,Vegetariano,Sí,no completo,kristinescott@example.com,App,2054,Isaac Davis
8197884940,34.0,Masculino,Chicago,Alto,4,42.97,Sí,No,Carnes,Sí,(974)642-5337,phillipsmicheal@example.com,Efectivo,6269,John Arias
3271810528,31.0,Masculino,Chicago,Medio,3,29.22,No,Sí,Mariscos,No,(967)867-1889x5799,dianabowen@example.org,Efectivo,1887,Steven Sullivan
2939605341,62.0,Femenino,Chicago,Medio,5,20.76,No,Sí,Otro,No,no completo,rhodeslaura@example.com,Efectivo,2089,Judith Wong
5075917481,19.0,Masculino,Chicago,Medio,5,6.43,Sí,Sí,Otro,No,no completo,terrydouglas@example.com,Tarjeta,2964,Cody Wilson
2676338980,73.0,Masculino,Chicago,Bajo,2,6.92,Sí,No,Vegetariano,No,no completo,hortonmichael@example.org,App,1374,Scott Thomas
2012034523,39.0,Femenino,Chicago,Alto,4,51.0,No,Sí,Carnes,No,no completo,walkerjamie@example.com,App,7133,Angie Rowe
5103162544,77.0,Masculino,Chicago,Muy Alto,6,72.32,Sí,Sí,Carnes,Sí,(882)639-7219,rodrigueztimothy@example.org,Tarjeta,13807,Kevin Smith
3922334868,55.0,Masculino,Chicago,Medio,5,27.3,No,No,Carnes,No,987.805.2881,richard54@example.com,App,1967,Shane Hess
7659496134,79.0,Masculino,Chicago,Bajo,3,7.6,No,No,Mariscos,No,no completo,no completo,Tarjeta,1354,David Goodman
6708196810,31.0,Masculino,Chicago,Muy Alto,8,27.47,No,No,Vegetariano,Sí,no completo,terrymorrow@example.org,Efectivo,9888,Jacob Jackson
3505651251,57.0,Femenino,Chicago,Alto,6,11.84,Sí,Sí,Carnes,No,001-411-663-1089x75326,no completo,Efectivo,5220,Christina Mcgee
8768199216,43.0,Masculino,Chicago,Alto,5,5.37,No,Sí,Vegetariano,No,408.628.1646x665,no completo,App,7531,Michael Martin
9539979154,28.0,Masculino,Chicago,Medio,2,19.7,No,Sí,Vegetariano,No,001-826-317-0431x6581,no completo,Tarjeta,3066,Jimmy Warren
7598186836,36.0,Masculino,Chicago,Medio,2,10.57,No,Sí,Vegetariano,No,no completo,leonardcourtney@example.org,Tarjeta,3443,Timothy James
6294297230,52.0,Femenino,Chicago,Muy Alto,7,49.2,No,No,Mariscos,No,2668239444,no completo,Tarjeta,9588,Allison Bird
6505786272,33.0,Femenino,Chicago,Muy Alto,9,69.36,Sí,No,Carnes,Sí,925-972-1848,nwilliams@example.com,Efectivo,10705,Jennifer Anderson
9114346734,34.0,Femenino,Chicago,Alto,4,43.61,Sí,Sí,Otro,Sí,no completo,no completo,Tarjeta,5523,Ashley Jordan
7083067988,19.0,Femenino,Chicago,Bajo,2,5.61,No,Sí,Vegetariano,No,no completo,no completo,Tarjeta,1474,Theresa Robinson
6787580727,30.0,Femenino,Chicago,Medio,3,21.54,No,Sí,Vegano,No,887-477-0617,no completo,Tarjeta,3406,Cindy Shah
6059488803,59.0,Femenino,Chicago,Bajo,1,5.31,No,Sí,Mariscos,No,no completo,no completo,Efectivo,1096,Amanda Smith
3034708132,35.0,Masculino,Chicago,Medio,3,14.3,Sí,Sí,Carnes,No,no completo,courtney92@example.net,App,2627,Kurt Kim
5386868563,20.0,Femenino,Chicago,Bajo,2,7.23,No,Sí,Vegetariano,No,659.376.3699,no completo,Tarjeta,1074,Sonya Kennedy
9492935196,19.0,Masculino,Chicago,Medio,4,27.21,Sí,Sí,Vegetariano,Sí,(764)339-0913x173,no completo,Tarjeta,1917,Troy Wilson
5043030920,29.0,Masculino,Chicago,Muy Alto,8,7.74,No,Sí,Otro,Sí,+1-940-566-8771x91299,aaronnewton@example.net,Tarjeta,11420,David Sims
6875760028,20.0,Femenino,Chicago,Muy Alto,8,71.31,Sí,Sí,Pescado,Sí,no completo,no completo,Efectivo,14914,Heidi Higgins
1378134712,21.0,Masculino,Chicago,Alto,5,35.09,Sí,Sí,Mariscos,Sí,no completo,eford@example.org,Tarjeta,7868,David Parks
7669124006,63.0,Masculino,Chicago,Medio,5,23.2,Sí,Sí,Carnes,No,no completo,no completo,App,1974,Nathan Lowery
3755618874,27.0,Femenino,Chicago,Medio,5,21.98,Sí,Sí,Carnes,No,2926857230,browndaniel@example.org,App,3250,Melissa Johnson
4454487559,24.0,Masculino,Chicago,Medio,4,8.44,Sí,Sí,Pescado,No,no completo,no completo,App,2588,Ray Williams
4799083636,43.0,Femenino,Chicago,Medio,4,24.12,No,No,Pescado,No,no completo,no completo,Efectivo,1847,Kayla Phillips
8104390575,59.0,Femenino,Chicago,Muy Alto,5,25.48,Sí,Sí,Pescado,Sí,no completo,kyleschroeder@example.net,Tarjeta,14611,Nicole Knight
5871107480,61.0,Masculino,Chicago,Alto,6,32.97,No,No,Pescado,Sí,no completo,no completo,Tarjeta,4337,David Allen
3962452613,74.0,Masculino,Chicago,Medio,4,13.24,Sí,Sí,Mariscos,No,216.570.1827,garrettmichelle@example.net,Tarjeta,2321,Edwin Fernandez
8388975352,26.0,Masculino,Chicago,Medio,2,5.84,No,Sí,Vegetariano,No,no completo,bentonharry@example.org,Efectivo,2958,Marc Ferguson
7080764576,77.0,Masculino,Chicago,Alto,5,18.63,No,No,Otro,Sí,864.993.9710x940,kjarvis@example.com,Tarjeta,6421,Christopher Aguirre
3245260270,52.0,Masculino,Chicago,Bajo,2,7.18,No,No,Carnes,No,4123631427,no completo,App,1458,Samuel Silva
9506363475,78.0,Femenino,Chicago,Muy Alto,7,95.74,No,No,Carnes,Sí,no completo,wschultz@example.net,Tarjeta,13978,Cassidy Robertson
7824021560,75.0,Femenino,Chicago,Alto,6,45.78,Sí,Sí,Otro,Sí,682-428-6840,jonathan98@example.net,Efectivo,8262,Leah Rice
4794051620,53.0,Masculino,Chicago,Bajo,3,9.84,No,Sí,Carnes,No,no completo,williamssteve@example.org,Tarjeta,1594,Jason Wilson
5980276724,37.0,Femenino,Chicago,Alto,5,27.13,Sí,No,Carnes,Sí,no completo,josephcook@example.com,App,7423,Connie Nicholson
7307173065,54.0,Femenino,Chicago,Muy Alto,8,47.82,No,No,Carnes,Sí,8344268119,dawn35@example.com,App,10307,Rebecca Clark
2591376682,75.0,Masculino,Chicago,Alto,6,59.06,No,No,Carnes,Sí,(254)745-1801,no completo,Efectivo,8098,Christopher Ferrell
5931947375,48.0,Femenino,Chicago,Medio,5,26.03,Sí,Sí,Carnes,No,no completo,nglenn@example.org,Tarjeta,2906,Jennifer Roy
3602486829,26.0,Femenino,Chicago,Medio,2,5.09,No,Sí,Mariscos,No,291-589-9239x59913,no completo,App,3358,Danielle Stewart
9412142507,60.0,Masculino,Chicago,Bajo,1,6.88,No,Sí,Carnes,No,001-459-614-1083x63408,no completo,Efectivo,1361,Seth Lee
2225124755,31.0,Femenino,Chicago,Muy Alto,8,75.63,Sí,Sí,Pescado,Sí,no completo,no completo,Tarjeta,15677,Cheyenne Lin
3787895119,73.0,Femenino,Chicago,Medio,3,5.55,No,Sí,Vegetariano,No,no completo,no completo,App,1648,Tamara Combs
3078393766,71.0,Masculino,Chicago,Muy Alto,10,66.69,No,No,Vegano,Sí,553.839.9829x5820,no completo,App,14954,Roberto Smith
5918148433,78.0,Femenino,Chicago,Medio,3,17.12,No,Sí,Otro,No,no completo,leeandrea@example.org,Tarjeta,1872,Melanie Hodge
5641539068,64.0,Femenino,Chicago,Medio,3,22.9,Sí,No,Vegetariano,No,555.869.1295x5577,michelle76@example.org,App,3298,Amanda Mendoza
1113870637,59.0,Masculino,Chicago,Medio,3,20.4,No,Sí,Vegetariano,No,no completo,ybates@example.org,App,2913,Alan Munoz
7469293591,22.0,Masculino,Chicago,Alto,4,36.05,No,No,Vegetariano,Sí,813-367-7271x6863,no completo,Efectivo,6949,Troy Heath
3506204532,67.0,Masculino,Chicago,Alto,5,29.62,Sí,Sí,Mariscos,Sí,no completo,vrobinson@example.net,App,5336,John Thomas
9475505437,29.0,Masculino,Chicago,Medio,2,10.46,No,Sí,Otro,No,no completo,debrakirby@example.com,Tarjeta,1712,James Bailey
9411765836,55.0,Femenino,Chicago,Medio,2,19.04,No,Sí,Carnes,No,6022232846,masonkathryn@example.com,Efectivo,2722,Megan Lynch
4297864575,29.0,Femenino,Chicago,Alto,3,15.5,Sí,Sí,Carnes,No,302.711.4540,no completo,Criptomoneda,4924,Jennifer Jacobs
4941292832,24.0,Femenino,Chicago,Medio,3,24.15,No,Sí,Carnes,No,212-266-6206x8566,no completo,Tarjeta,2574,Andrea Jones
3856763483,72.0,Femenino,Chicago,Alto,6,37.85,Sí,Sí,Pescado,No,no completo,brooksandrea@example.org,Tarjeta,7553,Amy Jacobs
9096071469,52.0,Masculino,Chicago,Medio,3,15.32,No,Sí,Pescado,No,513.662.3329x1946,grantjeanette@example.org,App,2022,John Brown
9050856851,52.0,Masculino,Chicago,Alto,4,9.98,No,No,Carnes,Sí,001-428-728-8265,hudsonrhonda@example.org,App,7485,Casey Scott
1037707143,52.0,Femenino,Chicago,Bajo,2,8.81,No,Sí,Vegano,No,001-947-698-4189x986,fmoore@example.net,Tarjeta,1436,Samantha Davis
5641051170,30.0,Masculino,Chicago,Alto,4,31.63,Sí,Sí,Otro,No,(862)295-6329x11783,mitchellryan@example.com,App,6072,Hector Garza
1932921278,30.0,Femenino,Chicago,Alto,6,25.66,No,Sí,Carnes,No,no completo,no completo,Tarjeta,6567,Kelly Allen
9430997415,67.0,Femenino,Chicago,Bajo,2,8.54,No,Sí,Mariscos,No,457.333.1585x903,no completo,Efectivo,1592,Stephanie Adams
1442826314,30.0,Femenino,Chicago,Muy Alto,7,7.59,No,Sí,Carnes,Sí,359-383-0920x2018,stacey12@example.com,Tarjeta,14760,Michelle Hernandez
2561924266,34.0,Masculino,Chicago,Bajo,3,7.83,Sí,No,Vegetariano,No,+1-717-802-1054,no completo,Tarjeta,1150,Brian Taylor
1432549348,31.0,Masculino,Chicago,Medio,4,17.61,No,No,Carnes,No,no completo,anthonynguyen@example.org,Efectivo,1909,Justin Johnson
5934042475,69.0,Femenino,Chicago,Alto,6,58.35,Sí,Sí,Carnes,Sí,no completo,no completo,Efectivo,4079,Rachel Santiago
5813534059,50.0,Masculino,Chicago,Medio,5,23.73,Sí,No,Mariscos,No,001-886-773-2239x9656,no completo,Tarjeta,2908,Thomas Hayes
7049586255,44.0,Masculino,Chicago,Alto,4,32.81,No,No,Vegetariano,Sí,768.869.4704x9344,no completo,App,5833,Andre Fernandez
1109673244,70.0,Femenino,Chicago,Alto,4,48.72,Sí,Sí,Vegetariano,Sí,no completo,loridixon@example.com,App,7935,Melissa Griffith
2545797952,58.0,Masculino,Chicago,Medio,4,15.24,No,No,Carnes,No,no completo,vwatkins@example.com,App,2532,Kyle Davis
4021322191,27.0,Femenino,Chicago,Medio,5,16.97,No,Sí,Carnes,No,no completo,no completo,Efectivo,2214,Melanie Blankenship
3166860023,30.0,Femenino,Chicago,Alto,6,8.02,No,Sí,Vegano,Sí,no completo,no completo,App,5493,Christina Briggs
2928097540,32.0,Femenino,Chicago,Alto,5,40.8,Sí,No,Vegetariano,Sí,(691)735-7457x019,no completo,App,7873,Laurie Hoover
5719001545,23.0,Femenino,Chicago,Alto,5,42.67,No,Sí,Vegano,Sí,222-264-6857x8646,no completo,Tarjeta,8349,Carrie Ellis
7272132968,58.0,Femenino,Chicago,Alto,6,42.24,Sí,No,Vegano,Sí,no completo,no completo,Efectivo,8953,Diana Jefferson
7018648122,41.0,Femenino,Chicago,Alto,6,59.14,Sí,No,Vegetariano,Sí,001-676-700-9237x165,no completo,Efectivo,8351,Margaret Ward
9851551233,79.0,Masculino,Chicago,Muy Alto,8,83.63,Sí,No,Pescado,Sí,663.651.7231,lindsayshah@example.org,Efectivo,17623,Donald Johnson
1777846023,67.0,Masculino,Chicago,Muy Alto,6,42.48,Sí,Sí,Vegano,Sí,no completo,no completo,Criptomoneda,13564,Nicholas Farrell
8809871735,25.0,Femenino,Chicago,Muy Alto,9,25.37,No,No,Carnes,Sí,no completo,no completo,Efectivo,12263,Brenda Kim
6989624736,68.0,Femenino,Chicago,Alto,6,9.52,Sí,No,Vegano,Sí,+1-484-784-9521,no completo,Efectivo,6952,Haley Mckee
4481415390,21.0,Femenino,Chicago,Bajo,3,5.89,Sí,Sí,Pescado,No,376-211-6467x7683,manningamy@example.com,Tarjeta,1338,Lisa Pace
8572137003,59.0,Masculino,Chicago,Muy Alto,5,35.89,Sí,Sí,Carnes,Sí,470.391.3479,no completo,Tarjeta,15701,Luis Smith
5574575788,30.0,Masculino,Chicago,Medio,4,10.6,No,Sí,Mariscos,No,no completo,ycurtis@example.com,Tarjeta,3459,James Ferrell
4352408091,54.0,Masculino,Chicago,Alto,5,47.2,Sí,No,Carnes,Sí,no completo,no completo,App,4740,Christopher Crawford
9462806178,73.0,Masculino,Chicago,Muy Alto,7,67.14,Sí,No,Vegetariano,Sí,457.725.1393,smithsamantha@example.net,App,15518,Jason Hoffman
4308407878,35.0,Masculino,Chicago,Medio,2,15.99,No,No,Carnes,No,no completo,no completo,Tarjeta,1843,Joshua Martin
2801493906,78.0,Femenino,Chicago,Medio,2,6.34,No,No,Pescado,No,no completo,anthonyramirez@example.net,Tarjeta,2907,Linda Alexander
9757827766,40.0,Masculino,Chicago,Medio,3,14.1,Sí,Sí,Pescado,No,no completo,brandon21@example.net,Tarjeta,2851,Richard Stanley
5136607835,77.0,Femenino,Chicago,Medio,4,8.61,Sí,Sí,Carnes,No,no completo,no completo,Efectivo,2970,Dominique Steele
4638575113,43.0,Masculino,Chicago,Alto,4,24.39,Sí,Sí,Carnes,No,475.456.9896,no completo,Efectivo,8804,Ian Ferguson
9074244869,33.0,Femenino,Chicago,Alto,6,49.7,No,Sí,Mariscos,No,no completo,no completo,Tarjeta,5166,Kayla Pratt
2818381356,23.0,Masculino,Chicago,Alto,5,10.99,Sí,Sí,Vegano,No,no completo,no completo,App,5255,Scott Phillips
7339824309,37.0,Masculino,Chicago,Muy Alto,3,49.9,No,Sí,Mariscos,Sí,no completo,no completo,App,15565,Brett Miller
9174259566,51.0,Masculino,Chicago,Alto,4,58.54,No,Sí,Pescado,Sí,(623)733-5571,bianca95@example.net,App,7480,Bryan Howard
9650944765,53.0,Masculino,Chicago,Bajo,1,8.15,No,Sí,Vegano,No,(243)503-5538x99689,no completo,Efectivo,1339,Corey Williams
6037168610,48.0,Femenino,Chicago,Muy Alto,6,32.69,No,No,Mariscos,Sí,no completo,ibrooks@example.com,Tarjeta,16482,Tara Diaz
6684731034,59.0,Masculino,Chicago,Medio,2,29.61,Sí,Sí,Mariscos,No,no completo,ramirezlaura@example.net,Efectivo,2204,Cole Miller
4298479493,69.0,Masculino,Chicago,Bajo,1,8.4,No,Sí,Otro,No,2936724340,anthonymorrison@example.net,App,1337,Douglas Smith
8608203236,45.0,Femenino,Chicago,Alto,5,52.94,Sí,Sí,Mariscos,Sí,no completo,tlawson@example.com,Tarjeta,5643,Mary Brooks
1798483374,19.0,Masculino,Chicago,Medio,3,11.95,No,Sí,Carnes,No,no completo,wilsonjohn@example.com,Tarjeta,3389,John James
7213328054,58.0,Femenino,Chicago,Alto,5,11.5,Sí,Sí,Carnes,Sí,746.611.6850x5927,riverajuan@example.com,Efectivo,4526,Brianna Rodriguez
2556100457,54.0,Femenino,Chicago,Medio,3,25.66,Sí,No,Pescado,No,203-550-5765,no completo,Tarjeta,3360,Charlotte Gross
3538581660,46.0,Masculino,Chicago,Alto,4,55.62,No,Sí,Carnes,No,912-583-5523x32700,no completo,App,8975,Henry Young
6145458987,25.0,Femenino,Chicago,Medio,4,26.95,Sí,Sí,Carnes,Sí,801-561-8321x79117,simonnicholas@example.org,Efectivo,2508,Elizabeth Bailey
9195949248,32.0,Masculino,Chicago,Medio,3,12.44,No,No,Carnes,No,(602)462-6736,harrisbrooke@example.org,Tarjeta,1946,Aaron Thomas
7692375192,74.0,Masculino,Chicago,Bajo,3,8.7,No,No,Pescado,No,no completo,no completo,Tarjeta,1415,Chad Coleman
7485728824,49.0,Masculino,Chicago,Alto,6,42.47,No,Sí,Carnes,Sí,no completo,ihanna@example.net,Efectivo,4869,Alexander Goodwin
5986954186,49.0,Femenino,Chicago,Alto,4,52.58,Sí,Sí,Vegetariano,Sí,6526482220,philipstrickland@example.org,Tarjeta,5537,Karen Hardin
4254556460,79.0,Masculino,Chicago,Alto,5,56.02,Sí,No,Otro,Sí,769.421.4241,sydney85@example.net,App,5600,John Anderson
6843137425,33.0,Masculino,Chicago,Bajo,1,8.73,Sí,Sí,Mariscos,No,no completo,gonzalesstephanie@example.com,Tarjeta,1471,Derrick Collins
9573276057,23.0,Femenino,Chicago,Medio,4,6.04,No,Sí,Vegano,No,no completo,no completo,Tarjeta,2626,Lauren Mcdonald
9929387132,57.0,Femenino,Chicago,Alto,5,28.31,Sí,Sí,Vegano,Sí,no completo,no completo,Efectivo,5639,Jennifer Johnson
6082707337,19.0,Masculino,Chicago,Medio,3,12.38,Sí,Sí,Vegano,No,966.610.6968x85689,heatherguzman@example.org,Efectivo,2865,Harry Henry
4651911764,25.0,Femenino,Chicago,Bajo,1,5.8,Sí,Sí,Vegetariano,No,no completo,no completo,App,1395,Heather Scott
5653652250,70.0,Masculino,Chicago,Muy Alto,8,55.14,Sí,No,Carnes,Sí,no completo,no completo,App,11997,Daniel Elliott
8869123941,70.0,Masculino,Chicago,Alto,5,54.56,Sí,Sí,Carnes,Sí,no completo,pmueller@example.org,Criptomoneda,3511,Joseph Ware
3527258525,53.0,Femenino,Chicago,Medio,4,9.1,Sí,Sí,Mariscos,No,no completo,paulphillips@example.com,Efectivo,3324,Jessica West
8754350767,72.0,Masculino,Chicago,Bajo,3,6.84,No,No,Carnes,No,no completo,no completo,Tarjeta,875,Justin Sanford
1354289787,59.0,Masculino,Chicago,Alto,4,53.18,Sí,Sí,Mariscos,Sí,no completo,johncoleman@example.com,Efectivo,4990,Justin Middleton
5604055120,75.0,Femenino,Chicago,Muy Alto,7,38.55,Sí,No,Carnes,Sí,+1-746-282-1764,no completo,App,17846,Samantha Howard
8958564999,67.0,Masculino,Chicago,Alto,3,35.5,Sí,Sí,Pescado,Sí,no completo,no completo,Efectivo,8107,Gabriel Henson
1599464678,55.0,Masculino,Chicago,Alto,3,37.37,Sí,Sí,Carnes,Sí,+1-501-736-2103,no completo,App,7129,Omar Marsh
4649297119,66.0,Femenino,Chicago,Bajo,1,9.5,Sí,No,Vegetariano,No,515-798-1336x70372,zmurphy@example.net,Efectivo,903,Susan Klein
9934677282,76.0,Masculino,Chicago,Bajo,3,9.21,No,No,Carnes,No,no completo,karnold@example.com,Efectivo,1267,John Williams
3026897060,35.0,Femenino,Chicago,Medio,4,18.36,No,No,Vegano,No,no completo,camachobarbara@example.com,Efectivo,2665,Amanda Lewis
2554851828,64.0,Masculino,Chicago,Medio,3,13.43,No,Sí,Otro,Sí,no completo,carterisabel@example.net,Tarjeta,2124,Carl Jordan
9963991398,20.0,Masculino,Chicago,Alto,5,27.34,Sí,Sí,Vegetariano,Sí,633-659-1474x06926,carmen58@example.net,Efectivo,3817,Michael Johnson
7185179917,77.0,Masculino,Chicago,Bajo,2,6.3,No,No,Mariscos,No,no completo,no completo,Efectivo,1506,Keith Giles
8480530923,66.0,Femenino,Chicago,Bajo,3,6.49,Sí,No,Vegetariano,No,no completo,ritaedwards@example.com,Tarjeta,1370,Shannon Nelson
8865957665,24.0,Femenino,Chicago,Bajo,1,8.26,No,Sí,Vegetariano,No,+1-562-312-5063x56682,no completo,App,900,Brittney Webb
8594220487,19.0,Masculino,Chicago,Bajo,1,5.58,No,Sí,Vegano,No,no completo,no completo,App,1385,Douglas Martin
1483240056,47.0,Masculino,Chicago,Alto,5,49.01,No,No,Mariscos,No,no completo,no completo,Efectivo,7366,Anthony Murphy
8889964892,25.0,Femenino,Chicago,Muy Alto,7,28.1,Sí,Sí,Mariscos,Sí,422.799.8207x7005,hvalentine@example.org,App,15079,Ashley Frye
5633103603,29.0,Masculino,Chicago,Bajo,2,5.61,Sí,Sí,Carnes,No,001-692-946-0495,potterjulia@example.org,Efectivo,1431,Kevin Nelson
2684104567,24.0,Femenino,Chicago,Alto,4,26.39,No,Sí,Carnes,Sí,no completo,no completo,Tarjeta,8959,Tina Acevedo
1349227244,31.0,Masculino,Chicago,Medio,3,23.97,No,Sí,Pescado,No,no completo,no completo,Tarjeta,2864,Danny Oneill
5700774530,19.0,Masculino,Chicago,Muy Alto,3,27.5,Sí,Sí,Pescado,Sí,no completo,ericthornton@example.org,Tarjeta,10837,Jacob Golden
1417410239,26.0,Masculino,Chicago,Alto,4,55.56,No,Sí,Pescado,No,001-889-625-6637x83142,no completo,Criptomoneda,6885,Brandon Bailey
8531118333,62.0,Femenino,Chicago,Muy Alto,7,51.42,No,No,Vegetariano,Sí,+1-440-729-0756x4729,no completo,Tarjeta,12514,Jill Moore
4456193555,27.0,Masculino,Chicago,Alto,4,36.07,Sí,No,Vegano,Sí,(458)273-0008x2910,patrickturner@example.com,Tarjeta,5264,Jeffrey Koch
4078864180,53.0,Femenino,Chicago,Medio,2,7.72,No,Sí,Carnes,No,no completo,no completo,Efectivo,2336,Deborah Schroeder
8038719145,56.0,Femenino,Chicago,Medio,5,28.56,Sí,Sí,Pescado,No,no completo,sdavis@example.org,Efectivo,2172,Ashley Wood
4294684247,35.0,Masculino,Chicago,Medio,4,25.6,Sí,No,Vegano,No,no completo,no completo,App,1893,David Klein
7420945161,22.0,Masculino,Chicago,Alto,5,30.09,No,No,Pescado,No,(366)558-0494x2426,katrina19@example.net,App,6419,Mark Hopkins
9283085713,62.0,Femenino,Chicago,Alto,6,25.96,Sí,Sí,Carnes,Sí,001-258-589-6490x2802,no completo,Tarjeta,4436,Amy Jones
8466137093,23.0,Masculino,Chicago,Bajo,3,5.52,Sí,Sí,Vegetariano,No,(291)541-1331,no completo,Tarjeta,912,Cameron Johnson
8573798920,26.0,Femenino,Chicago,Alto,3,26.13,No,Sí,Carnes,Sí,+1-488-444-6808x678,no completo,Efectivo,7620,Jamie Gonzalez
7510701005,29.0,Femenino,Chicago,Alto,5,24.27,Sí,Sí,Carnes,Sí,no completo,no completo,Efectivo,4049,Melissa Powell
8251373202,53.0,Masculino,Chicago,Alto,6,35.0,No,No,Pescado,Sí,no completo,no completo,Tarjeta,6986,John Olson
3556329609,20.0,Femenino,Chicago,Muy Alto,5,50.64,No,Sí,Vegano,Sí,no completo,no completo,Efectivo,9164,Kendra Moss
9181014286,24.0,Femenino,Chicago,Muy Alto,3,22.3,Sí,Sí,Carnes,Sí,001-548-971-5029,no completo,App,15527,Jessica Lopez
3467506024,54.0,Femenino,Chicago,Alto,6,,No,No,Carnes,Sí,726.912.6550,no completo,Tarjeta,3859,Sharon Page
2993491419,46.0,Femenino,Chicago,Medio,3,24.2,No,Sí,Mariscos,No,no completo,wward@example.com,Tarjeta,2791,Colleen Collins
8373547961,63.0,Masculino,Chicago,Muy Alto,3,34.61,No,No,Vegano,Sí,265-351-5037x195,charlesrhodes@example.com,App,15921,Kevin Steele
8757585120,76.0,Femenino,Chicago,Medio,5,9.77,No,Sí,Carnes,No,no completo,joseph26@example.org,App,2960,Kimberly Stark
7251025592,80.0,Femenino,Chicago,Alto,5,24.34,No,No,Carnes,Sí,no completo,dennis95@example.org,App,6113,Sandra Beck
7380955073,61.0,Masculino,Chicago,Medio,3,9.04,Sí,Sí,Vegetariano,No,no completo,no completo,Efectivo,3352,James Wang
3206955437,35.0,Femenino,Chicago,Bajo,1,9.1,Sí,No,Vegetariano,No,no completo,peterscassandra@example.net,App,894,Erin Patterson
2477770938,23.0,Masculino,Chicago,Muy Alto,7,73.42,Sí,Sí,Otro,Sí,763-868-7926,michaelarellano@example.org,App,16979,Hayden Mayo
8864247524,27.0,Masculino,Chicago,Muy Alto,9,52.41,No,Sí,Pescado,Sí,001-403-492-8744,no completo,Tarjeta,11361,Todd Vargas
7818568548,80.0,Femenino,Chicago,Medio,2,11.24,Sí,Sí,Carnes,No,no completo,no completo,Tarjeta,2040,Amber Bryant
1160913827,24.0,Femenino,Chicago,Medio,3,19.48,Sí,Sí,Carnes,No,no completo,no completo,Efectivo,3020,Sherry Figueroa
2210637886,42.0,Femenino,Chicago,Alto,6,11.22,Sí,Sí,Carnes,Sí,no completo,andersongerald@example.com,App,7221,Kelli Finley
9723826842,70.0,Femenino,Chicago,Medio,4,13.76,Sí,Sí,Vegetariano,No,no completo,crystalcooper@example.net,Tarjeta,1790,Amber Castaneda
3579583244,56.0,Masculino,Chicago,Medio,2,29.65,Sí,Sí,Carnes,No,919.586.5599,floydvirginia@example.org,Efectivo,2486,John Mack
1809283659,22.0,Masculino,Chicago,Muy Alto,10,5.59,No,No,Vegetariano,Sí,576.228.2978,no completo,Tarjeta,10946,Christopher Wallace
2210565696,50.0,Femenino,Chicago,Muy Alto,9,77.23,No,No,Carnes,Sí,+1-788-625-0654x68269,no completo,Efectivo,10258,Tracy Little
2504540807,34.0,Masculino,Chicago,Alto,4,33.8,Sí,Sí,Carnes,No,(598)952-3371x4241,no completo,Efectivo,5183,David Larson
5927990650,60.0,Masculino,Chicago,Muy Alto,9,80.89,Sí,Sí,Vegetariano,Sí,no completo,michael20@example.net,Efectivo,9132,Jeffery Garcia
4580671460,75.0,Femenino,Chicago,Muy Alto,8,9.89,Sí,Sí,Carnes,Sí,no completo,lanetracy@example.com,App,14251,Martha Jordan
4242579642,51.0,Masculino,Chicago,Muy Alto,8,36.14,No,Sí,Otro,Sí,no completo,holtlawrence@example.com,Efectivo,9458,Mark Keller
3983456023,56.0,Femenino,Chicago,Muy Alto,7,80.56,Sí,No,Otro,Sí,no completo,huertarichard@example.org,Efectivo,12574,Kimberly Perez
9002512712,19.0,Masculino,Chicago,Alto,6,36.35,Sí,Sí,Carnes,Sí,001-696-839-6074x01989,no completo,Tarjeta,7653,Jacob Brown
7074707335,74.0,Femenino,Chicago,Medio,3,16.6,Sí,No,Carnes,No,(709)719-7891x577,no completo,Efectivo,2838,Jeanne Hunter
7647058121,28.0,Masculino,Chicago,Alto,6,43.57,No,No,Vegetariano,Sí,no completo,no completo,Tarjeta,4564,Robert Mathews
2650901331,76.0,Femenino,Chicago,Medio,4,15.17,No,Sí,Carnes,Sí,975-861-6445x67074,no completo,Tarjeta,3137,Barbara Brooks
8283104901,45.0,Femenino,Chicago,Medio,2,23.23,No,Sí,Pescado,Sí,001-711-767-7697x79994,no completo,App,1843,Amy Johnson
8218033876,61.0,Femenino,Chicago,Medio,4,16.71,No,Sí,Otro,No,no completo,reyeswilliam@example.com,Tarjeta,2619,Connie Rivera
9661361196,80.0,Masculino,Chicago,Muy Alto,8,30.01,Sí,Sí,Mariscos,Sí,no completo,no completo,Efectivo,13061,Casey Page
3964619803,28.0,Femenino,Chicago,Alto,6,34.94,No,Sí,Vegetariano,No,+1-710-243-7138x882,no completo,Criptomoneda,8178,Tracey Holland
4220365953,41.0,Masculino,Chicago,Medio,3,17.68,No,No,Carnes,No,424.820.1628x089,no completo,Efectivo,1931,Thomas Maxwell
9808411557,69.0,Femenino,Chicago,Medio,4,11.45,Sí,Sí,Pescado,No,no completo,hsnyder@example.org,App,3048,Sandra Torres
3222043334,70.0,Masculino,Chicago,Muy Alto,6,92.22,Sí,Sí,Carnes,Sí,001-237-651-2695x04467,scott60@example.com,Tarjeta,12397,Jason Jones
1983447031,66.0,Masculino,Chicago,Medio,2,9.65,No,No,Otro,No,+1-786-786-7083x4158,no completo,Tarjeta,2152,Mario Robinson
5744076853,18.0,Femenino,Chicago,Medio,3,9.68,Sí,No,Vegetariano,No,(220)850-7859x4992,donnacameron@example.org,Tarjeta,2793,Diane Lucas
3267547234,20.0,Masculino,Chicago,Medio,2,14.02,Sí,Sí,Otro,No,no completo,tracyreeves@example.org,Tarjeta,3144,Christopher Hodges
1832997778,50.0,Masculino,Chicago,Muy Alto,9,69.63,Sí,Sí,Vegetariano,Sí,no completo,rebecca88@example.org,Efectivo,13367,Daniel West
1126884405,77.0,Masculino,Chicago,Alto,6,40.29,Sí,No,Vegetariano,No,(953)284-3209,skim@example.com,Tarjeta,4658,Jerry Cox
7839819230,54.0,Masculino,Chicago,Muy Alto,9,20.88,No,No,Vegetariano,No,284-844-5636x934,no completo,Efectivo,13716,Brian Gilbert
4843660761,19.0,Masculino,Chicago,Muy Alto,7,76.11,No,Sí,Vegetariano,Sí,(214)283-5537x7122,karen96@example.net,App,17028,Jason Gonzalez
4975339279,72.0,Femenino,Chicago,Alto,4,11.68,No,Sí,Carnes,Sí,+1-912-974-3486x67041,katherine66@example.org,Efectivo,4742,Carolyn Nelson
4514830868,30.0,Femenino,Chicago,Alto,4,41.61,Sí,Sí,Carnes,Sí,no completo,folson@example.org,Efectivo,3774,Sherry Hampton
2277649215,30.0,Femenino,Chicago,Medio,5,14.65,Sí,Sí,Otro,No,001-360-236-0384x442,jlee@example.net,App,1831,Sarah Wyatt
6893167206,29.0,Femenino,Chicago,Bajo,1,6.33,Sí,Sí,Vegano,No,3342757648,patricia38@example.net,App,912,Terri Walters
2724208527,44.0,Masculino,Chicago,Muy Alto,7,41.33,No,Sí,Carnes,Sí,916.290.5931x5214,christian63@example.org,App,11010,Eric Morales
4959482779,37.0,Femenino,Chicago,Alto,4,31.66,No,Sí,Vegetariano,No,001-262-755-5172x992,no completo,Tarjeta,4727,Crystal Rollins
3631989114,46.0,Masculino,Chicago,Muy Alto,7,31.17,No,No,Mariscos,Sí,306-608-4403x9674,no completo,App,10928,Alejandro Kim
9678917545,74.0,Masculino,Chicago,Muy Alto,9,41.21,No,No,Pescado,Sí,no completo,melissasmith@example.net,Efectivo,16650,Miguel Williams
3577508675,36.0,Masculino,Chicago,Medio,3,25.61,No,Sí,Pescado,No,no completo,torresdavid@example.org,App,2623,Patrick Jordan
3761607938,32.0,Masculino,Chicago,Alto,5,56.89,No,Sí,Carnes,Sí,no completo,coliver@example.com,Tarjeta,5811,Brian Moore
1322344974,52.0,Masculino,Chicago,Medio,3,24.96,No,No,Pescado,No,no completo,no completo,Efectivo,3278,Dustin Taylor
2372798445,47.0,Femenino,Chicago,Alto,5,36.97,No,No,Carnes,Sí,+1-344-624-1868x99543,carrilloricky@example.net,Tarjeta,7924,Jennifer Nelson
9205885404,38.0,Masculino,Chicago,Medio,2,19.56,Sí,Sí,Vegetariano,No,no completo,no completo,Efectivo,2057,William Thomas
1701477759,61.0,Femenino,Chicago,Alto,5,23.25,No,No,Carnes,No,no completo,no completo,Tarjeta,7579,Crystal Rojas
7969674420,28.0,Masculino,Chicago,Bajo,2,7.79,No,Sí,Mariscos,No,no completo,no completo,Tarjeta,1156,Robert Sherman
5280312345,65.0,Masculino,Chicago,Medio,4,21.9,Sí,No,Vegetariano,No,+1-938-670-4739,no completo,Efectivo,2965,David Matthews
2630110128,74.0,Masculino,Chicago,Muy Alto,8,65.59,Sí,No,Mariscos,Sí,+1-851-316-8351x11702,michellewilliams@example.org,Efectivo,17219,Thomas Miller
9579359717,41.0,Femenino,Chicago,Alto,6,27.42,No,Sí,Mariscos,Sí,no completo,robin90@example.com,Tarjeta,4669,Latasha Mullins
8025153371,67.0,Masculino,Chicago,Medio,5,14.1,Sí,Sí,Carnes,No,757-998-1914,victor54@example.org,Tarjeta,2005,Derek Walsh
5590077509,55.0,Masculino,Chicago,Alto,6,18.71,Sí,Sí,Otro,Sí,+1-995-767-8876x8983,kevindunn@example.net,Efectivo,8476,Douglas Hopkins
6012067717,27.0,Femenino,Chicago,Medio,5,14.56,Sí,Sí,Otro,No,no completo,no completo,Efectivo,2786,Robin Pope
4870516577,76.0,Masculino,Chicago,Muy Alto,9,86.22,No,No,Vegetariano,Sí,(861)589-1148x090,no completo,App,14775,Steven Benitez
4482548488,60.0,Femenino,Chicago,Muy Alto,7,64.39,Sí,Sí,Vegetariano,Sí,no completo,richard82@example.com,Efectivo,11541,Julia Welch
8063812593,28.0,Masculino,Chicago,Medio,4,11.03,Sí,Sí,Pescado,No,6709289792,lindsayshah@example.org,Efectivo,1920,Donald Johnson
8106906538,47.0,Femenino,Chicago,Alto,4,11.23,No,Sí,Mariscos,Sí,no completo,no completo,Tarjeta,4862,Brenda Brown
3802822089,52.0,Femenino,Chicago,Alto,6,10.19,Sí,Sí,Pescado,No,(305)695-1082x9692,no completo,Efectivo,5092,Angela Arroyo
3316277000,69.0,Femenino,Chicago,Alto,6,27.17,No,Sí,Mariscos,No,001-271-741-4011x35675,ryanbeltran@example.org,Efectivo,3703,Elizabeth Pittman
8853079811,77.0,Femenino,Chicago,Bajo,1,6.18,Sí,No,Otro,No,(243)658-6543x11668,no completo,Tarjeta,1057,Tamara Griffin
4553644223,57.0,Femenino,Chicago,Bajo,1,6.96,No,Sí,Carnes,No,295.679.7926x321,no completo,Efectivo,1348,Tracey Flynn
